attempt_id,opportunity_id,window_id,window_kind,frame_index,from_mono_ms,to_mono_ms,render_interval_ms,overlap_ms,cpu_ms_delayed,gpu_ms_delayed,runtime_refresh_hz,unity_fixed_step_ms,physics_steps,presented_count_reported,dropped_count_reported
engineering-probe,engineering-probe,response,response,726,15615.3484,15630.083,14.7345999999998,14.4215999999997,14.5314,,72,19.9999921023846,1,,
engineering-probe,engineering-probe,response,response,727,15630.083,15643.9233,13.8402999999998,13.8402999999998,13.1722,,72,19.9999921023846,0,,
engineering-probe,engineering-probe,response,response,728,15643.9233,15657.8448,13.9214999999986,13.9214999999986,13.0865,,72,19.9999921023846,1,,
engineering-probe,engineering-probe,response,response,729,15657.8448,15671.5906,13.7458000000006,13.7458000000006,13.8333,,72,19.9999921023846,1,,
engineering-probe,engineering-probe,response,response,730,15671.5906,15684.7282,13.1376,13.1376,16.9852,,72,19.9999921023846,0,,
engineering-probe,engineering-probe,response,response,731,15684.7282,15698.9495,14.2212999999992,14.2212999999992,11.6257,,72,19.9999921023846,1,,
engineering-probe,engineering-probe,response,response,732,15698.9495,15712.7892,13.8397000000004,13.8397000000004,13.9731,,72,19.9999921023846,1,,
engineering-probe,engineering-probe,response,response,733,15712.7892,15726.6134,13.8242000000009,13.8242000000009,13.6841,,72,19.9999921023846,0,,
engineering-probe,engineering-probe,response,response,734,15726.6134,15741.5637,14.9503000000004,14.9503000000004,13.0892,,72,19.9999921023846,1,,
engineering-probe,engineering-probe,response,response,735,15741.5637,15754.1209,12.5571999999993,12.5571999999993,14.2777,,72,19.9999921023846,1,,
engineering-probe,engineering-probe,response,response,736,15754.1209,15768.1752,14.0542999999998,14.0542999999998,13.7952,,72,19.9999921023846,1,,
engineering-probe,engineering-probe,response,response,737,15768.1752,15782.8911,14.7159000000011,14.7159000000011,14.0056,,72,19.9999921023846,0,,
engineering-probe,engineering-probe,response,response,738,15782.8911,15796.5549,13.6638000000003,13.6638000000003,14.7769,,72,19.9999921023846,1,,
engineering-probe,engineering-probe,response,response,739,15796.5549,15809.7176,13.1626999999989,13.1626999999989,12.6113,,72,19.9999921023846,1,,
engineering-probe,engineering-probe,response,response,740,15809.7176,15824.3406,14.6229999999996,14.6229999999996,14.1715,,72,19.9999921023846,0,,
engineering-probe,engineering-probe,response,response,741,15824.3406,15837.5093,13.168700000002,13.168700000002,14.6381,,72,19.9999921023846,1,,
engineering-probe,engineering-probe,response,response,742,15837.5093,15851.5344,14.0250999999989,14.0250999999989,13.5985,,72,19.9999921023846,1,,
engineering-probe,engineering-probe,response,response,743,15851.5344,15866.024,14.489599999999,14.489599999999,13.2632,,72,19.9999921023846,0,,
engineering-probe,engineering-probe,response,response,744,15866.024,15879.865,13.8410000000003,13.8410000000003,14.582,,72,19.9999921023846,1,,
engineering-probe,engineering-probe,response,response,745,15879.865,15893.622,13.7570000000014,13.7570000000014,13.1473,,72,19.9999921023846,1,,
engineering-probe,engineering-probe,response,response,746,15893.622,15907.4944,13.8723999999984,13.8723999999984,14.3346,,72,19.9999921023846,1,,
engineering-probe,engineering-probe,response,response,747,15907.4944,15920.856,13.3616000000002,13.3616000000002,14.2161,,72,19.9999921023846,0,,
engineering-probe,engineering-probe,response,response,748,15920.856,15934.7272,13.8711999999996,13.8711999999996,13.8063,,72,19.9999921023846,1,,
engineering-probe,engineering-probe,response,response,749,15934.7272,15948.6743,13.9471000000012,13.9471000000012,13.887,,72,19.9999921023846,1,,
engineering-probe,engineering-probe,response,response,750,15948.6743,15963.4367,14.7623999999996,14.7623999999996,13.843,,72,19.9999921023846,0,,
engineering-probe,engineering-probe,response,response,751,15963.4367,15976.6056,13.1688999999988,13.1688999999988,13.1648,,72,19.9999921023846,1,,
engineering-probe,engineering-probe,response,response,752,15976.6056,15991.8215,15.2159000000011,15.2159000000011,13.9459,,72,19.9999921023846,1,,
engineering-probe,engineering-probe,response,response,753,15991.8215,16004.8135,12.9920000000002,12.9920000000002,13.9398,,72,19.9999921023846,0,,
engineering-probe,engineering-probe,response,response,754,16004.8135,16018.0616,13.2480999999989,13.2480999999989,15.0056,,72,19.9999921023846,1,,
engineering-probe,engineering-probe,response,response,755,16018.0616,16032.814,14.7523999999994,14.7523999999994,12.9817,,72,19.9999921023846,1,,
engineering-probe,engineering-probe,response,response,756,16032.814,16046.4423,13.6283000000003,13.6283000000003,15.3516,,72,19.9999921023846,0,,
engineering-probe,engineering-probe,response,response,757,16046.4423,16060.3066,13.8643000000011,13.8643000000011,12.8899,,72,19.9999921023846,1,,
engineering-probe,engineering-probe,response,response,758,16060.3066,16074.1432,13.8366000000024,13.8366000000024,13.099,,72,19.9999921023846,1,,
engineering-probe,engineering-probe,response,response,759,16074.1432,16087.7745,13.6312999999955,13.6312999999955,14.9408,,72,19.9999921023846,1,,
engineering-probe,engineering-probe,response,response,760,16087.7745,16102.4838,14.7093000000041,14.7093000000041,13.5528,,72,19.9999921023846,0,,
engineering-probe,engineering-probe,response,response,761,16102.4838,16116.1302,13.6463999999996,13.6463999999996,13.9298,,72,19.9999921023846,1,,
engineering-probe,engineering-probe,response,response,762,16116.1302,16129.2683,13.1380999999983,13.1380999999983,13.6525,,72,19.9999921023846,1,,
engineering-probe,engineering-probe,response,response,763,16129.2683,16143.5524,14.2841000000008,14.2841000000008,13.8443,,72,19.9999921023846,0,,
engineering-probe,engineering-probe,response,response,764,16143.5524,16157.8465,14.294100000001,14.294100000001,14.5566,,72,19.9999921023846,1,,
engineering-probe,engineering-probe,response,response,765,16157.8465,16171.0826,13.2360999999964,13.2360999999964,13.7037,,72,19.9999921023846,1,,
engineering-probe,engineering-probe,response,response,766,16171.0826,16185.5307,14.4481000000033,14.4481000000033,13.1613,,72,19.9999921023846,0,,
engineering-probe,engineering-probe,response,response,767,16185.5307,16198.6377,13.1069999999982,13.1069999999982,14.3074,,72,19.9999921023846,1,,
engineering-probe,engineering-probe,response,response,768,16198.6377,16212.4525,13.8148000000019,13.8148000000019,14.2464,,72,19.9999921023846,1,,
engineering-probe,engineering-probe,response,response,769,16212.4525,16227.0201,14.5676000000003,14.5676000000003,13.174,,72,19.9999921023846,0,,
engineering-probe,engineering-probe,response,response,770,16227.0201,16240.9162,13.8960999999999,13.8960999999999,14.502,,72,19.9999921023846,1,,
engineering-probe,engineering-probe,response,response,771,16240.9162,16254.9419,14.0256999999965,14.0256999999965,13.1606,,72,19.9999921023846,1,,
engineering-probe,engineering-probe,response,response,772,16254.9419,16268.4236,13.4817000000003,13.4817000000003,13.8404,,72,19.9999921023846,1,,
engineering-probe,engineering-probe,response,response,773,16268.4236,16282.6955,14.2719000000016,14.2719000000016,14.4956,,72,19.9999921023846,0,,
engineering-probe,engineering-probe,response,response,774,16282.6955,16296.4343,13.738800000001,13.738800000001,14.0078,,72,19.9999921023846,1,,
engineering-probe,engineering-probe,response,response,775,16296.4343,16310.5494,14.1150999999991,14.1150999999991,13.9926,,72,19.9999921023846,1,,
engineering-probe,engineering-probe,response,response,776,16310.5494,16323.83,13.2806000000019,13.2806000000019,13.4603,,72,19.9999921023846,0,,
engineering-probe,engineering-probe,response,response,777,16323.83,16338.239,14.4089999999997,14.4089999999997,14.1224,,72,19.9999921023846,1,,
engineering-probe,engineering-probe,response,response,778,16338.239,16351.5963,13.3572999999997,13.3572999999997,13.802,,72,19.9999921023846,1,,
engineering-probe,engineering-probe,response,response,779,16351.5963,16365.9081,14.3117999999977,14.3117999999977,14.0345,,72,19.9999921023846,0,,
engineering-probe,engineering-probe,response,response,780,16365.9081,16379.1553,13.2472000000016,13.2472000000016,13.4222,,72,19.9999921023846,1,,
engineering-probe,engineering-probe,response,response,781,16379.1553,16393.5945,14.4391999999989,14.4391999999989,14.5188,,72,19.9999921023846,1,,
engineering-probe,engineering-probe,response,response,782,16393.5945,16407.5762,13.9817000000003,13.9817000000003,13.2061,,72,19.9999921023846,1,,
engineering-probe,engineering-probe,response,response,783,16407.5762,16420.8068,13.2306000000026,13.2306000000026,14.2038,,72,19.9999921023846,0,,
engineering-probe,engineering-probe,response,response,784,16420.8068,16435.4776,14.6707999999962,14.6707999999962,13.3128,,72,19.9999921023846,1,,
engineering-probe,engineering-probe,response,response,785,16435.4776,16448.6402,13.1626000000033,13.1626000000033,14.5287,,72,19.9999921023846,1,,
engineering-probe,engineering-probe,response,response,786,16448.6402,16463.0797,14.4395000000004,14.4395000000004,13.9464,,72,19.9999921023846,0,,
engineering-probe,engineering-probe,response,response,787,16463.0797,16476.6304,13.5506999999998,13.5506999999998,13.1936,,72,19.9999921023846,1,,
engineering-probe,engineering-probe,response,response,788,16476.6304,16491.2433,14.6129000000001,14.6129000000001,14.7503,,72,19.9999921023846,1,,
engineering-probe,engineering-probe,response,response,789,16491.2433,16505.1549,13.9115999999995,13.9115999999995,13.0015,,72,19.9999921023846,0,,
engineering-probe,engineering-probe,response,response,790,16505.1549,16518.0666,12.9117000000006,12.9117000000006,14.4977,,72,19.9999921023846,1,,
engineering-probe,engineering-probe,response,response,791,16518.0666,16532.801,14.7343999999975,14.7343999999975,13.6579,,72,19.9999921023846,1,,
engineering-probe,engineering-probe,response,response,792,16532.801,16546.4847,13.6837000000014,13.6837000000014,14.642,,72,19.9999921023846,0,,
engineering-probe,engineering-probe,response,response,793,16546.4847,16559.6605,13.1757999999973,13.1757999999973,13.9708,,72,19.9999921023846,1,,
engineering-probe,engineering-probe,response,response,794,16559.6605,16574.1951,14.5346000000027,14.5346000000027,12.6748,,72,19.9999921023846,1,,
engineering-probe,engineering-probe,response,response,795,16574.1951,16588.2004,14.0053000000007,14.0053000000007,14.9498,,72,19.9999921023846,1,,
engineering-probe,engineering-probe,response,response,796,16588.2004,16601.4083,13.2078999999976,13.2078999999976,13.4692,,72,19.9999921023846,0,,
engineering-probe,engineering-probe,response,response,797,16601.4083,16615.2302,13.821899999999,13.821899999999,13.2199,,72,19.9999921023846,1,,
engineering-probe,engineering-probe,response,response,798,16615.2302,16630.688,15.4578000000001,15.4578000000001,14.6488,,72,19.9999921023846,1,,
engineering-probe,engineering-probe,response,response,799,16630.688,16643.2425,12.554500000002,12.554500000002,13.8388,,72,19.9999921023846,0,,
engineering-probe,engineering-probe,response,response,800,16643.2425,16657.841,14.5985000000001,14.5985000000001,13.2744,,72,19.9999921023846,1,,
engineering-probe,engineering-probe,response,response,801,16657.841,16670.7765,12.9354999999996,12.9354999999996,13.7618,,72,19.9999921023846,1,,
engineering-probe,engineering-probe,response,response,802,16670.7765,16685.5642,14.7877000000008,14.7877000000008,15.5255,,72,19.9999921023846,0,,
engineering-probe,engineering-probe,response,response,803,16685.5642,16699.2672,13.7030000000013,13.7030000000013,12.5568,,72,19.9999921023846,1,,
engineering-probe,engineering-probe,response,response,804,16699.2672,16713.2017,13.9344999999958,13.9344999999958,14.7093,,72,19.9999921023846,1,,
engineering-probe,engineering-probe,response,response,805,16713.2017,16727.3262,14.1245000000017,14.1245000000017,12.7501,,72,19.9999921023846,0,,
engineering-probe,engineering-probe,response,response,806,16727.3262,16740.1978,12.8716000000022,12.8716000000022,14.971,,72,19.9999921023846,1,,
engineering-probe,engineering-probe,response,response,807,16740.1978,16754.7838,14.5859999999957,14.5859999999957,13.62,,72,19.9999921023846,1,,
engineering-probe,engineering-probe,response,response,808,16754.7838,16769.4149,14.6311000000023,14.6311000000023,13.8976,,72,19.9999921023846,1,,
engineering-probe,engineering-probe,response,response,809,16769.4149,16782.0374,12.6225000000013,12.6225000000013,14.136,,72,19.9999921023846,0,,
engineering-probe,engineering-probe,response,response,810,16782.0374,16795.8612,13.8237999999983,13.8237999999983,12.8435,,72,19.9999921023846,1,,
engineering-probe,engineering-probe,response,response,811,16795.8612,16809.8156,13.9544000000024,13.9544000000024,14.5322,,72,19.9999921023846,1,,
engineering-probe,engineering-probe,response,response,812,16809.8156,16824.3347,14.5191000000013,14.5191000000013,14.841,,72,19.9999921023846,0,,
engineering-probe,engineering-probe,response,response,813,16824.3347,16837.7082,13.3734999999979,13.3734999999979,12.477,,72,19.9999921023846,1,,
engineering-probe,engineering-probe,response,response,814,16837.7082,16852.1305,14.422300000002,14.422300000002,13.8446,,72,19.9999921023846,1,,
engineering-probe,engineering-probe,response,response,815,16852.1305,16865.579,13.4484999999986,13.4484999999986,13.9212,,72,19.9999921023846,0,,
engineering-probe,engineering-probe,response,response,816,16865.579,16879.9637,14.3846999999987,14.3846999999987,14.4687,,72,19.9999921023846,1,,
engineering-probe,engineering-probe,response,response,817,16879.9637,16893.2219,13.2582000000002,13.2582000000002,13.6005,,72,19.9999921023846,1,,
engineering-probe,engineering-probe,response,response,818,16893.2219,16908.0521,14.8302000000003,14.8302000000003,14.2208,,72,19.9999921023846,1,,
engineering-probe,engineering-probe,response,response,819,16908.0521,16921.8684,13.8162999999986,13.8162999999986,13.6228,,72,19.9999921023846,0,,
engineering-probe,engineering-probe,response,response,820,16921.8684,16935.0134,13.1450000000004,13.1450000000004,14.2436,,72,19.9999921023846,1,,
engineering-probe,engineering-probe,response,response,821,16935.0134,16948.6288,13.6154000000024,13.6154000000024,13.3038,,72,19.9999921023846,1,,
engineering-probe,engineering-probe,response,response,822,16948.6288,16962.443,13.8141999999971,13.8141999999971,14.9139,,72,19.9999921023846,0,,
engineering-probe,engineering-probe,response,response,823,16962.443,16976.5462,14.1032000000014,14.1032000000014,13.6558,,72,19.9999921023846,1,,
engineering-probe,engineering-probe,response,response,824,16976.5462,16991.5106,14.9644000000008,14.9644000000008,13.2289,,72,19.9999921023846,1,,
engineering-probe,engineering-probe,response,response,825,16991.5106,17004.3013,12.7907000000014,12.7907000000014,13.6493,,72,19.9999921023846,0,,
engineering-probe,engineering-probe,response,response,826,17004.3013,17018.0165,13.7151999999987,13.7151999999987,13.6968,,72,19.9999921023846,1,,
engineering-probe,engineering-probe,response,response,827,17018.0165,17032.7087,14.6921999999977,14.6921999999977,14.1361,,72,19.9999921023846,1,,
engineering-probe,engineering-probe,response,response,828,17032.7087,17046.255,13.5462999999982,13.5462999999982,14.9144,,72,19.9999921023846,0,,
engineering-probe,engineering-probe,response,response,829,17046.255,17060.3941,14.139100000004,14.139100000004,12.8238,,72,19.9999921023846,1,,
engineering-probe,engineering-probe,response,response,830,17060.3941,17074.0941,13.6999999999971,13.6999999999971,13.7213,,72,19.9999921023846,1,,
engineering-probe,engineering-probe,response,response,831,17074.0941,17087.485,13.3909000000021,13.3909000000021,14.7502,,72,19.9999921023846,1,,
engineering-probe,engineering-probe,response,response,832,17087.485,17102.1216,14.636599999998,14.636599999998,13.4747,,72,19.9999921023846,0,,
engineering-probe,engineering-probe,response,response,833,17102.1216,17116.0407,13.9190999999992,13.9190999999992,14.1692,,72,19.9999921023846,1,,
engineering-probe,engineering-probe,response,response,834,17116.0407,17130.1436,14.1029000000017,14.1029000000017,13.7912,,72,19.9999921023846,1,,
engineering-probe,engineering-probe,response,response,835,17130.1436,17143.1714,13.0277999999998,13.0277999999998,13.2432,,72,19.9999921023846,0,,
engineering-probe,engineering-probe,response,response,836,17143.1714,17156.942,13.7705999999998,13.7705999999998,14.8059,,72,19.9999921023846,1,,
engineering-probe,engineering-probe,response,response,837,17156.942,17171.5271,14.5851000000002,14.5851000000002,13.7639,,72,19.9999921023846,1,,
engineering-probe,engineering-probe,response,response,838,17171.5271,17184.7632,13.2360999999983,13.2360999999983,14.1488,,72,19.9999921023846,0,,
engineering-probe,engineering-probe,response,response,839,17184.7632,17198.8183,14.0551000000014,14.0551000000014,13.1424,,72,19.9999921023846,1,,
engineering-probe,engineering-probe,response,response,840,17198.8183,17212.451,13.6327000000019,13.6327000000019,13.6516,,72,19.9999921023846,1,,
engineering-probe,engineering-probe,response,response,841,17212.451,17226.4198,13.9687999999987,13.9687999999987,14.5218,,72,19.9999921023846,0,,
engineering-probe,engineering-probe,response,response,842,17226.4198,17241.0719,14.652100000003,14.652100000003,13.2799,,72,19.9999921023846,1,,
engineering-probe,engineering-probe,response,response,843,17241.0719,17254.1573,13.0853999999963,13.0853999999963,14.0094,,72,19.9999921023846,1,,
engineering-probe,engineering-probe,response,response,844,17254.1573,17268.6633,14.5060000000012,14.5060000000012,13.8655,,72,19.9999921023846,1,,
engineering-probe,engineering-probe,response,response,845,17268.6633,17282.0698,13.4064999999973,13.4064999999973,13.7283,,72,19.9999921023846,0,,
engineering-probe,engineering-probe,response,response,846,17282.0698,17295.7588,13.6890000000058,13.6890000000058,14.7561,,72,19.9999921023846,1,,
engineering-probe,engineering-probe,response,response,847,17295.7588,17310.2936,14.5347999999976,14.5347999999976,12.9934,,72,19.9999921023846,1,,
engineering-probe,engineering-probe,response,response,848,17310.2936,17324.9296,14.6359999999986,14.6359999999986,14.68,,72,19.9999921023846,0,,
engineering-probe,engineering-probe,response,response,849,17324.9296,17337.5136,12.5840000000026,12.5840000000026,13.4034,,72,19.9999921023846,1,,
engineering-probe,engineering-probe,response,response,850,17337.5136,17351.6051,14.0914999999986,14.0914999999986,13.5801,,72,19.9999921023846,1,,
engineering-probe,engineering-probe,response,response,851,17351.6051,17366.0432,14.4380999999994,14.4380999999994,15.5809,,72,19.9999921023846,0,,
engineering-probe,engineering-probe,response,response,852,17366.0432,17379.6268,13.5836000000018,13.5836000000018,13.8088,,72,19.9999921023846,1,,
engineering-probe,engineering-probe,response,response,853,17379.6268,17393.6327,14.0059000000001,14.0059000000001,12.3617,,72,19.9999921023846,1,,
engineering-probe,engineering-probe,response,response,854,17393.6327,17407.5332,13.9004999999961,13.9004999999961,14.0376,,72,19.9999921023846,1,,
engineering-probe,engineering-probe,response,response,855,17407.5332,17421.469,13.9357999999993,13.9357999999993,14.6024,,72,19.9999921023846,0,,
engineering-probe,engineering-probe,response,response,856,17421.469,17436.4582,14.9892000000036,14.9892000000036,13.3923,,72,19.9999921023846,1,,
engineering-probe,engineering-probe,response,response,857,17436.4582,17448.7083,12.2500999999975,12.2500999999975,14.1782,,72,19.9999921023846,1,,
engineering-probe,engineering-probe,response,response,858,17448.7083,17463.274,14.5656999999992,14.5656999999992,13.925,,72,19.9999921023846,0,,
engineering-probe,engineering-probe,response,response,859,17463.274,17476.4193,13.1453000000038,13.1453000000038,13.7792,,72,19.9999921023846,1,,
engineering-probe,engineering-probe,response,response,860,17476.4193,17490.4082,13.9889000000003,13.9889000000003,15.1717,,72,19.9999921023846,1,,
engineering-probe,engineering-probe,response,response,861,17490.4082,17504.2077,13.7994999999974,13.7994999999974,12.0645,,72,19.9999921023846,0,,
engineering-probe,engineering-probe,response,response,862,17504.2077,17518.0637,13.8559999999998,13.8559999999998,14.7298,,72,19.9999921023846,1,,
engineering-probe,engineering-probe,response,response,863,17518.0637,17532.7069,14.6432000000023,14.6432000000023,12.9547,,72,19.9999921023846,1,,
engineering-probe,engineering-probe,response,response,864,17532.7069,17545.7864,13.0794999999998,13.0794999999998,14.0498,,72,19.9999921023846,0,,
engineering-probe,engineering-probe,response,response,865,17545.7864,17559.8852,14.0987999999998,14.0987999999998,14.0376,,72,19.9999921023846,1,,
engineering-probe,engineering-probe,response,response,866,17559.8852,17574.3034,14.4182000000001,14.4182000000001,13.627,,72,19.9999921023846,1,,
engineering-probe,engineering-probe,response,response,867,17574.3034,17587.5982,13.2947999999997,13.2947999999997,14.7063,,72,19.9999921023846,1,,
engineering-probe,engineering-probe,response,response,868,17587.5982,17603.3509,15.7526999999973,15.7526999999973,13.0052,,72,19.9999921023846,0,,
engineering-probe,engineering-probe,response,response,869,17603.3509,17615.1872,11.8363000000027,11.8363000000027,14.0862,,72,19.9999921023846,1,,
engineering-probe,engineering-probe,response,response,870,17615.1872,17629.4588,14.2715999999964,14.2715999999964,14.5785,,72,19.9999921023846,1,,
engineering-probe,engineering-probe,response,response,871,17629.4588,17642.971,13.512200000001,13.512200000001,13.0944,,72,19.9999921023846,0,,
engineering-probe,engineering-probe,response,response,872,17642.971,17657.0375,14.0665000000045,14.0665000000045,15.9999,,72,19.9999921023846,1,,
engineering-probe,engineering-probe,response,response,873,17657.0375,17672.0868,15.0492999999951,15.0492999999951,11.997,,72,19.9999921023846,1,,
engineering-probe,engineering-probe,response,response,874,17672.0868,17685.2221,13.1353000000017,13.1353000000017,13.931,,72,19.9999921023846,0,,
engineering-probe,engineering-probe,response,response,875,17685.2221,17698.8085,13.5864000000001,13.5864000000001,13.6278,,72,19.9999921023846,1,,
engineering-probe,engineering-probe,response,response,876,17698.8085,17712.99,14.1815000000024,14.1815000000024,13.9634,,72,19.9999921023846,1,,
engineering-probe,engineering-probe,response,response,877,17712.99,17727.0211,14.0311000000002,14.0311000000002,15.2039,,72,19.9999921023846,0,,
engineering-probe,engineering-probe,response,response,878,17727.0211,17741.4613,14.4402000000009,14.4402000000009,12.891,,72,19.9999921023846,1,,
engineering-probe,engineering-probe,response,response,879,17741.4613,17754.0914,12.6300999999985,12.6300999999985,13.6517,,72,19.9999921023846,1,,
engineering-probe,engineering-probe,response,response,880,17754.0914,17768.7217,14.6303000000007,14.6303000000007,14.1314,,72,19.9999921023846,1,,
engineering-probe,engineering-probe,response,response,881,17768.7217,17782.0422,13.320499999998,13.320499999998,14.1965,,72,19.9999921023846,0,,
engineering-probe,engineering-probe,response,response,882,17782.0422,17796.2556,14.2133999999969,14.2133999999969,14.4321,,72,19.9999921023846,1,,
engineering-probe,engineering-probe,response,response,883,17796.2556,17809.82,13.5644000000029,13.5644000000029,12.5135,,72,19.9999921023846,1,,
engineering-probe,engineering-probe,response,response,884,17809.82,17824.2287,14.4087,14.4087,14.7563,,72,19.9999921023846,0,,
engineering-probe,engineering-probe,response,response,885,17824.2287,17838.2266,13.9978999999985,13.9978999999985,13.2294,,72,19.9999921023846,1,,
engineering-probe,engineering-probe,response,response,886,17838.2266,17851.582,13.355400000004,13.355400000004,14.1893,,72,19.9999921023846,1,,
engineering-probe,engineering-probe,response,response,887,17851.582,17865.3993,13.8172999999988,13.8172999999988,13.6736,,72,19.9999921023846,0,,
engineering-probe,engineering-probe,response,response,888,17865.3993,17879.5709,14.1716000000015,14.1716000000015,14.2331,,72,19.9999921023846,1,,
engineering-probe,engineering-probe,response,response,889,17879.5709,17893.7469,14.1759999999958,14.1759999999958,14.0929,,72,19.9999921023846,1,,
engineering-probe,engineering-probe,response,response,890,17893.7469,17907.7646,14.0177000000003,14.0177000000003,13.283,,72,19.9999921023846,1,,
engineering-probe,engineering-probe,response,response,891,17907.7646,17920.9094,13.1448000000019,13.1448000000019,13.8538,,72,19.9999921023846,0,,
engineering-probe,engineering-probe,response,response,892,17920.9094,17934.8713,13.9619000000021,13.9619000000021,14.1782,,72,19.9999921023846,1,,
engineering-probe,engineering-probe,response,response,893,17934.8713,17949.5063,14.6349999999984,14.6349999999984,14.2523,,72,19.9999921023846,1,,
engineering-probe,engineering-probe,response,response,894,17949.5063,17962.881,13.3747000000003,13.3747000000003,13.9566,,72,19.9999921023846,0,,
engineering-probe,engineering-probe,response,response,895,17962.881,17977.2788,14.3977999999988,14.3977999999988,13.1021,,72,19.9999921023846,1,,
engineering-probe,engineering-probe,response,response,896,17977.2788,17991.0134,13.7345999999998,13.7345999999998,13.9933,,72,19.9999921023846,1,,
engineering-probe,engineering-probe,response,response,897,17991.0134,18004.6887,13.675299999999,13.675299999999,14.7139,,72,19.9999921023846,0,,
engineering-probe,engineering-probe,response,response,898,18004.6887,18018.2783,13.5895999999993,13.5895999999993,13.2922,,72,19.9999921023846,1,,
engineering-probe,engineering-probe,response,response,899,18018.2783,18032.8991,14.6208000000042,14.6208000000042,14.3359,,72,19.9999921023846,1,,
engineering-probe,engineering-probe,response,response,900,18032.8991,18045.8562,12.957099999996,12.957099999996,13.9834,,72,19.9999921023846,0,,
engineering-probe,engineering-probe,response,response,901,18045.8562,18060.7469,14.8907000000036,14.8907000000036,13.4311,,72,19.9999921023846,1,,
engineering-probe,engineering-probe,response,response,902,18060.7469,18074.3475,13.6005999999979,13.6005999999979,13.6585,,72,19.9999921023846,1,,
engineering-probe,engineering-probe,response,response,903,18074.3475,18088.2208,13.8732999999993,13.8732999999993,14.7574,,72,19.9999921023846,1,,
engineering-probe,engineering-probe,response,response,904,18088.2208,18102.1013,13.8805000000029,13.8805000000029,12.7547,,72,19.9999921023846,0,,
engineering-probe,engineering-probe,response,response,905,18102.1013,18115.2495,13.1481999999996,13.1481999999996,14.9748,,72,19.9999921023846,1,,
engineering-probe,engineering-probe,response,response,906,18115.2495,18129.8752,14.6257000000005,14.6257000000005,13.7203,,72,19.9999921023846,1,,
engineering-probe,engineering-probe,response,response,907,18129.8752,18143.1091,13.2338999999993,13.2338999999993,13.7855,,72,19.9999921023846,0,,
engineering-probe,engineering-probe,response,response,908,18143.1091,18157.7198,14.6106999999975,14.6106999999975,13.9354,,72,19.9999921023846,1,,
engineering-probe,engineering-probe,response,response,909,18157.7198,18170.883,13.1632000000027,13.1632000000027,13.0135,,72,19.9999921023846,1,,
engineering-probe,engineering-probe,response,response,910,18170.883,18185.624,14.7409999999982,14.7409999999982,14.595,,72,19.9999921023846,0,,
engineering-probe,engineering-probe,response,response,911,18185.624,18198.5828,12.9588000000003,12.9588000000003,13.2682,,72,19.9999921023846,1,,
engineering-probe,engineering-probe,response,response,912,18198.5828,18212.5781,13.9953000000023,13.9953000000023,14.6272,,72,19.9999921023846,1,,
engineering-probe,engineering-probe,response,response,913,18212.5781,18226.7725,14.1943999999967,14.1943999999967,13.1594,,72,19.9999921023846,0,,
engineering-probe,engineering-probe,response,response,914,18226.7725,18241.466,14.6935000000012,14.6935000000012,14.7083,,72,19.9999921023846,1,,
engineering-probe,engineering-probe,response,response,915,18241.466,18254.1914,12.7253999999994,12.7253999999994,13.0163,,72,19.9999921023846,1,,
engineering-probe,engineering-probe,response,response,916,18254.1914,18268.4622,14.2707999999984,14.2707999999984,13.9642,,72,19.9999921023846,1,,
engineering-probe,engineering-probe,response,response,917,18268.4622,18282.4821,14.019900000003,14.019900000003,14.3136,,72,19.9999921023846,0,,
engineering-probe,engineering-probe,response,response,918,18282.4821,18296.2794,13.7972999999984,13.7972999999984,14.5476,,72,19.9999921023846,1,,
engineering-probe,engineering-probe,response,response,919,18296.2794,18310.4827,14.203300000001,14.203300000001,12.7463,,72,19.9999921023846,1,,
engineering-probe,engineering-probe,response,response,920,18310.4827,18323.6978,13.2151000000013,13.2151000000013,14.3412,,72,19.9999921023846,0,,
engineering-probe,engineering-probe,response,response,921,18323.6978,18337.6433,13.945499999998,13.945499999998,13.9807,,72,19.9999921023846,1,,
engineering-probe,engineering-probe,response,response,922,18337.6433,18351.6319,13.9886000000006,13.9886000000006,13.7284,,72,19.9999921023846,1,,
engineering-probe,engineering-probe,response,response,923,18351.6319,18365.7342,14.1022999999986,14.1022999999986,14.5306,,72,19.9999921023846,0,,
engineering-probe,engineering-probe,response,response,924,18365.7342,18380.3353,14.6010999999999,14.6010999999999,13.0809,,72,19.9999921023846,1,,
engineering-probe,engineering-probe,response,response,925,18380.3353,18393.7142,13.3789000000033,13.3789000000033,13.7524,,72,19.9999921023846,1,,
engineering-probe,engineering-probe,response,response,926,18393.7142,18407.803,14.0887999999977,14.0887999999977,14.0723,,72,19.9999921023846,1,,
engineering-probe,engineering-probe,response,response,927,18407.803,18421.4172,13.6142,13.6142,14.0091,,72,19.9999921023846,0,,
engineering-probe,engineering-probe,response,response,928,18421.4172,18434.91,13.4928,13.4928,14.6705,,72,19.9999921023846,1,,
engineering-probe,engineering-probe,response,response,929,18434.91,18448.8662,13.9562000000005,13.9562000000005,13.3679,,72,19.9999921023846,1,,
engineering-probe,engineering-probe,response,response,930,18448.8662,18462.6399,13.7736999999979,13.7736999999979,14.0711,,72,19.9999921023846,0,,
engineering-probe,engineering-probe,response,response,931,18462.6399,18476.4941,13.8542000000016,13.8542000000016,13.6292,,72,19.9999921023846,1,,
engineering-probe,engineering-probe,response,response,932,18476.4941,18490.5993,14.1051999999981,14.1051999999981,13.4963,,72,19.9999921023846,1,,
engineering-probe,engineering-probe,response,response,933,18490.5993,18504.191,13.5917000000009,13.5917000000009,13.917,,72,19.9999921023846,0,,
engineering-probe,engineering-probe,response,response,934,18504.191,18520.7271,16.5361000000012,16.5361000000012,13.8088,,72,19.9999921023846,1,,
engineering-probe,engineering-probe,response,response,935,18520.7271,18532.0239,11.2968000000001,11.2968000000001,13.8493,,72,19.9999921023846,1,,
engineering-probe,engineering-probe,response,response,936,18532.0239,18546.0716,14.0477000000028,14.0477000000028,14.0679,,72,19.9999921023846,0,,
engineering-probe,engineering-probe,response,response,937,18546.0716,18560.1184,14.0467999999964,14.0467999999964,13.6405,,72,19.9999921023846,1,,
engineering-probe,engineering-probe,response,response,938,18560.1184,18575.8731,15.7547000000013,15.7547000000013,16.5722,,72,19.9999921023846,1,,
engineering-probe,engineering-probe,response,response,939,18575.8731,18588.0328,12.1597000000002,12.1597000000002,11.2659,,72,19.9999921023846,1,,
engineering-probe,engineering-probe,response,response,940,18588.0328,18601.4083,13.3754999999983,13.3754999999983,14.9629,,72,19.9999921023846,0,,
engineering-probe,engineering-probe,response,response,941,18601.4083,18615.7945,14.3862000000008,14.3862000000008,13.0808,,72,19.9999921023846,1,,
engineering-probe,engineering-probe,response,response,942,18615.7945,18629.6741,13.8796000000002,13.8796000000002,15.8479,,72,19.9999921023846,1,,
engineering-probe,engineering-probe,response,response,943,18629.6741,18643.7501,14.0759999999973,14.0759999999973,12.06,,72,19.9999921023846,0,,
engineering-probe,engineering-probe,response,response,944,18643.7501,18657.841,14.0909000000029,14.0909000000029,13.4171,,72,19.9999921023846,1,,
engineering-probe,engineering-probe,response,response,945,18657.841,18670.9231,13.0820999999996,13.0820999999996,14.3421,,72,19.9999921023846,1,,
engineering-probe,engineering-probe,response,response,946,18670.9231,18684.864,13.9409000000014,13.9409000000014,14.0008,,72,19.9999921023846,0,,
engineering-probe,engineering-probe,response,response,947,18684.864,18699.2653,14.4012999999977,14.4012999999977,14.0408,,72,19.9999921023846,1,,
engineering-probe,engineering-probe,response,response,948,18699.2653,18713.3599,14.0946000000004,14.0946000000004,14.1,,72,19.9999921023846,1,,
engineering-probe,engineering-probe,response,response,949,18713.3599,18727.4811,14.1211999999978,14.1211999999978,12.9903,,72,19.9999921023846,0,,
engineering-probe,engineering-probe,response,response,950,18727.4811,18740.9852,13.5041000000019,13.5041000000019,13.9926,,72,19.9999921023846,1,,
engineering-probe,engineering-probe,response,response,951,18740.9852,18754.5153,13.5301000000036,13.5301000000036,14.4529,,72,19.9999921023846,1,,
engineering-probe,engineering-probe,response,response,952,18754.5153,18768.9417,14.4263999999966,14.4263999999966,14.0211,,72,19.9999921023846,1,,
engineering-probe,engineering-probe,response,response,953,18768.9417,18782.289,13.3472999999976,13.3472999999976,14.177,,72,19.9999921023846,0,,
engineering-probe,engineering-probe,response,response,954,18782.289,18796.1673,13.8783000000039,13.8783000000039,13.5397,,72,19.9999921023846,1,,
engineering-probe,engineering-probe,response,response,955,18796.1673,18810.5161,14.3487999999998,14.3487999999998,13.4205,,72,19.9999921023846,1,,
engineering-probe,engineering-probe,response,response,956,18810.5161,18824.0025,13.486399999998,13.486399999998,14.4999,,72,19.9999921023846,0,,
engineering-probe,engineering-probe,response,response,957,18824.0025,18838.5814,14.5789000000004,14.5789000000004,13.2676,,72,19.9999921023846,1,,
engineering-probe,engineering-probe,response,response,958,18838.5814,18855.3278,16.7464000000036,16.7464000000036,14.0244,,72,19.9999921023846,1,,
engineering-probe,engineering-probe,response,response,959,18855.3278,18866.2349,10.9070999999967,10.9070999999967,14.2223,,72,19.9999921023846,0,,
engineering-probe,engineering-probe,response,response,960,18866.2349,18879.8746,13.6396999999997,13.6396999999997,13.5663,,72,19.9999921023846,1,,
engineering-probe,engineering-probe,response,response,961,18879.8746,18893.5401,13.6654999999992,13.6654999999992,14.5808,,72,19.9999921023846,1,,
engineering-probe,engineering-probe,response,response,962,18893.5401,18907.4689,13.9288000000015,13.9288000000015,16.7255,,72,19.9999921023846,1,,
engineering-probe,engineering-probe,response,response,963,18907.4689,18920.9909,13.5220000000008,13.5220000000008,10.9143,,72,19.9999921023846,0,,
engineering-probe,engineering-probe,response,response,964,18920.9909,18934.8867,13.8957999999984,13.8957999999984,13.5729,,72,19.9999921023846,1,,
engineering-probe,engineering-probe,response,response,965,18934.8867,18948.7885,13.9017999999996,13.9017999999996,13.7234,,72,19.9999921023846,1,,
engineering-probe,engineering-probe,response,response,966,18948.7885,18962.6374,13.8489000000009,13.8489000000009,14.1017,,72,19.9999921023846,0,,
engineering-probe,engineering-probe,response,response,967,18962.6374,18976.5635,13.9261000000006,13.9261000000006,14.3716,,72,19.9999921023846,1,,
engineering-probe,engineering-probe,response,response,968,18976.5635,18990.4606,13.8970999999983,13.8970999999983,12.885,,72,19.9999921023846,1,,
engineering-probe,engineering-probe,response,response,969,18990.4606,19005.1651,14.7044999999998,14.7044999999998,13.8259,,72,19.9999921023846,0,,
engineering-probe,engineering-probe,response,response,970,19005.1651,19018.3685,13.2034000000021,13.2034000000021,13.9277,,72,19.9999921023846,1,,
engineering-probe,engineering-probe,response,response,971,19018.3685,19034.843,16.4744999999966,16.4744999999966,13.8435,,72,19.9999921023846,1,,
engineering-probe,engineering-probe,response,response,972,19034.843,19046.7524,11.9094000000005,11.9094000000005,14.11,,72,19.9999921023846,0,,
engineering-probe,engineering-probe,response,response,973,19046.7524,19062.3125,15.5601000000024,15.5601000000024,14.6288,,72,19.9999921023846,1,,
engineering-probe,engineering-probe,response,response,974,19062.3125,19074.8485,12.5360000000001,12.5360000000001,13.0903,,72,19.9999921023846,1,,
engineering-probe,engineering-probe,response,response,975,19074.8485,19088.2147,13.3662000000004,13.3662000000004,16.69,,72,19.9999921023846,1,,
engineering-probe,engineering-probe,response,response,976,19088.2147,19103.5833,15.3686000000016,15.3686000000016,11.6872,,72,19.9999921023846,0,,
engineering-probe,engineering-probe,response,response,977,19103.5833,19116.0913,12.507999999998,12.507999999998,15.7171,,72,19.9999921023846,1,,
engineering-probe,engineering-probe,response,response,978,19116.0913,19129.8137,13.7223999999987,13.7223999999987,12.472,,72,19.9999921023846,1,,
engineering-probe,engineering-probe,response,response,979,19129.8137,19143.7687,13.9550000000017,13.9550000000017,13.2625,,72,19.9999921023846,0,,
engineering-probe,engineering-probe,response,response,980,19143.7687,19157.0048,13.2360999999983,13.2360999999983,15.5406,,72,19.9999921023846,1,,
engineering-probe,engineering-probe,response,response,981,19157.0048,19171.6966,14.6918000000005,14.6918000000005,12.337,,72,19.9999921023846,1,,
engineering-probe,engineering-probe,response,response,982,19171.6966,19185.1302,13.4336000000003,13.4336000000003,13.7995,,72,19.9999921023846,0,,
engineering-probe,engineering-probe,response,response,983,19185.1302,19201.3765,16.2462999999989,16.2462999999989,14.0198,,72,19.9999921023846,1,,
engineering-probe,engineering-probe,response,response,984,19201.3765,19213.1898,11.8133000000016,11.8133000000016,13.0673,,72,19.9999921023846,1,,
engineering-probe,engineering-probe,response,response,985,19213.1898,19228.2185,15.0286999999989,15.0286999999989,14.7449,,72,19.9999921023846,0,,
engineering-probe,engineering-probe,response,response,986,19228.2185,19241.0852,12.8667000000023,12.8667000000023,13.4354,,72,19.9999921023846,1,,
engineering-probe,engineering-probe,response,response,987,19241.0852,19254.9896,13.9043999999958,13.9043999999958,16.2814,,72,19.9999921023846,1,,
engineering-probe,engineering-probe,response,response,988,19254.9896,19268.7998,13.8102000000035,13.8102000000035,11.7587,,72,19.9999921023846,1,,
engineering-probe,engineering-probe,response,response,989,19268.7998,19282.7297,13.9298999999992,13.9298999999992,15.0901,,72,19.9999921023846,0,,
engineering-probe,engineering-probe,response,response,990,19282.7297,19296.2597,13.5299999999988,13.5299999999988,12.9709,,72,19.9999921023846,1,,
engineering-probe,engineering-probe,response,response,991,19296.2597,19310.8562,14.5964999999997,14.5964999999997,13.7822,,72,19.9999921023846,1,,
engineering-probe,engineering-probe,response,response,992,19310.8562,19323.6855,12.8293000000012,12.8293000000012,13.8562,,72,19.9999921023846,0,,
engineering-probe,engineering-probe,response,response,993,19323.6855,19337.6294,13.943900000002,13.943900000002,14.0164,,72,19.9999921023846,1,,
engineering-probe,engineering-probe,response,response,994,19337.6294,19351.857,14.2275999999983,14.2275999999983,13.3297,,72,19.9999921023846,1,,
engineering-probe,engineering-probe,response,response,995,19351.857,19365.9774,14.1203999999998,14.1203999999998,14.7781,,72,19.9999921023846,0,,
engineering-probe,engineering-probe,response,response,996,19365.9774,19379.1596,13.1822000000029,13.1822000000029,12.6437,,72,19.9999921023846,1,,
engineering-probe,engineering-probe,response,response,997,19379.1596,19393.1258,13.9661999999989,13.9661999999989,14.0244,,72,19.9999921023846,1,,
engineering-probe,engineering-probe,response,response,998,19393.1258,19407.6343,14.5084999999999,14.5084999999999,14.1608,,72,19.9999921023846,1,,
engineering-probe,engineering-probe,response,response,999,19407.6343,19421.3822,13.7478999999985,13.7478999999985,14.4089,,72,19.9999921023846,0,,
engineering-probe,engineering-probe,response,response,1000,19421.3822,19435.3332,13.9509999999973,13.9509999999973,12.8698,,72,19.9999921023846,1,,
engineering-probe,engineering-probe,response,response,1001,19435.3332,19448.5708,13.2376000000004,13.2376000000004,14.0164,,72,19.9999921023846,1,,
engineering-probe,engineering-probe,response,response,1002,19448.5708,19462.6034,14.0326000000023,14.0326000000023,14.5776,,72,19.9999921023846,0,,
engineering-probe,engineering-probe,response,response,1003,19462.6034,19476.5869,13.9835000000021,13.9835000000021,13.8331,,72,19.9999921023846,1,,
engineering-probe,engineering-probe,response,response,1004,19476.5869,19491.0153,14.4283999999971,14.4283999999971,13.8763,,72,19.9999921023846,1,,
engineering-probe,engineering-probe,response,response,1005,19491.0153,19504.2948,13.2795000000006,13.2795000000006,13.176,,72,19.9999921023846,0,,
engineering-probe,engineering-probe,response,response,1006,19504.2948,19519.6041,15.3093000000008,15.3093000000008,13.9706,,72,19.9999921023846,1,,
engineering-probe,engineering-probe,response,response,1007,19519.6041,19532.7574,13.1533000000018,13.1533000000018,14.034,,72,19.9999921023846,1,,
engineering-probe,engineering-probe,response,response,1008,19532.7574,19545.8121,13.054699999997,13.054699999997,14.4928,,72,19.9999921023846,0,,
engineering-probe,engineering-probe,response,response,1009,19545.8121,19560.0608,14.2487000000001,14.2487000000001,13.2038,,72,19.9999921023846,1,,
engineering-probe,engineering-probe,response,response,1010,19560.0608,19574.3087,14.2478999999985,14.2478999999985,15.2802,,72,19.9999921023846,1,,
engineering-probe,engineering-probe,response,response,1011,19574.3087,19589.1263,14.8176000000021,14.8176000000021,13.2149,,72,19.9999921023846,1,,
engineering-probe,engineering-probe,response,response,1012,19589.1263,19602.1453,13.0190000000002,13.0190000000002,13.0499,,72,19.9999921023846,0,,
engineering-probe,engineering-probe,response,response,1013,19602.1453,19615.3478,13.2024999999994,13.2024999999994,14.1892,,72,19.9999921023846,1,,
engineering-probe,engineering-probe,response,response,1014,19615.3478,19629.2662,13.9183999999987,13.9183999999987,14.4231,,72,19.9999921023846,1,,
engineering-probe,engineering-probe,response,response,1015,19629.2662,19643.0946,13.8284000000021,13.8284000000021,14.8936,,72,19.9999921023846,0,,
engineering-probe,engineering-probe,response,response,1016,19643.0946,19657.0459,13.9513000000006,13.9513000000006,12.8649,,72,19.9999921023846,1,,
engineering-probe,engineering-probe,response,response,1017,19657.0459,19671.1917,14.1458000000021,14.1458000000021,13.1695,,72,19.9999921023846,1,,
engineering-probe,engineering-probe,response,response,1018,19671.1917,19684.766,13.5742999999966,13.5742999999966,13.8574,,72,19.9999921023846,0,,
engineering-probe,engineering-probe,response,response,1019,19684.766,19698.9029,14.1369000000013,14.1369000000013,13.8708,,72,19.9999921023846,1,,
engineering-probe,engineering-probe,response,response,1020,19698.9029,19714.6962,15.7932999999975,15.7932999999975,13.9276,,72,19.9999921023846,1,,
engineering-probe,engineering-probe,response,response,1021,19714.6962,19726.7004,12.0041999999994,12.0041999999994,14.1723,,72,19.9999921023846,0,,
engineering-probe,engineering-probe,response,response,1022,19726.7004,19740.8473,14.1468999999997,14.1468999999997,13.6632,,72,19.9999921023846,1,,
engineering-probe,engineering-probe,response,response,1023,19740.8473,19754.6939,13.8466000000008,13.8466000000008,14.6016,,72,19.9999921023846,1,,
engineering-probe,engineering-probe,response,response,1024,19754.6939,19767.9776,13.2837,13.2837,15.1868,,72,19.9999921023846,1,,
engineering-probe,engineering-probe,response,response,1025,19767.9776,19782.7643,14.7867000000006,14.7867000000006,12.0727,,72,19.9999921023846,0,,
engineering-probe,engineering-probe,response,response,1026,19782.7643,19795.856,13.0917000000009,13.0917000000009,14.1824,,72,19.9999921023846,1,,
engineering-probe,engineering-probe,response,response,1027,19795.856,19810.4918,14.6358,14.6358,13.9446,,72,19.9999921023846,1,,
engineering-probe,engineering-probe,response,response,1028,19810.4918,19823.7626,13.2707999999984,13.2707999999984,13.0823,,72,19.9999921023846,0,,
engineering-probe,engineering-probe,response,response,1029,19823.7626,19837.5299,13.7673000000032,13.7673000000032,14.9841,,72,19.9999921023846,1,,
engineering-probe,engineering-probe,response,response,1030,19837.5299,19851.6338,14.1038999999982,14.1038999999982,12.8797,,72,19.9999921023846,1,,
engineering-probe,engineering-probe,response,response,1031,19851.6338,19865.3919,13.7580999999991,13.7580999999991,14.8163,,72,19.9999921023846,0,,
engineering-probe,engineering-probe,response,response,1032,19865.3919,19879.368,13.9760999999999,13.9760999999999,13.2123,,72,19.9999921023846,1,,
engineering-probe,engineering-probe,response,response,1033,19879.368,19893.1534,13.7854000000007,13.7854000000007,13.7268,,72,19.9999921023846,1,,
engineering-probe,engineering-probe,response,response,1034,19893.1534,19907.6919,14.5384999999987,14.5384999999987,14.0386,,72,19.9999921023846,1,,
engineering-probe,engineering-probe,response,response,1035,19907.6919,19920.7999,13.1080000000002,13.1080000000002,13.7959,,72,19.9999921023846,0,,
engineering-probe,engineering-probe,response,response,1036,19920.7999,19934.6823,13.8824000000022,13.8824000000022,13.9652,,72,19.9999921023846,1,,
engineering-probe,engineering-probe,response,response,1037,19934.6823,19949.6,14.9176999999981,14.9176999999981,13.8986,,72,19.9999921023846,1,,
engineering-probe,engineering-probe,response,response,1038,19949.6,19962.4453,12.8453000000009,12.8453000000009,14.504,,72,19.9999921023846,0,,
engineering-probe,engineering-probe,response,response,1039,19962.4453,19977.1106,14.6653000000006,14.6653000000006,13.0575,,72,19.9999921023846,1,,
engineering-probe,engineering-probe,response,response,1040,19977.1106,19991.029,13.9184000000023,13.9184000000023,13.8288,,72,19.9999921023846,1,,
engineering-probe,engineering-probe,response,response,1041,19991.029,20004.2859,13.2568999999967,13.2568999999967,15.1135,,72,19.9999921023846,0,,
engineering-probe,engineering-probe,response,response,1042,20004.2859,20018.1378,13.8519000000015,13.8519000000015,12.6669,,72,19.9999921023846,1,,
engineering-probe,engineering-probe,response,response,1043,20018.1378,20032.7827,14.6448999999993,14.6448999999993,14.8059,,72,19.9999921023846,1,,
engineering-probe,engineering-probe,response,response,1044,20032.7827,20045.8742,13.0914999999986,13.0914999999986,13.9578,,72,19.9999921023846,0,,
engineering-probe,engineering-probe,response,response,1045,20045.8742,20060.0081,14.1339000000044,14.1339000000044,13.2286,,72,19.9999921023846,1,,
engineering-probe,engineering-probe,response,response,1046,20060.0081,20073.6157,13.6075999999994,13.6075999999994,13.7077,,72,19.9999921023846,1,,
engineering-probe,engineering-probe,response,response,1047,20073.6157,20087.5137,13.8979999999974,13.8979999999974,15.5125,,72,19.9999921023846,1,,
engineering-probe,engineering-probe,response,response,1048,20087.5137,20101.3291,13.8154000000031,13.8154000000031,12.2562,,72,19.9999921023846,0,,
engineering-probe,engineering-probe,response,response,1049,20101.3291,20115.8518,14.5226999999977,14.5226999999977,14.092,,72,19.9999921023846,1,,
engineering-probe,engineering-probe,response,response,1050,20115.8518,20129.0894,13.2376000000004,13.2376000000004,13.7382,,72,19.9999921023846,1,,
engineering-probe,engineering-probe,response,response,1051,20129.0894,20143.6735,14.5840999999964,14.5840999999964,13.819,,72,19.9999921023846,0,,
engineering-probe,engineering-probe,response,response,1052,20143.6735,20156.9419,13.2684000000008,13.2684000000008,13.7825,,72,19.9999921023846,1,,
engineering-probe,engineering-probe,response,response,1053,20156.9419,20170.8727,13.9308000000019,13.9308000000019,14.4675,,72,19.9999921023846,1,,
engineering-probe,engineering-probe,response,response,1054,20170.8727,20184.7316,13.8588999999993,13.8588999999993,13.2918,,72,19.9999921023846,0,,
engineering-probe,engineering-probe,response,response,1055,20184.7316,20199.5918,14.8602000000028,14.8602000000028,14.7021,,72,19.9999921023846,1,,
engineering-probe,engineering-probe,response,response,1056,20199.5918,20213.096,13.5041999999994,13.5041999999994,13.1282,,72,19.9999921023846,1,,
engineering-probe,engineering-probe,response,response,1057,20213.096,20227.1667,14.0707000000002,14.0707000000002,13.9454,,72,19.9999921023846,0,,
engineering-probe,engineering-probe,response,response,1058,20227.1667,20241.0021,13.8353999999963,13.8353999999963,14.5421,,72,19.9999921023846,1,,
engineering-probe,engineering-probe,response,response,1059,20241.0021,20254.2437,13.2416000000012,13.2416000000012,14.1453,,72,19.9999921023846,1,,
engineering-probe,engineering-probe,response,response,1060,20254.2437,20268.8705,14.6267999999982,14.6267999999982,13.5442,,72,19.9999921023846,1,,
engineering-probe,engineering-probe,response,response,1061,20268.8705,20282.3706,13.5001000000011,13.5001000000011,14.2113,,72,19.9999921023846,0,,
engineering-probe,engineering-probe,response,response,1062,20282.3706,20296.3141,13.9435000000012,13.9435000000012,13.8222,,72,19.9999921023846,1,,
engineering-probe,engineering-probe,response,response,1063,20296.3141,20310.6771,14.3630000000012,14.3630000000012,13.1335,,72,19.9999921023846,1,,
engineering-probe,engineering-probe,response,response,1064,20310.6771,20323.6768,12.9997000000003,12.9997000000003,14.6474,,72,19.9999921023846,0,,
engineering-probe,engineering-probe,response,response,1065,20323.6768,20337.7659,14.0891000000011,14.0891000000011,13.4335,,72,19.9999921023846,1,,
engineering-probe,engineering-probe,response,response,1066,20337.7659,20352.2735,14.5075999999972,14.5075999999972,14.099,,72,19.9999921023846,1,,
engineering-probe,engineering-probe,response,response,1067,20352.2735,20366.1236,13.8501000000033,13.8501000000033,14.2792,,72,19.9999921023846,0,,
engineering-probe,engineering-probe,response,response,1068,20366.1236,20379.2671,13.1434999999983,13.1434999999983,12.9105,,72,19.9999921023846,1,,
engineering-probe,engineering-probe,response,response,1069,20379.2671,20392.9907,13.7235999999975,13.7235999999975,14.1483,,72,19.9999921023846,1,,
engineering-probe,engineering-probe,response,response,1070,20392.9907,20407.2288,14.2380999999987,14.2380999999987,14.4779,,72,19.9999921023846,1,,
engineering-probe,engineering-probe,response,response,1071,20407.2288,20420.9544,13.7256000000016,13.7256000000016,14.078,,72,19.9999921023846,0,,
engineering-probe,engineering-probe,response,response,1072,20420.9544,20435.2775,14.3231000000014,14.3231000000014,12.9654,,72,19.9999921023846,1,,
engineering-probe,engineering-probe,response,response,1073,20435.2775,20449.1415,13.8639999999978,13.8639999999978,13.6519,,72,19.9999921023846,1,,
engineering-probe,engineering-probe,response,response,1074,20449.1415,20462.7216,13.5800999999992,13.5800999999992,14.4725,,72,19.9999921023846,0,,
engineering-probe,engineering-probe,response,response,1075,20462.7216,20476.6994,13.9778000000042,13.9778000000042,13.4822,,72,19.9999921023846,1,,
engineering-probe,engineering-probe,response,response,1076,20476.6994,20490.2624,13.5629999999983,13.5629999999983,14.4761,,72,19.9999921023846,1,,
engineering-probe,engineering-probe,response,response,1077,20490.2624,20504.747,14.4845999999998,14.4845999999998,13.9588,,72,19.9999921023846,0,,
engineering-probe,engineering-probe,response,response,1078,20504.747,20520.172,15.4249999999993,15.4249999999993,13.3385,,72,19.9999921023846,1,,
engineering-probe,engineering-probe,response,response,1079,20520.172,20532.9987,12.8267000000014,12.8267000000014,14.0194,,72,19.9999921023846,1,,
engineering-probe,engineering-probe,response,response,1080,20532.9987,20545.8687,12.869999999999,12.869999999999,13.5288,,72,19.9999921023846,0,,
engineering-probe,engineering-probe,response,response,1081,20545.8687,20559.7569,13.8882000000012,13.8882000000012,14.6574,,72,19.9999921023846,1,,
engineering-probe,engineering-probe,response,response,1082,20559.7569,20575.1575,15.4006000000008,15.4006000000008,15.2744,,72,19.9999921023846,1,,
engineering-probe,engineering-probe,response,response,1083,20575.1575,20587.4602,12.3026999999965,12.3026999999965,13.0825,,72,19.9999921023846,1,,
engineering-probe,engineering-probe,response,response,1084,20587.4602,20601.5576,14.0974000000024,14.0974000000024,12.5844,,72,19.9999921023846,0,,
engineering-probe,engineering-probe,response,response,1085,20601.5576,20615.3996,13.8420000000006,13.8420000000006,13.9466,,72,19.9999921023846,1,,
engineering-probe,engineering-probe,response,response,1086,20615.3996,20629.2647,13.8650999999991,13.8650999999991,15.7491,,72,19.9999921023846,1,,
engineering-probe,engineering-probe,response,response,1087,20629.2647,20642.9809,13.7162000000026,13.7162000000026,11.9107,,72,19.9999921023846,0,,
engineering-probe,engineering-probe,response,response,1088,20642.9809,20658.4538,15.472899999997,15.472899999997,14.1234,,72,19.9999921023846,1,,
engineering-probe,engineering-probe,response,response,1089,20658.4538,20670.9058,12.4520000000011,12.4520000000011,13.7928,,72,19.9999921023846,1,,
engineering-probe,engineering-probe,response,response,1090,20670.9058,20684.9288,14.023000000001,14.023000000001,14.0784,,72,19.9999921023846,0,,
engineering-probe,engineering-probe,response,response,1091,20684.9288,20700.0811,15.1522999999979,15.1522999999979,13.5056,,72,19.9999921023846,1,,
engineering-probe,engineering-probe,response,response,1092,20700.0811,20713.1982,13.1171000000031,13.1171000000031,15.5859,,72,19.9999921023846,1,,
engineering-probe,engineering-probe,response,response,1093,20713.1982,20727.6538,14.4555999999975,14.4555999999975,12.3427,,72,19.9999921023846,0,,
engineering-probe,engineering-probe,response,response,1094,20727.6538,20740.7271,13.0733,13.0733,14.0959,,72,19.9999921023846,1,,
engineering-probe,engineering-probe,response,response,1095,20740.7271,20754.5351,13.8079999999973,13.8079999999973,15.0998,,72,19.9999921023846,1,,
engineering-probe,engineering-probe,response,response,1096,20754.5351,20768.7813,14.246200000005,14.246200000005,13.183,,72,19.9999921023846,1,,
engineering-probe,engineering-probe,response,response,1097,20768.7813,20786.861,18.0796999999948,18.0796999999948,14.6689,,72,19.9999921023846,0,,
engineering-probe,engineering-probe,response,response,1098,20786.861,20796.2512,9.39020000000164,9.39020000000164,12.9664,,72,19.9999921023846,1,,
engineering-probe,engineering-probe,response,response,1099,20796.2512,20810.3504,14.0992000000006,14.0992000000006,13.6379,,72,19.9999921023846,1,,
engineering-probe,engineering-probe,response,response,1100,20810.3504,20823.8617,13.5112999999983,13.5112999999983,14.3164,,72,19.9999921023846,0,,
engineering-probe,engineering-probe,response,response,1101,20823.8617,20838.0269,14.1652000000031,14.1652000000031,18.0605,,72,19.9999921023846,1,,
engineering-probe,engineering-probe,response,response,1102,20838.0269,20852.0925,14.0656000000017,14.0656000000017,9.3202,,72,19.9999921023846,1,,
engineering-probe,engineering-probe,response,response,1103,20852.0925,20865.8686,13.7760999999955,13.7760999999955,14.1811,,72,19.9999921023846,0,,
engineering-probe,engineering-probe,response,response,1104,20865.8686,20879.9029,14.034300000003,14.034300000003,13.5042,,72,19.9999921023846,1,,
engineering-probe,engineering-probe,response,response,1105,20879.9029,20893.0576,13.1546999999991,13.1546999999991,14.1447,,72,19.9999921023846,1,,
engineering-probe,engineering-probe,response,response,1106,20893.0576,20910.8167,17.7591000000029,17.7591000000029,14.1483,,72,19.9999921023846,1,,
engineering-probe,engineering-probe,response,response,1107,20910.8167,20921.6704,10.853699999996,10.853699999996,14.0419,,72,19.9999921023846,0,,
engineering-probe,engineering-probe,response,response,1108,20921.6704,20935.857,14.1866000000009,14.1866000000009,13.7129,,72,19.9999921023846,1,,
engineering-probe,engineering-probe,response,response,1109,20935.857,20948.7411,12.8840999999993,12.8840999999993,13.0787,,72,19.9999921023846,1,,
engineering-probe,engineering-probe,response,response,1110,20948.7411,20963.1527,14.4115999999995,14.4115999999995,17.8212,,72,19.9999921023846,0,,
engineering-probe,engineering-probe,response,response,1111,20963.1527,20977.8799,14.7272000000012,14.7272000000012,10.9662,,72,19.9999921023846,1,,
engineering-probe,engineering-probe,response,response,1112,20977.8799,20990.9436,13.0637000000024,13.0637000000024,14.0994,,72,19.9999921023846,1,,
engineering-probe,engineering-probe,response,response,1113,20990.9436,21004.3207,13.3770999999979,13.3770999999979,12.8855,,72,19.9999921023846,0,,
engineering-probe,engineering-probe,response,response,1114,21004.3207,21018.3671,14.0463999999993,14.0463999999993,14.3218,,72,19.9999921023846,1,,
engineering-probe,engineering-probe,response,response,1115,21018.3671,21032.0275,13.6604000000007,13.6604000000007,14.9111,,72,19.9999921023846,1,,
engineering-probe,engineering-probe,response,response,1116,21032.0275,21045.9335,13.905999999999,13.905999999999,12.9015,,72,19.9999921023846,0,,
engineering-probe,engineering-probe,response,response,1117,21045.9335,21060.5661,14.6326000000008,14.6326000000008,13.4121,,72,19.9999921023846,1,,
engineering-probe,engineering-probe,response,response,1118,21060.5661,21073.9968,13.4307000000008,13.4307000000008,14.0593,,72,19.9999921023846,1,,
engineering-probe,engineering-probe,response,response,1119,21073.9968,21087.7582,13.7613999999994,13.7613999999994,13.5721,,72,19.9999921023846,1,,
engineering-probe,engineering-probe,response,response,1120,21087.7582,21101.8072,14.0489999999991,14.0489999999991,13.978,,72,19.9999921023846,0,,
engineering-probe,engineering-probe,response,response,1121,21101.8072,21115.5835,13.7763000000014,13.7763000000014,14.5783,,72,19.9999921023846,1,,
engineering-probe,engineering-probe,response,response,1122,21115.5835,21130.0305,14.4470000000001,14.4470000000001,13.511,,72,19.9999921023846,1,,
engineering-probe,engineering-probe,response,response,1123,21130.0305,21143.0911,13.0605999999971,13.0605999999971,13.6866,,72,19.9999921023846,0,,
engineering-probe,engineering-probe,response,response,1124,21143.0911,21156.8989,13.8078000000023,13.8078000000023,14.0786,,72,19.9999921023846,1,,
engineering-probe,engineering-probe,response,response,1125,21156.8989,21171.0333,14.1344000000026,14.1344000000026,13.8069,,72,19.9999921023846,1,,
engineering-probe,engineering-probe,response,response,1126,21171.0333,21185.2153,14.1819999999971,14.1819999999971,14.3996,,72,19.9999921023846,0,,
engineering-probe,engineering-probe,response,response,1127,21185.2153,21199.439,14.2237000000023,14.2237000000023,13.177,,72,19.9999921023846,1,,
engineering-probe,engineering-probe,response,response,1128,21199.439,21213.4083,13.9693000000007,13.9693000000007,13.7184,,72,19.9999921023846,1,,
engineering-probe,engineering-probe,response,response,1129,21213.4083,21226.3603,12.9519999999975,12.9519999999975,14.0851,,72,19.9999921023846,0,,
engineering-probe,engineering-probe,response,response,1130,21226.3603,21240.8611,14.500799999998,14.500799999998,14.2677,,72,19.9999921023846,1,,
engineering-probe,engineering-probe,response,response,1131,21240.8611,21255.1,14.2389000000003,14.2389000000003,14.1963,,72,19.9999921023846,1,,
engineering-probe,engineering-probe,response,response,1132,21255.1,21268.8046,13.7046000000009,13.7046000000009,13.9202,,72,19.9999921023846,1,,
engineering-probe,engineering-probe,response,response,1133,21268.8046,21282.2926,13.4880000000012,13.4880000000012,12.9941,,72,19.9999921023846,0,,
engineering-probe,engineering-probe,response,response,1134,21282.2926,21295.789,13.4964,13.4964,15.2612,,72,19.9999921023846,1,,
engineering-probe,engineering-probe,response,response,1135,21295.789,21309.7866,13.9975999999988,13.9975999999988,13.5071,,72,19.9999921023846,1,,
engineering-probe,engineering-probe,response,response,1136,21309.7866,21323.6603,13.8737000000001,13.8737000000001,13.6984,,72,19.9999921023846,0,,
engineering-probe,engineering-probe,response,response,1137,21323.6603,21338.2694,14.6091000000015,14.6091000000015,13.4985,,72,19.9999921023846,1,,
engineering-probe,engineering-probe,response,response,1138,21338.2694,21351.5948,13.3254000000015,13.3254000000015,13.4903,,72,19.9999921023846,1,,
engineering-probe,engineering-probe,response,response,1139,21351.5948,21365.3625,13.7676999999967,13.7676999999967,13.91,,72,19.9999921023846,0,,
engineering-probe,engineering-probe,response,response,1140,21365.3625,21379.9339,14.5714000000007,14.5714000000007,13.9241,,72,19.9999921023846,1,,
engineering-probe,engineering-probe,response,response,1141,21379.9339,21393.5528,13.6188999999977,13.6188999999977,14.6766,,72,19.9999921023846,1,,
engineering-probe,engineering-probe,response,response,1142,21393.5528,21406.9503,13.3974999999991,13.3974999999991,13.2862,,72,19.9999921023846,1,,
engineering-probe,engineering-probe,response,response,1143,21406.9503,21420.9501,13.9998000000014,13.9998000000014,13.6885,,72,19.9999921023846,0,,
engineering-probe,engineering-probe,response,response,1144,21420.9501,21435.3529,14.4028000000035,14.4028000000035,14.626,,72,19.9999921023846,1,,
engineering-probe,engineering-probe,response,response,1145,21435.3529,21448.6708,13.3178999999982,13.3178999999982,13.6553,,72,19.9999921023846,1,,
engineering-probe,engineering-probe,response,response,1146,21448.6708,21462.437,13.7662000000018,13.7662000000018,13.3056,,72,19.9999921023846,0,,
engineering-probe,engineering-probe,response,response,1147,21462.437,21476.4615,14.0244999999959,14.0244999999959,14.1863,,72,19.9999921023846,1,,
engineering-probe,engineering-probe,response,response,1148,21476.4615,21490.3145,13.8530000000028,13.8530000000028,14.2413,,72,19.9999921023846,1,,
engineering-probe,engineering-probe,response,response,1149,21490.3145,21504.2778,13.9632999999994,13.9632999999994,13.3685,,72,19.9999921023846,0,,
engineering-probe,engineering-probe,response,response,1150,21504.2778,21519.0742,14.7963999999993,14.7963999999993,13.7019,,72,19.9999921023846,1,,
engineering-probe,engineering-probe,response,response,1151,21519.0742,21532.0445,12.9703000000009,12.9703000000009,14.0525,,72,19.9999921023846,1,,
engineering-probe,engineering-probe,response,response,1152,21532.0445,21545.9594,13.9148999999998,13.9148999999998,13.8997,,72,19.9999921023846,0,,
engineering-probe,engineering-probe,response,response,1153,21545.9594,21560.2606,14.3011999999981,14.3011999999981,13.9179,,72,19.9999921023846,1,,
engineering-probe,engineering-probe,response,response,1154,21560.2606,21574.7486,14.4880000000012,14.4880000000012,14.9971,,72,19.9999921023846,1,,
engineering-probe,engineering-probe,response,response,1155,21574.7486,21588.4413,13.6926999999996,13.6926999999996,12.7539,,72,19.9999921023846,1,,
engineering-probe,engineering-probe,response,response,1156,21588.4413,21601.8834,13.4421000000002,13.4421000000002,14.0684,,72,19.9999921023846,0,,
engineering-probe,engineering-probe,response,response,1157,21601.8834,21615.7168,13.8334000000032,13.8334000000032,14.2838,,72,19.9999921023846,1,,
engineering-probe,engineering-probe,response,response,1158,21615.7168,21629.108,13.3911999999982,13.3911999999982,14.3373,,72,19.9999921023846,1,,
engineering-probe,engineering-probe,response,response,1159,21629.108,21643.707,14.5989999999983,14.5989999999983,14.0153,,72,19.9999921023846,0,,
engineering-probe,engineering-probe,response,response,1160,21643.707,21656.8774,13.1703999999991,13.1703999999991,13.266,,72,19.9999921023846,1,,
engineering-probe,engineering-probe,response,response,1161,21656.8774,21670.9788,14.1014000000032,14.1014000000032,13.806,,72,19.9999921023846,1,,
engineering-probe,engineering-probe,response,response,1162,21670.9788,21685.1788,14.1999999999971,14.1999999999971,13.3273,,72,19.9999921023846,0,,
engineering-probe,engineering-probe,response,response,1163,21685.1788,21698.5219,13.3431000000019,13.3431000000019,14.7324,,72,19.9999921023846,1,,
engineering-probe,engineering-probe,response,response,1164,21698.5219,21712.8105,14.2885999999999,14.2885999999999,13.1224,,72,19.9999921023846,1,,
engineering-probe,engineering-probe,response,response,1165,21712.8105,21726.5906,13.7801000000036,13.7801000000036,13.9621,,72,19.9999921023846,0,,
engineering-probe,engineering-probe,response,response,1166,21726.5906,21741.1291,14.5384999999951,14.5384999999951,14.2349,,72,19.9999921023846,1,,
engineering-probe,engineering-probe,response,response,1167,21741.1291,21754.2005,13.0714000000007,13.0714000000007,13.3122,,72,19.9999921023846,1,,
engineering-probe,engineering-probe,response,response,1168,21754.2005,21768.7016,14.5011000000013,14.5011000000013,14.3396,,72,19.9999921023846,1,,
engineering-probe,engineering-probe,response,response,1169,21768.7016,21782.2847,13.5830999999998,13.5830999999998,13.9143,,72,19.9999921023846,0,,
engineering-probe,engineering-probe,response,response,1170,21782.2847,21796.7309,14.4461999999985,14.4461999999985,14.5202,,72,19.9999921023846,1,,
engineering-probe,engineering-probe,response,response,1171,21796.7309,21810.006,13.2751000000026,13.2751000000026,12.9382,,72,19.9999921023846,1,,
engineering-probe,engineering-probe,response,response,1172,21810.006,21823.5997,13.5936999999976,13.5936999999976,14.6744,,72,19.9999921023846,0,,
engineering-probe,engineering-probe,response,response,1173,21823.5997,21838.1471,14.5474000000031,14.5474000000031,13.3644,,72,19.9999921023846,1,,
engineering-probe,engineering-probe,response,response,1174,21838.1471,21851.4232,13.2760999999955,13.2760999999955,14.6516,,72,19.9999921023846,1,,
engineering-probe,engineering-probe,response,response,1175,21851.4232,21865.1975,13.7743000000046,13.7743000000046,13.2417,,72,19.9999921023846,0,,
engineering-probe,engineering-probe,response,response,1176,21865.1975,21879.4806,14.2831000000006,14.2831000000006,13.4273,,72,19.9999921023846,1,,
engineering-probe,engineering-probe,response,response,1177,21879.4806,21894.0651,14.5844999999972,14.5844999999972,15.7191,,72,19.9999921023846,1,,
engineering-probe,engineering-probe,response,response,1178,21894.0651,21906.8956,12.8305,12.8305,12.1744,,72,19.9999921023846,1,,
engineering-probe,engineering-probe,response,response,1179,21906.8956,21921.147,14.251400000001,14.251400000001,13.6939,,72,19.9999921023846,0,,
engineering-probe,engineering-probe,response,response,1180,21921.147,21934.7479,13.6009000000013,13.6009000000013,14.4703,,72,19.9999921023846,1,,
engineering-probe,engineering-probe,response,response,1181,21934.7479,21949.442,14.6941000000006,14.6941000000006,14.6984,,72,19.9999921023846,1,,
engineering-probe,engineering-probe,response,response,1182,21949.442,21963.1626,13.7205999999969,13.7205999999969,12.7854,,72,19.9999921023846,0,,
engineering-probe,engineering-probe,response,response,1183,21963.1626,21977.0054,13.8427999999985,13.8427999999985,14.1999,,72,19.9999921023846,1,,
engineering-probe,engineering-probe,response,response,1184,21977.0054,21990.4465,13.4411000000036,13.4411000000036,13.7163,,72,19.9999921023846,1,,
engineering-probe,engineering-probe,response,response,1185,21990.4465,22004.4012,13.9546999999984,13.9546999999984,14.5858,,72,19.9999921023846,0,,
engineering-probe,engineering-probe,response,response,1186,22004.4012,22018.4246,14.0233999999982,14.0233999999982,14.2423,,72,19.9999921023846,1,,
engineering-probe,engineering-probe,response,response,1187,22018.4246,22033.56,15.1354000000028,15.1354000000028,13.2908,,72,19.9999921023846,1,,
engineering-probe,engineering-probe,response,response,1188,22033.56,22046.1445,12.5845000000008,12.5845000000008,13.2694,,72,19.9999921023846,0,,
engineering-probe,engineering-probe,response,response,1189,22046.1445,22060.9293,14.7847999999976,14.7847999999976,13.9997,,72,19.9999921023846,1,,
engineering-probe,engineering-probe,response,response,1190,22060.9293,22074.9535,14.0241999999998,14.0241999999998,13.9966,,72,19.9999921023846,1,,
engineering-probe,engineering-probe,response,response,1191,22074.9535,22087.5933,12.6398000000008,12.6398000000008,15.2111,,72,19.9999921023846,1,,
engineering-probe,engineering-probe,response,response,1192,22087.5933,22101.4121,13.8188000000009,13.8188000000009,12.5417,,72,19.9999921023846,0,,
engineering-probe,engineering-probe,response,response,1193,22101.4121,22116.0666,14.6544999999969,14.6544999999969,14.8301,,72,19.9999921023846,1,,
engineering-probe,engineering-probe,response,response,1194,22116.0666,22129.9191,13.8525000000009,13.8525000000009,14.1333,,72,19.9999921023846,1,,
engineering-probe,engineering-probe,response,response,1195,22129.9191,22144.4526,14.5335000000014,14.5335000000014,12.4721,,72,19.9999921023846,0,,
engineering-probe,engineering-probe,response,response,1196,22144.4526,22157.3122,12.8595999999998,12.8595999999998,13.7923,,72,19.9999921023846,1,,
engineering-probe,engineering-probe,response,response,1197,22157.3122,22170.9025,13.5902999999998,13.5902999999998,14.8647,,72,19.9999921023846,1,,
engineering-probe,engineering-probe,response,response,1198,22170.9025,22184.6726,13.7700999999979,13.7700999999979,13.6478,,72,19.9999921023846,0,,
engineering-probe,engineering-probe,response,response,1199,22184.6726,22198.8729,14.2003000000041,14.2003000000041,14.8304,,72,19.9999921023846,1,,
engineering-probe,engineering-probe,response,response,1200,22198.8729,22213.6122,14.7392999999975,14.7392999999975,12.7766,,72,19.9999921023846,1,,
engineering-probe,engineering-probe,response,response,1201,22213.6122,22226.687,13.0747999999985,13.0747999999985,13.3555,,72,19.9999921023846,0,,
engineering-probe,engineering-probe,response,response,1202,22226.687,22241.1769,14.4899000000005,14.4899000000005,13.8332,,72,19.9999921023846,1,,
engineering-probe,engineering-probe,response,response,1203,22241.1769,22255.4716,14.2947000000022,14.2947000000022,14.2201,,72,19.9999921023846,1,,
engineering-probe,engineering-probe,response,response,1204,22255.4716,22268.4815,13.0099000000009,13.0099000000009,14.6757,,72,19.9999921023846,1,,
engineering-probe,engineering-probe,response,response,1205,22268.4815,22282.5266,14.0450999999994,14.0450999999994,13.2981,,72,19.9999921023846,0,,
engineering-probe,engineering-probe,response,response,1206,22282.5266,22296.4877,13.9611000000004,13.9611000000004,14.3084,,72,19.9999921023846,1,,
engineering-probe,engineering-probe,response,response,1207,22296.4877,22309.9761,13.4883999999984,13.4883999999984,14.2587,,72,19.9999921023846,1,,
engineering-probe,engineering-probe,response,response,1208,22309.9761,22324.2471,14.2710000000006,14.2710000000006,14.2827,,72,19.9999921023846,0,,
engineering-probe,engineering-probe,response,response,1209,22324.2471,22338.3042,14.0570999999982,14.0570999999982,12.8065,,72,19.9999921023846,1,,
engineering-probe,engineering-probe,response,response,1210,22338.3042,22351.7557,13.4514999999992,13.4514999999992,13.9357,,72,19.9999921023846,1,,
engineering-probe,engineering-probe,response,response,1211,22351.7557,22366.1195,14.3638000000028,14.3638000000028,13.5749,,72,19.9999921023846,0,,
engineering-probe,engineering-probe,response,response,1212,22366.1195,22379.6935,13.5739999999969,13.5739999999969,14.1473,,72,19.9999921023846,1,,
engineering-probe,engineering-probe,response,response,1213,22379.6935,22393.8258,14.1323000000011,14.1323000000011,14.2558,,72,19.9999921023846,1,,
engineering-probe,engineering-probe,response,response,1214,22393.8258,22409.9674,16.141599999999,16.141599999999,13.2939,,72,19.9999921023846,1,,
engineering-probe,engineering-probe,response,response,1215,22409.9674,22421.2599,11.2924999999996,11.2924999999996,14.4186,,72,19.9999921023846,0,,
engineering-probe,engineering-probe,response,response,1216,22421.2599,22435.3642,14.1043000000027,14.1043000000027,13.4979,,72,19.9999921023846,1,,
engineering-probe,engineering-probe,response,response,1217,22435.3642,22449.2268,13.8626000000004,13.8626000000004,14.1983,,72,19.9999921023846,1,,
engineering-probe,engineering-probe,response,response,1218,22449.2268,22462.8817,13.6549000000014,13.6549000000014,16.1478,,72,19.9999921023846,0,,
engineering-probe,engineering-probe,response,response,1219,22462.8817,22476.8779,13.9962000000014,13.9962000000014,11.2041,,72,19.9999921023846,1,,
engineering-probe,engineering-probe,response,response,1220,22476.8779,22493.426,16.5480999999963,16.5480999999963,14.1946,,72,19.9999921023846,1,,
engineering-probe,engineering-probe,response,response,1221,22493.426,22506.7738,13.3478000000032,13.3478000000032,13.8035,,72,19.9999921023846,0,,
engineering-probe,engineering-probe,response,response,1222,22506.7738,22518.089,11.3151999999973,11.3151999999973,13.7025,,72,19.9999921023846,1,,
engineering-probe,engineering-probe,response,response,1223,22518.089,22532.7782,14.6892000000007,14.6892000000007,14.0486,,72,19.9999921023846,1,,
engineering-probe,engineering-probe,response,response,1224,22532.7782,22546.9212,14.143,14.143,16.5078,,72,19.9999921023846,0,,
engineering-probe,engineering-probe,response,response,1225,22546.9212,22560.6053,13.6840999999986,13.6840999999986,13.3106,,72,19.9999921023846,1,,
engineering-probe,engineering-probe,response,response,1226,22560.6053,22574.8827,14.277399999999,14.277399999999,11.3488,,72,19.9999921023846,1,,
engineering-probe,engineering-probe,response,response,1227,22574.8827,22588.6016,13.7189000000035,13.7189000000035,14.633,,72,19.9999921023846,1,,
engineering-probe,engineering-probe,response,response,1228,22588.6016,22601.7909,13.1892999999982,13.1892999999982,14.2055,,72,19.9999921023846,0,,
engineering-probe,engineering-probe,response,response,1229,22601.7909,22616.7039,14.9130000000005,14.9130000000005,13.8231,,72,19.9999921023846,1,,
engineering-probe,engineering-probe,response,response,1230,22616.7039,22629.3865,12.6826000000001,12.6826000000001,14.1265,,72,19.9999921023846,1,,
engineering-probe,engineering-probe,response,response,1231,22629.3865,22644.8438,15.4572999999982,15.4572999999982,13.7315,,72,19.9999921023846,0,,
engineering-probe,engineering-probe,response,response,1232,22644.8438,22657.4852,12.6414000000004,12.6414000000004,13.5679,,72,19.9999921023846,1,,
engineering-probe,engineering-probe,response,response,1233,22657.4852,22671.7052,14.2200000000012,14.2200000000012,14.6694,,72,19.9999921023846,1,,
engineering-probe,engineering-probe,response,response,1234,22671.7052,22684.8025,13.0973000000013,13.0973000000013,12.465,,72,19.9999921023846,0,,
engineering-probe,engineering-probe,response,response,1235,22684.8025,22699.9995,15.1970000000001,15.1970000000001,15.5557,,72,19.9999921023846,1,,
engineering-probe,engineering-probe,response,response,1236,22699.9995,22712.6075,12.6080000000002,12.6080000000002,12.6216,,72,19.9999921023846,1,,
engineering-probe,engineering-probe,response,response,1237,22712.6075,22727.3821,14.774599999997,14.774599999997,14.1605,,72,19.9999921023846,0,,
engineering-probe,engineering-probe,response,response,1238,22727.3821,22740.4985,13.1164000000026,13.1164000000026,13.2193,,72,19.9999921023846,1,,
engineering-probe,engineering-probe,response,response,1239,22740.4985,22754.6049,14.1064000000006,14.1064000000006,15.2248,,72,19.9999921023846,1,,
engineering-probe,engineering-probe,response,response,1240,22754.6049,22768.3944,13.7894999999953,13.7894999999953,12.5003,,72,19.9999921023846,1,,
engineering-probe,engineering-probe,response,response,1241,22768.3944,22782.5635,14.1691000000028,14.1691000000028,14.7748,,72,19.9999921023846,0,,
engineering-probe,engineering-probe,response,response,1242,22782.5635,22796.0558,13.4923000000017,13.4923000000017,13.0356,,72,19.9999921023846,1,,
engineering-probe,engineering-probe,response,response,1243,22796.0558,22810.0111,13.9552999999978,13.9552999999978,14.3335,,72,19.9999921023846,1,,
engineering-probe,engineering-probe,response,response,1244,22810.0111,22823.9232,13.9121000000014,13.9121000000014,13.7784,,72,19.9999921023846,0,,
engineering-probe,engineering-probe,response,response,1245,22823.9232,22838.2167,14.2934999999998,14.2934999999998,13.9717,,72,19.9999921023846,1,,
engineering-probe,engineering-probe,response,response,1246,22838.2167,22851.6225,13.4058000000005,13.4058000000005,13.5496,,72,19.9999921023846,1,,
engineering-probe,engineering-probe,response,response,1247,22851.6225,22865.3437,13.7212,13.7212,14.0875,,72,19.9999921023846,0,,
engineering-probe,engineering-probe,response,response,1248,22865.3437,22879.418,14.0743000000002,14.0743000000002,13.7347,,72,19.9999921023846,1,,
engineering-probe,engineering-probe,response,response,1249,22879.418,22894.0929,14.6748999999982,14.6748999999982,14.4603,,72,19.9999921023846,1,,
engineering-probe,engineering-probe,response,response,1250,22894.0929,22908.0789,13.9860000000008,13.9860000000008,13.2658,,72,19.9999921023846,1,,
engineering-probe,engineering-probe,response,response,1251,22908.0789,22921.1646,13.0856999999996,13.0856999999996,13.7554,,72,19.9999921023846,0,,
engineering-probe,engineering-probe,response,response,1252,22921.1646,22934.9177,13.7530999999981,13.7530999999981,14.004,,72,19.9999921023846,1,,
engineering-probe,engineering-probe,response,response,1253,22934.9177,22949.2865,14.3688000000002,14.3688000000002,14.7649,,72,19.9999921023846,1,,
engineering-probe,engineering-probe,response,response,1254,22949.2865,22963.4795,14.1929999999993,14.1929999999993,14.0415,,72,19.9999921023846,0,,
engineering-probe,engineering-probe,response,response,1255,22963.4795,22976.4797,13.0002000000022,13.0002000000022,12.9702,,72,19.9999921023846,1,,
engineering-probe,engineering-probe,response,response,1256,22976.4797,22990.4867,14.0070000000014,14.0070000000014,13.7226,,72,19.9999921023846,1,,
engineering-probe,engineering-probe,response,response,1257,22990.4867,23004.9703,14.4835999999996,14.4835999999996,14.5692,,72,19.9999921023846,0,,
engineering-probe,engineering-probe,response,response,1258,23004.9703,23018.8554,13.8850999999995,13.8850999999995,13.9802,,72,19.9999921023846,1,,
engineering-probe,engineering-probe,response,response,1259,23018.8554,23032.8523,13.9968999999983,13.9968999999983,13.0671,,72,19.9999921023846,1,,
engineering-probe,engineering-probe,response,response,1260,23032.8523,23046.5762,13.7239000000009,13.7239000000009,14.1679,,72,19.9999921023846,0,,
engineering-probe,engineering-probe,response,response,1261,23046.5762,23059.9801,13.4039000000012,13.4039000000012,14.4534,,72,19.9999921023846,1,,
engineering-probe,engineering-probe,response,response,1262,23059.9801,23074.6868,14.7066999999988,14.7066999999988,13.8556,,72,19.9999921023846,1,,
engineering-probe,engineering-probe,response,response,1263,23074.6868,23087.5986,12.9118000000017,12.9118000000017,13.8598,,72,19.9999921023846,1,,
engineering-probe,engineering-probe,response,response,1264,23087.5986,23101.8839,14.2852999999996,14.2852999999996,13.7641,,72,19.9999921023846,0,,
engineering-probe,engineering-probe,response,response,1265,23101.8839,23115.6034,13.7194999999992,13.7194999999992,13.4026,,72,19.9999921023846,1,,
engineering-probe,engineering-probe,response,response,1266,23115.6034,23129.5329,13.929500000002,13.929500000002,14.8908,,72,19.9999921023846,1,,
engineering-probe,engineering-probe,response,response,1267,23129.5329,23143.1265,13.5936000000002,13.5936000000002,12.6563,,72,19.9999921023846,0,,
engineering-probe,engineering-probe,response,response,1268,23143.1265,23158.3124,15.1858999999968,15.1858999999968,14.4839,,72,19.9999921023846,1,,
engineering-probe,engineering-probe,response,response,1269,23158.3124,23170.8101,12.4977000000035,12.4977000000035,13.5356,,72,19.9999921023846,1,,
engineering-probe,engineering-probe,response,response,1270,23170.8101,23184.9156,14.1054999999978,14.1054999999978,13.9801,,72,19.9999921023846,0,,
engineering-probe,engineering-probe,response,response,1271,23184.9156,23199.2085,14.2929000000004,14.2929000000004,13.5309,,72,19.9999921023846,1,,
engineering-probe,engineering-probe,response,response,1272,23199.2085,23213.1542,13.9457000000002,13.9457000000002,15.469,,72,19.9999921023846,1,,
engineering-probe,engineering-probe,response,response,1273,23213.1542,23226.6051,13.4508999999998,13.4508999999998,12.2214,,72,19.9999921023846,0,,
engineering-probe,engineering-probe,response,response,1274,23226.6051,23240.4151,13.8099999999977,13.8099999999977,14.1726,,72,19.9999921023846,1,,
engineering-probe,engineering-probe,response,response,1275,23240.4151,23254.7498,14.3346999999994,14.3346999999994,14.2425,,72,19.9999921023846,1,,
engineering-probe,engineering-probe,response,response,1276,23254.7498,23268.7206,13.9708000000028,13.9708000000028,14.028,,72,19.9999921023846,1,,
engineering-probe,engineering-probe,response,response,1277,23268.7206,23282.5237,13.8030999999974,13.8030999999974,13.4277,,72,19.9999921023846,0,,
engineering-probe,engineering-probe,response,response,1278,23282.5237,23296.5365,14.0128000000004,14.0128000000004,13.7332,,72,19.9999921023846,1,,
engineering-probe,engineering-probe,response,response,1279,23296.5365,23309.9856,13.4491000000016,13.4491000000016,14.3946,,72,19.9999921023846,1,,
engineering-probe,engineering-probe,response,response,1280,23309.9856,23324.6907,14.7051000000029,14.7051000000029,14.4173,,72,19.9999921023846,0,,
engineering-probe,engineering-probe,response,response,1281,23324.6907,23337.588,12.8972999999969,12.8972999999969,13.5526,,72,19.9999921023846,1,,
engineering-probe,engineering-probe,response,response,1282,23337.588,23352.5276,14.9395999999979,14.9395999999979,13.8498,,72,19.9999921023846,1,,
engineering-probe,engineering-probe,response,response,1283,23352.5276,23365.7628,13.2352000000028,13.2352000000028,13.7436,,72,19.9999921023846,0,,
engineering-probe,engineering-probe,response,response,1284,23365.7628,23379.8941,14.1313000000009,14.1313000000009,14.6007,,72,19.9999921023846,1,,
engineering-probe,engineering-probe,response,response,1285,23379.8941,23393.6305,13.736399999998,13.736399999998,12.6273,,72,19.9999921023846,1,,
engineering-probe,engineering-probe,response,response,1286,23393.6305,23407.0214,13.3909000000021,13.3909000000021,15.0002,,72,19.9999921023846,1,,
engineering-probe,engineering-probe,response,response,1287,23407.0214,23421.8808,14.8593999999975,14.8593999999975,13.1587,,72,19.9999921023846,0,,
engineering-probe,engineering-probe,response,response,1288,23421.8808,23434.7145,12.8336999999992,12.8336999999992,14.2782,,72,19.9999921023846,1,,
engineering-probe,engineering-probe,response,response,1289,23434.7145,23448.8254,14.1109000000033,14.1109000000033,13.7496,,72,19.9999921023846,1,,
engineering-probe,engineering-probe,response,response,1290,23448.8254,23462.473,13.6475999999966,13.6475999999966,13.4755,,72,19.9999921023846,0,,
engineering-probe,engineering-probe,response,response,1291,23462.473,23476.9152,14.4422000000013,14.4422000000013,14.6434,,72,19.9999921023846,1,,
engineering-probe,engineering-probe,response,response,1292,23476.9152,23491.7121,14.7969000000012,14.7969000000012,12.8682,,72,19.9999921023846,1,,
engineering-probe,engineering-probe,response,response,1293,23491.7121,23505.0504,13.3382999999958,13.3382999999958,14.1459,,72,19.9999921023846,0,,
engineering-probe,engineering-probe,response,response,1294,23505.0504,23518.1787,13.1283000000039,13.1283000000039,13.5564,,72,19.9999921023846,1,,
engineering-probe,engineering-probe,response,response,1295,23518.1787,23531.9945,13.8158000000003,13.8158000000003,14.482,,72,19.9999921023846,1,,
engineering-probe,engineering-probe,response,response,1296,23531.9945,23545.9385,13.9439999999959,13.9439999999959,14.8568,,72,19.9999921023846,0,,
engineering-probe,engineering-probe,response,response,1297,23545.9385,23559.8878,13.9493000000002,13.9493000000002,13.4097,,72,19.9999921023846,1,,
engineering-probe,engineering-probe,response,response,1298,23559.8878,23573.9829,14.0951000000023,14.0951000000023,13.1778,,72,19.9999921023846,1,,
engineering-probe,engineering-probe,response,response,1299,23573.9829,23587.8331,13.8502000000008,13.8502000000008,13.5856,,72,19.9999921023846,1,,
engineering-probe,engineering-probe,response,response,1300,23587.8331,23601.4579,13.6248000000014,13.6248000000014,14.0039,,72,19.9999921023846,0,,
engineering-probe,engineering-probe,response,response,1301,23601.4579,23616.0427,14.5848000000005,14.5848000000005,13.887,,72,19.9999921023846,1,,
engineering-probe,engineering-probe,response,response,1302,23616.0427,23629.8441,13.8013999999966,13.8013999999966,14.2837,,72,19.9999921023846,1,,
engineering-probe,engineering-probe,response,response,1303,23629.8441,23643.9922,14.1481000000022,14.1481000000022,13.6752,,72,19.9999921023846,0,,
engineering-probe,engineering-probe,response,response,1304,23643.9922,23657.1679,13.1756999999998,13.1756999999998,13.6563,,72,19.9999921023846,1,,
engineering-probe,engineering-probe,response,response,1305,23657.1679,23673.2287,16.0607999999993,16.0607999999993,14.6481,,72,19.9999921023846,1,,
engineering-probe,engineering-probe,response,response,1306,23673.2287,23685.4372,12.2085000000006,12.2085000000006,13.7825,,72,19.9999921023846,0,,
engineering-probe,engineering-probe,response,response,1307,23685.4372,23699.3546,13.9173999999985,13.9173999999985,14.2253,,72,19.9999921023846,1,,
engineering-probe,engineering-probe,response,response,1308,23699.3546,23713.3571,14.0025000000023,14.0025000000023,13.0264,,72,19.9999921023846,1,,
engineering-probe,engineering-probe,response,response,1309,23713.3571,23727.1178,13.7606999999989,13.7606999999989,16.1911,,72,19.9999921023846,0,,
engineering-probe,engineering-probe,response,response,1310,23727.1178,23741.269,14.1512000000002,14.1512000000002,12.1641,,72,19.9999921023846,1,,
engineering-probe,engineering-probe,response,response,1311,23741.269,23754.4986,13.2296000000024,13.2296000000024,13.8451,,72,19.9999921023846,1,,
engineering-probe,engineering-probe,response,response,1312,23754.4986,23768.7385,14.2399000000005,14.2399000000005,14.0867,,72,19.9999921023846,1,,
engineering-probe,engineering-probe,response,response,1313,23768.7385,23782.235,13.4964999999975,13.4964999999975,13.7834,,72,19.9999921023846,0,,
engineering-probe,engineering-probe,response,response,1314,23782.235,23796.6976,14.4626000000026,14.4626000000026,14.0539,,72,19.9999921023846,1,,
engineering-probe,engineering-probe,response,response,1315,23796.6976,23810.7829,14.0852999999952,14.0852999999952,13.2634,,72,19.9999921023846,1,,
engineering-probe,engineering-probe,response,response,1316,23810.7829,23823.9993,13.2164000000012,13.2164000000012,14.212,,72,19.9999921023846,0,,
engineering-probe,engineering-probe,response,response,1317,23823.9993,23839.1578,15.1584999999977,15.1584999999977,13.9101,,72,19.9999921023846,1,,
engineering-probe,engineering-probe,response,response,1318,23839.1578,23852.3612,13.2034000000021,13.2034000000021,14.3529,,72,19.9999921023846,1,,
engineering-probe,engineering-probe,response,response,1319,23852.3612,23865.5407,13.179500000002,13.179500000002,13.8286,,72,19.9999921023846,0,,
engineering-probe,engineering-probe,response,response,1320,23865.5407,23880.3639,14.8231999999989,14.8231999999989,13.1341,,72,19.9999921023846,1,,
engineering-probe,engineering-probe,response,response,1321,23880.3639,23893.1326,12.7687000000005,12.7687000000005,15.28,,72,19.9999921023846,1,,
engineering-probe,engineering-probe,response,response,1322,23893.1326,23906.9602,13.8276000000005,13.8276000000005,13.311,,72,19.9999921023846,1,,
engineering-probe,engineering-probe,response,response,1323,23906.9602,23921.0124,14.0521999999983,14.0521999999983,13.1386,,72,19.9999921023846,0,,
engineering-probe,engineering-probe,response,response,1324,23921.0124,23935.1517,14.1392999999989,14.1392999999989,14.7311,,72,19.9999921023846,1,,
engineering-probe,engineering-probe,response,response,1325,23935.1517,23948.8347,13.6830000000009,13.6830000000009,12.655,,72,19.9999921023846,1,,
engineering-probe,engineering-probe,response,response,1326,23948.8347,23962.4649,13.6301999999996,13.6301999999996,13.883,,72,19.9999921023846,0,,
engineering-probe,engineering-probe,response,response,1327,23962.4649,23977.1202,14.6553000000022,14.6553000000022,14.0003,,72,19.9999921023846,1,,
engineering-probe,engineering-probe,response,response,1328,23977.1202,23990.826,13.7057999999961,13.7057999999961,14.3277,,72,19.9999921023846,1,,
engineering-probe,engineering-probe,response,response,1329,23990.826,24004.3416,13.5156000000025,13.5156000000025,13.5007,,72,19.9999921023846,0,,
engineering-probe,engineering-probe,response,response,1330,24004.3416,24019.2595,14.9179000000004,14.9179000000004,13.7143,,72,19.9999921023846,1,,
engineering-probe,engineering-probe,response,response,1331,24019.2595,24032.6579,13.3984000000019,13.3984000000019,14.6826,,72,19.9999921023846,1,,
engineering-probe,engineering-probe,response,response,1332,24032.6579,24045.871,13.2131000000008,13.2131000000008,13.8273,,72,19.9999921023846,0,,
engineering-probe,engineering-probe,response,response,1333,24045.871,24059.7321,13.8610999999983,13.8610999999983,13.3106,,72,19.9999921023846,1,,
engineering-probe,engineering-probe,response,response,1334,24059.7321,24074.0696,14.3375000000015,14.3375000000015,15.2064,,72,19.9999921023846,1,,
engineering-probe,engineering-probe,response,response,1335,24074.0696,24087.5664,13.4967999999972,13.4967999999972,13.2794,,72,19.9999921023846,1,,
engineering-probe,engineering-probe,response,response,1336,24087.5664,24102.1773,14.6108999999997,14.6108999999997,13.0321,,72,19.9999921023846,0,,
engineering-probe,engineering-probe,response,response,1337,24102.1773,24116.1575,13.9802000000018,13.9802000000018,14.0193,,72,19.9999921023846,1,,
engineering-probe,engineering-probe,response,response,1338,24116.1575,24129.3538,13.1962999999996,13.1962999999996,14.1628,,72,19.9999921023846,1,,
engineering-probe,engineering-probe,response,response,1339,24129.3538,24143.9226,14.5687999999973,14.5687999999973,13.6203,,72,19.9999921023846,0,,
engineering-probe,engineering-probe,response,response,1340,24143.9226,24157.6374,13.7148000000016,13.7148000000016,14.6588,,72,19.9999921023846,1,,
engineering-probe,engineering-probe,response,response,1341,24157.6374,24171.2865,13.6491000000024,13.6491000000024,14.2329,,72,19.9999921023846,1,,
engineering-probe,engineering-probe,response,response,1342,24171.2865,24185.4023,14.1157999999996,14.1157999999996,13.241,,72,19.9999921023846,0,,
engineering-probe,engineering-probe,response,response,1343,24185.4023,24199.5817,14.1793999999973,14.1793999999973,14.3874,,72,19.9999921023846,1,,
engineering-probe,engineering-probe,response,response,1344,24199.5817,24213.2132,13.6314999999995,13.6314999999995,13.8258,,72,19.9999921023846,1,,
engineering-probe,engineering-probe,response,response,1345,24213.2132,24226.9125,13.6993000000039,13.6993000000039,13.4308,,72,19.9999921023846,0,,
engineering-probe,engineering-probe,response,response,1346,24226.9125,24240.9528,14.0402999999969,14.0402999999969,14.2569,,72,19.9999921023846,1,,
engineering-probe,engineering-probe,response,response,1347,24240.9528,24254.2648,13.3120000000017,13.3120000000017,14.9877,,72,19.9999921023846,1,,
engineering-probe,engineering-probe,response,response,1348,24254.2648,24268.7673,14.5024999999987,14.5024999999987,12.549,,72,19.9999921023846,1,,
engineering-probe,engineering-probe,response,response,1349,24268.7673,24282.714,13.9467000000004,13.9467000000004,13.7584,,72,19.9999921023846,0,,
engineering-probe,engineering-probe,response,response,1350,24282.714,24296.3447,13.6306999999979,13.6306999999979,14.1695,,72,19.9999921023846,1,,
engineering-probe,engineering-probe,response,response,1351,24296.3447,24311.09,14.7453000000023,14.7453000000023,13.1642,,72,19.9999921023846,1,,
engineering-probe,engineering-probe,response,response,1352,24311.09,24324.0456,12.9556000000011,12.9556000000011,14.5736,,72,19.9999921023846,0,,
engineering-probe,engineering-probe,response,response,1353,24324.0456,24337.5477,13.5020999999979,13.5020999999979,14.1211,,72,19.9999921023846,1,,
engineering-probe,engineering-probe,response,response,1354,24337.5477,24351.5906,14.042900000004,14.042900000004,13.3974,,72,19.9999921023846,1,,
engineering-probe,engineering-probe,response,response,1355,24351.5906,24365.3454,13.7547999999952,13.7547999999952,15.4372,,72,19.9999921023846,0,,
engineering-probe,engineering-probe,response,response,1356,24365.3454,24381.3602,16.0148000000008,16.0148000000008,12.5629,,72,19.9999921023846,1,,
engineering-probe,engineering-probe,response,response,1357,24381.3602,24393.7556,12.3954000000012,12.3954000000012,13.194,,72,19.9999921023846,1,,
engineering-probe,engineering-probe,response,response,1358,24393.7556,24407.2846,13.5289999999986,13.5289999999986,14.2819,,72,19.9999921023846,1,,
engineering-probe,engineering-probe,response,response,1359,24407.2846,24421.1464,13.8618000000024,13.8618000000024,13.7275,,72,19.9999921023846,0,,
engineering-probe,engineering-probe,response,response,1360,24421.1464,24434.994,13.8475999999973,13.8475999999973,15.9332,,72,19.9999921023846,1,,
engineering-probe,engineering-probe,response,response,1361,24434.994,24450.0502,15.0562000000027,15.0562000000027,12.6323,,72,19.9999921023846,1,,
engineering-probe,engineering-probe,response,response,1362,24450.0502,24463.2365,13.1862999999976,13.1862999999976,13.3375,,72,19.9999921023846,0,,
engineering-probe,engineering-probe,response,response,1363,24463.2365,24477.8508,14.6143000000011,14.6143000000011,13.7214,,72,19.9999921023846,1,,
engineering-probe,engineering-probe,response,response,1364,24477.8508,24490.6113,12.7605000000003,12.7605000000003,13.8038,,72,19.9999921023846,1,,
engineering-probe,engineering-probe,response,response,1365,24490.6113,24505.1039,14.4926000000014,14.4926000000014,15.0984,,72,19.9999921023846,0,,
engineering-probe,engineering-probe,response,response,1366,24505.1039,24518.0922,12.9883000000009,12.9883000000009,13.6489,,72,19.9999921023846,1,,
engineering-probe,engineering-probe,response,response,1367,24518.0922,24531.9714,13.8791999999958,13.8791999999958,14.3053,,72,19.9999921023846,1,,
engineering-probe,engineering-probe,response,response,1368,24531.9714,24545.7652,13.7938000000031,13.7938000000031,14.1311,,72,19.9999921023846,0,,
engineering-probe,engineering-probe,response,response,1369,24545.7652,24560.471,14.7057999999997,14.7057999999997,13.023,,72,19.9999921023846,1,,
engineering-probe,engineering-probe,response,response,1370,24560.471,24574.7797,14.3086999999978,14.3086999999978,12.871,,72,19.9999921023846,1,,
engineering-probe,engineering-probe,response,response,1371,24574.7797,24588.2011,13.4213999999993,13.4213999999993,13.8193,,72,19.9999921023846,1,,
engineering-probe,engineering-probe,response,response,1372,24588.2011,24602.0446,13.8435000000027,13.8435000000027,13.8489,,72,19.9999921023846,0,,
engineering-probe,engineering-probe,response,response,1373,24602.0446,24615.2757,13.2311000000009,13.2311000000009,14.8323,,72,19.9999921023846,1,,
engineering-probe,engineering-probe,response,response,1374,24615.2757,24629.7476,14.4719000000005,0.385699999998906,14.3644,,72,19.9999921023846,1,,
