study,set,metric,scope,family,role,item,position,count,expected,deviation,seed_label
B,confirmatory,sq_arm,all,,,SQ-1,,32,32,0,
B,confirmatory,sq_arm,all,,,SQ-2,,32,32,0,
B,confirmatory,member1_role,all:SQ-1:swap_w1_w4=0,,,active,,8,8,0,
B,confirmatory,member1_role,all:SQ-1:swap_w1_w4=0,,,yoked,,8,8,0,
B,confirmatory,member1_role,all:SQ-1:swap_w1_w4=1,,,active,,8,8,0,
B,confirmatory,member1_role,all:SQ-1:swap_w1_w4=1,,,yoked,,8,8,0,
B,confirmatory,member1_role,all:SQ-2:swap_w1_w4=0,,,active,,8,8,0,
B,confirmatory,member1_role,all:SQ-2:swap_w1_w4=0,,,yoked,,8,8,0,
B,confirmatory,member1_role,all:SQ-2:swap_w1_w4=1,,,active,,8,8,0,
B,confirmatory,member1_role,all:SQ-2:swap_w1_w4=1,,,yoked,,8,8,0,
B,confirmatory,swap_w1_w4,all:SQ-1,,,0,,16,16,0,
B,confirmatory,swap_w1_w4,all:SQ-1,,,1,,16,16,0,
B,confirmatory,swap_w1_w4,all:SQ-2,,,0,,16,16,0,
B,confirmatory,swap_w1_w4,all:SQ-2,,,1,,16,16,0,
B,confirmatory,menu_order,all,,,P1|P2|P3,,11,10.6667,0.3333,
B,confirmatory,menu_order,all,,,P1|P3|P2,,10,10.6667,-0.6667,
B,confirmatory,menu_order,all,,,P2|P1|P3,,10,10.6667,-0.6667,
B,confirmatory,menu_order,all,,,P2|P3|P1,,11,10.6667,0.3333,
B,confirmatory,menu_order,all,,,P3|P1|P2,,11,10.6667,0.3333,
B,confirmatory,menu_order,all,,,P3|P2|P1,,11,10.6667,0.3333,
B,confirmatory,menu_position,all,,,P1,1,21,21.3333,-0.3333,
B,confirmatory,menu_position,all,,,P1,2,21,21.3333,-0.3333,
B,confirmatory,menu_position,all,,,P1,3,22,21.3333,0.6667,
B,confirmatory,menu_position,all,,,P2,1,21,21.3333,-0.3333,
B,confirmatory,menu_position,all,,,P2,2,22,21.3333,0.6667,
B,confirmatory,menu_position,all,,,P2,3,21,21.3333,-0.3333,
B,confirmatory,menu_position,all,,,P3,1,22,21.3333,0.6667,
B,confirmatory,menu_position,all,,,P3,2,21,21.3333,-0.3333,
B,confirmatory,menu_position,all,,,P3,3,21,21.3333,-0.3333,
B,confirmatory,sq_arm,all+spares,,,SQ-1,,36,36,0,
B,confirmatory,sq_arm,all+spares,,,SQ-2,,36,36,0,
B,confirmatory,member1_role,all+spares:SQ-1:swap_w1_w4=0,,,active,,9,9,0,
B,confirmatory,member1_role,all+spares:SQ-1:swap_w1_w4=0,,,yoked,,9,9,0,
B,confirmatory,member1_role,all+spares:SQ-1:swap_w1_w4=1,,,active,,9,9,0,
B,confirmatory,member1_role,all+spares:SQ-1:swap_w1_w4=1,,,yoked,,9,9,0,
B,confirmatory,member1_role,all+spares:SQ-2:swap_w1_w4=0,,,active,,9,9,0,
B,confirmatory,member1_role,all+spares:SQ-2:swap_w1_w4=0,,,yoked,,9,9,0,
B,confirmatory,member1_role,all+spares:SQ-2:swap_w1_w4=1,,,active,,9,9,0,
B,confirmatory,member1_role,all+spares:SQ-2:swap_w1_w4=1,,,yoked,,9,9,0,
B,confirmatory,swap_w1_w4,all+spares:SQ-1,,,0,,18,18,0,
B,confirmatory,swap_w1_w4,all+spares:SQ-1,,,1,,18,18,0,
B,confirmatory,swap_w1_w4,all+spares:SQ-2,,,0,,18,18,0,
B,confirmatory,swap_w1_w4,all+spares:SQ-2,,,1,,18,18,0,
B,confirmatory,menu_order,all+spares,,,P1|P2|P3,,12,12,0,
B,confirmatory,menu_order,all+spares,,,P1|P3|P2,,12,12,0,
B,confirmatory,menu_order,all+spares,,,P2|P1|P3,,12,12,0,
B,confirmatory,menu_order,all+spares,,,P2|P3|P1,,12,12,0,
B,confirmatory,menu_order,all+spares,,,P3|P1|P2,,12,12,0,
B,confirmatory,menu_order,all+spares,,,P3|P2|P1,,12,12,0,
B,confirmatory,menu_position,all+spares,,,P1,1,24,24,0,
B,confirmatory,menu_position,all+spares,,,P1,2,24,24,0,
B,confirmatory,menu_position,all+spares,,,P1,3,24,24,0,
B,confirmatory,menu_position,all+spares,,,P2,1,24,24,0,
B,confirmatory,menu_position,all+spares,,,P2,2,24,24,0,
B,confirmatory,menu_position,all+spares,,,P2,3,24,24,0,
B,confirmatory,menu_position,all+spares,,,P3,1,24,24,0,
B,confirmatory,menu_position,all+spares,,,P3,2,24,24,0,
B,confirmatory,menu_position,all+spares,,,P3,3,24,24,0,
B,confirmatory,sq_arm,spares,,,SQ-1,,4,4,0,
B,confirmatory,sq_arm,spares,,,SQ-2,,4,4,0,
B,confirmatory,member1_role,spares:SQ-1:swap_w1_w4=0,,,active,,1,1,0,
B,confirmatory,member1_role,spares:SQ-1:swap_w1_w4=0,,,yoked,,1,1,0,
B,confirmatory,member1_role,spares:SQ-1:swap_w1_w4=1,,,active,,1,1,0,
B,confirmatory,member1_role,spares:SQ-1:swap_w1_w4=1,,,yoked,,1,1,0,
B,confirmatory,member1_role,spares:SQ-2:swap_w1_w4=0,,,active,,1,1,0,
B,confirmatory,member1_role,spares:SQ-2:swap_w1_w4=0,,,yoked,,1,1,0,
B,confirmatory,member1_role,spares:SQ-2:swap_w1_w4=1,,,active,,1,1,0,
B,confirmatory,member1_role,spares:SQ-2:swap_w1_w4=1,,,yoked,,1,1,0,
B,confirmatory,swap_w1_w4,spares:SQ-1,,,0,,2,2,0,
B,confirmatory,swap_w1_w4,spares:SQ-1,,,1,,2,2,0,
B,confirmatory,swap_w1_w4,spares:SQ-2,,,0,,2,2,0,
B,confirmatory,swap_w1_w4,spares:SQ-2,,,1,,2,2,0,
B,confirmatory,menu_order,spares,,,P1|P2|P3,,1,1.3333,-0.3333,
B,confirmatory,menu_order,spares,,,P1|P3|P2,,2,1.3333,0.6667,
B,confirmatory,menu_order,spares,,,P2|P1|P3,,2,1.3333,0.6667,
B,confirmatory,menu_order,spares,,,P2|P3|P1,,1,1.3333,-0.3333,
B,confirmatory,menu_order,spares,,,P3|P1|P2,,1,1.3333,-0.3333,
B,confirmatory,menu_order,spares,,,P3|P2|P1,,1,1.3333,-0.3333,
B,confirmatory,menu_position,spares,,,P1,1,3,2.6667,0.3333,
B,confirmatory,menu_position,spares,,,P1,2,3,2.6667,0.3333,
B,confirmatory,menu_position,spares,,,P1,3,2,2.6667,-0.6667,
B,confirmatory,menu_position,spares,,,P2,1,3,2.6667,0.3333,
B,confirmatory,menu_position,spares,,,P2,2,2,2.6667,-0.6667,
B,confirmatory,menu_position,spares,,,P2,3,3,2.6667,0.3333,
B,confirmatory,menu_position,spares,,,P3,1,2,2.6667,-0.6667,
B,confirmatory,menu_position,spares,,,P3,2,3,2.6667,0.3333,
B,confirmatory,menu_position,spares,,,P3,3,3,2.6667,0.3333,
