fault,visit_type,visit_id,documented,expected_code,detected,resolved,deviation_missing,status,ok,codes
missing_trial,D0,A-P01-L01-D0,false,COUNT_MISSING_TRIAL,true,false,true,fail,true,COUNT_MISSING_TRIAL|DEVIATION_MISSING
missing_trial,D0,A-P01-L01-D0,true,COUNT_MISSING_TRIAL,true,true,false,pass,true,COUNT_MISSING_TRIAL
missing_trial,D7,A-P01-L01-D7,false,COUNT_MISSING_TRIAL,true,false,true,fail,true,COUNT_MISSING_TRIAL|DEVIATION_MISSING
missing_trial,D7,A-P01-L01-D7,true,COUNT_MISSING_TRIAL,true,true,false,pass,true,COUNT_MISSING_TRIAL
missing_trial,V1,B-P01-M1-V1,false,COUNT_MISSING_TRIAL,true,false,true,fail,true,COUNT_MISSING_TRIAL|DEVIATION_MISSING
missing_trial,V1,B-P01-M1-V1,true,COUNT_MISSING_TRIAL,true,true,false,pass,true,COUNT_MISSING_TRIAL
missing_trial,V2,B-P01-M1-V2,false,COUNT_MISSING_TRIAL,true,false,true,fail,true,COUNT_MISSING_TRIAL|DEVIATION_MISSING
missing_trial,V2,B-P01-M1-V2,true,COUNT_MISSING_TRIAL,true,true,false,pass,true,COUNT_MISSING_TRIAL
missing_trial,V3,B-P01-M1-V3,false,COUNT_MISSING_TRIAL,true,false,true,fail,true,COUNT_MISSING_TRIAL|DEVIATION_MISSING
missing_trial,V3,B-P01-M1-V3,true,COUNT_MISSING_TRIAL,true,true,false,pass,true,COUNT_MISSING_TRIAL
missing_trial,W1,B-P01-M1-W1,false,COUNT_MISSING_TRIAL,true,false,true,fail,true,COUNT_MISSING_TRIAL|DEVIATION_MISSING
missing_trial,W1,B-P01-M1-W1,true,COUNT_MISSING_TRIAL,true,true,false,pass,true,COUNT_MISSING_TRIAL
missing_trial,W4,B-P01-M1-W4,false,COUNT_MISSING_TRIAL,true,false,true,fail,true,COUNT_MISSING_TRIAL|DEVIATION_MISSING
missing_trial,W4,B-P01-M1-W4,true,COUNT_MISSING_TRIAL,true,true,false,pass,true,COUNT_MISSING_TRIAL
extra_play,D0,A-P01-L01-D0,false,COUNT_EXTRA_PLAY,true,false,true,fail,true,COUNT_EXTRA_PLAY|DEVIATION_MISSING
extra_play,D0,A-P01-L01-D0,true,COUNT_EXTRA_PLAY,true,true,false,pass,true,COUNT_EXTRA_PLAY
extra_play,D7,A-P01-L01-D7,false,COUNT_EXTRA_PLAY,true,false,true,fail,true,COUNT_EXTRA_PLAY|DEVIATION_MISSING
extra_play,D7,A-P01-L01-D7,true,COUNT_EXTRA_PLAY,true,true,false,pass,true,COUNT_EXTRA_PLAY
extra_play,V1,B-P01-M1-V1,false,COUNT_EXTRA_PLAY,true,false,true,fail,true,COUNT_EXTRA_PLAY|DEVIATION_MISSING
extra_play,V1,B-P01-M1-V1,true,COUNT_EXTRA_PLAY,true,true,false,pass,true,COUNT_EXTRA_PLAY
extra_play,V2,B-P01-M1-V2,false,COUNT_EXTRA_PLAY,true,false,true,fail,true,COUNT_EXTRA_PLAY|DEVIATION_MISSING
extra_play,V2,B-P01-M1-V2,true,COUNT_EXTRA_PLAY,true,true,false,pass,true,COUNT_EXTRA_PLAY
extra_play,V3,B-P01-M1-V3,false,COUNT_EXTRA_PLAY,true,false,true,fail,true,COUNT_EXTRA_PLAY|DEVIATION_MISSING
extra_play,V3,B-P01-M1-V3,true,COUNT_EXTRA_PLAY,true,true,false,pass,true,COUNT_EXTRA_PLAY
extra_play,W1,B-P01-M1-W1,false,COUNT_EXTRA_PLAY,true,false,true,fail,true,COUNT_EXTRA_PLAY|DEVIATION_MISSING
extra_play,W1,B-P01-M1-W1,true,COUNT_EXTRA_PLAY,true,true,false,pass,true,COUNT_EXTRA_PLAY
extra_play,W4,B-P01-M1-W4,false,COUNT_EXTRA_PLAY,true,false,true,fail,true,COUNT_EXTRA_PLAY|DEVIATION_MISSING
extra_play,W4,B-P01-M1-W4,true,COUNT_EXTRA_PLAY,true,true,false,pass,true,COUNT_EXTRA_PLAY
wrong_hash,D0,A-P01-L01-D0,false,WAVEFORM_HASH_MISMATCH,true,false,true,fail,true,DEVIATION_MISSING|WAVEFORM_HASH_MISMATCH
wrong_hash,D0,A-P01-L01-D0,true,WAVEFORM_HASH_MISMATCH,true,true,false,pass,true,WAVEFORM_HASH_MISMATCH
wrong_hash,D7,A-P01-L01-D7,false,WAVEFORM_HASH_MISMATCH,true,false,true,fail,true,DEVIATION_MISSING|WAVEFORM_HASH_MISMATCH
wrong_hash,D7,A-P01-L01-D7,true,WAVEFORM_HASH_MISMATCH,true,true,false,pass,true,WAVEFORM_HASH_MISMATCH
wrong_hash,V1,B-P01-M1-V1,false,WAVEFORM_HASH_MISMATCH,true,false,true,fail,true,DEVIATION_MISSING|WAVEFORM_HASH_MISMATCH
wrong_hash,V1,B-P01-M1-V1,true,WAVEFORM_HASH_MISMATCH,true,true,false,pass,true,WAVEFORM_HASH_MISMATCH
wrong_hash,V2,B-P01-M1-V2,false,WAVEFORM_HASH_MISMATCH,true,false,true,fail,true,DEVIATION_MISSING|WAVEFORM_HASH_MISMATCH
wrong_hash,V2,B-P01-M1-V2,true,WAVEFORM_HASH_MISMATCH,true,true,false,pass,true,WAVEFORM_HASH_MISMATCH
wrong_hash,V3,B-P01-M1-V3,false,WAVEFORM_HASH_MISMATCH,true,false,true,fail,true,DEVIATION_MISSING|WAVEFORM_HASH_MISMATCH
wrong_hash,V3,B-P01-M1-V3,true,WAVEFORM_HASH_MISMATCH,true,true,false,pass,true,WAVEFORM_HASH_MISMATCH
wrong_hash,W1,B-P01-M1-W1,false,WAVEFORM_HASH_MISMATCH,true,false,true,fail,true,DEVIATION_MISSING|WAVEFORM_HASH_MISMATCH
wrong_hash,W1,B-P01-M1-W1,true,WAVEFORM_HASH_MISMATCH,true,true,false,pass,true,WAVEFORM_HASH_MISMATCH
wrong_hash,W4,B-P01-M1-W4,false,WAVEFORM_HASH_MISMATCH,true,false,true,fail,true,DEVIATION_MISSING|WAVEFORM_HASH_MISMATCH
wrong_hash,W4,B-P01-M1-W4,true,WAVEFORM_HASH_MISMATCH,true,true,false,pass,true,WAVEFORM_HASH_MISMATCH
holdout_in_lesson,D0,A-P01-L01-D0,false,HOLDOUT_OUTSIDE_TEST,true,false,true,fail,true,COUNT_EXTRA_PLAY|DEVIATION_MISSING|HOLDOUT_OUTSIDE_TEST|HOLDOUT_WRONG_VISIT
holdout_in_lesson,D0,A-P01-L01-D0,true,HOLDOUT_OUTSIDE_TEST,true,true,false,pass,true,COUNT_EXTRA_PLAY|HOLDOUT_OUTSIDE_TEST|HOLDOUT_WRONG_VISIT
holdout_in_lesson,V1,B-P01-M1-V1,false,HOLDOUT_OUTSIDE_TEST,true,false,true,fail,true,COUNT_EXTRA_PLAY|DEVIATION_MISSING|HOLDOUT_OUTSIDE_TEST|HOLDOUT_WRONG_VISIT
holdout_in_lesson,V1,B-P01-M1-V1,true,HOLDOUT_OUTSIDE_TEST,true,true,false,pass,true,COUNT_EXTRA_PLAY|HOLDOUT_OUTSIDE_TEST|HOLDOUT_WRONG_VISIT
holdout_in_lesson,V2,B-P01-M1-V2,false,HOLDOUT_OUTSIDE_TEST,true,false,true,fail,true,COUNT_EXTRA_PLAY|DEVIATION_MISSING|HOLDOUT_OUTSIDE_TEST
holdout_in_lesson,V2,B-P01-M1-V2,true,HOLDOUT_OUTSIDE_TEST,true,true,false,pass,true,COUNT_EXTRA_PLAY|HOLDOUT_OUTSIDE_TEST
holdout_in_lesson,V3,B-P01-M1-V3,false,HOLDOUT_OUTSIDE_TEST,true,false,true,fail,true,COUNT_EXTRA_PLAY|DEVIATION_MISSING|HOLDOUT_OUTSIDE_TEST
holdout_in_lesson,V3,B-P01-M1-V3,true,HOLDOUT_OUTSIDE_TEST,true,true,false,pass,true,COUNT_EXTRA_PLAY|HOLDOUT_OUTSIDE_TEST
changed_old_atom,V2,B-P01-M1-V2,false,OLD_ATOM_CHANGED,true,false,true,fail,true,DEVIATION_MISSING|OLD_ATOM_CHANGED
changed_old_atom,V2,B-P01-M1-V2,true,OLD_ATOM_CHANGED,true,true,false,pass,true,OLD_ATOM_CHANGED
changed_old_atom,V3,B-P01-M1-V3,false,OLD_ATOM_CHANGED,true,false,true,fail,true,DEVIATION_MISSING|OLD_ATOM_CHANGED
changed_old_atom,V3,B-P01-M1-V3,true,OLD_ATOM_CHANGED,true,true,false,pass,true,OLD_ATOM_CHANGED
changed_old_atom,W1,B-P01-M1-W1,false,OLD_ATOM_CHANGED,true,false,true,fail,true,DEVIATION_MISSING|OLD_ATOM_CHANGED
changed_old_atom,W1,B-P01-M1-W1,true,OLD_ATOM_CHANGED,true,true,false,pass,true,OLD_ATOM_CHANGED
changed_old_atom,W4,B-P01-M1-W4,false,OLD_ATOM_CHANGED,true,false,true,fail,true,DEVIATION_MISSING|OLD_ATOM_CHANGED
changed_old_atom,W4,B-P01-M1-W4,true,OLD_ATOM_CHANGED,true,true,false,pass,true,OLD_ATOM_CHANGED
yoked_mismatch,V1,B-P01-M1-V1,false,YOKED_MISMATCH,true,false,true,fail,true,DEVIATION_MISSING|YOKED_MISMATCH
yoked_mismatch,V1,B-P01-M1-V1,true,YOKED_MISMATCH,true,true,false,pass,true,YOKED_MISMATCH
yoked_mismatch,V2,B-P01-M1-V2,false,YOKED_MISMATCH,true,false,true,fail,true,DEVIATION_MISSING|YOKED_MISMATCH
yoked_mismatch,V2,B-P01-M1-V2,true,YOKED_MISMATCH,true,true,false,pass,true,YOKED_MISMATCH
yoked_mismatch,V3,B-P01-M1-V3,false,YOKED_MISMATCH,true,false,true,fail,true,DEVIATION_MISSING|YOKED_MISMATCH
yoked_mismatch,V3,B-P01-M1-V3,true,YOKED_MISMATCH,true,true,false,pass,true,YOKED_MISMATCH
late_visit,D7,A-P01-L01-D7,false,WINDOW_LATE,true,false,true,fail,true,DEVIATION_MISSING|WINDOW_LATE
late_visit,D7,A-P01-L01-D7,true,WINDOW_LATE,true,true,false,pass,true,WINDOW_LATE
late_visit,V2,B-P01-M1-V2,false,WINDOW_LATE,true,false,true,fail,true,DEVIATION_MISSING|WINDOW_LATE
late_visit,V2,B-P01-M1-V2,true,WINDOW_LATE,true,true,false,pass,true,WINDOW_LATE
late_visit,V3,B-P01-M1-V3,false,WINDOW_LATE,true,false,true,fail,true,DEVIATION_MISSING|WINDOW_LATE
late_visit,V3,B-P01-M1-V3,true,WINDOW_LATE,true,true,false,pass,true,WINDOW_LATE
late_visit,W1,B-P01-M1-W1,false,WINDOW_LATE,true,false,true,fail,true,DEVIATION_MISSING|WINDOW_LATE
late_visit,W1,B-P01-M1-W1,true,WINDOW_LATE,true,true,false,pass,true,WINDOW_LATE
late_visit,W4,B-P01-M1-W4,false,WINDOW_LATE,true,false,true,fail,true,DEVIATION_MISSING|WINDOW_LATE
late_visit,W4,B-P01-M1-W4,true,WINDOW_LATE,true,true,false,pass,true,WINDOW_LATE
broken_retry_of,D0,A-P01-L01-D0,false,RETRY_LINK_BROKEN,true,false,true,fail,true,DEVIATION_MISSING|RETRY_LINK_BROKEN
broken_retry_of,D0,A-P01-L01-D0,true,RETRY_LINK_BROKEN,true,true,false,pass,true,RETRY_LINK_BROKEN
broken_retry_of,D7,A-P01-L01-D7,false,RETRY_LINK_BROKEN,true,false,true,fail,true,DEVIATION_MISSING|RETRY_LINK_BROKEN
broken_retry_of,D7,A-P01-L01-D7,true,RETRY_LINK_BROKEN,true,true,false,pass,true,RETRY_LINK_BROKEN
broken_retry_of,V1,B-P01-M1-V1,false,RETRY_LINK_BROKEN,true,false,true,fail,true,DEVIATION_MISSING|RETRY_LINK_BROKEN
broken_retry_of,V1,B-P01-M1-V1,true,RETRY_LINK_BROKEN,true,true,false,pass,true,RETRY_LINK_BROKEN
broken_retry_of,V2,B-P01-M1-V2,false,RETRY_LINK_BROKEN,true,false,true,fail,true,DEVIATION_MISSING|RETRY_LINK_BROKEN
broken_retry_of,V2,B-P01-M1-V2,true,RETRY_LINK_BROKEN,true,true,false,pass,true,RETRY_LINK_BROKEN
broken_retry_of,V3,B-P01-M1-V3,false,RETRY_LINK_BROKEN,true,false,true,fail,true,DEVIATION_MISSING|RETRY_LINK_BROKEN
broken_retry_of,V3,B-P01-M1-V3,true,RETRY_LINK_BROKEN,true,true,false,pass,true,RETRY_LINK_BROKEN
broken_retry_of,W1,B-P01-M1-W1,false,RETRY_LINK_BROKEN,true,false,true,fail,true,DEVIATION_MISSING|RETRY_LINK_BROKEN
broken_retry_of,W1,B-P01-M1-W1,true,RETRY_LINK_BROKEN,true,true,false,pass,true,RETRY_LINK_BROKEN
broken_retry_of,W4,B-P01-M1-W4,false,RETRY_LINK_BROKEN,true,false,true,fail,true,DEVIATION_MISSING|RETRY_LINK_BROKEN
broken_retry_of,W4,B-P01-M1-W4,true,RETRY_LINK_BROKEN,true,true,false,pass,true,RETRY_LINK_BROKEN
unlinked_discrepancy,D0,A-P01-L01-D0,false,DEVIATION_MISSING,true,false,true,fail,true,COUNT_RUN_SHEET|DEVIATION_MISSING
unlinked_discrepancy,D7,A-P01-L01-D7,false,DEVIATION_MISSING,true,false,true,fail,true,COUNT_RUN_SHEET|DEVIATION_MISSING
unlinked_discrepancy,V1,B-P01-M1-V1,false,DEVIATION_MISSING,true,false,true,fail,true,COUNT_RUN_SHEET|DEVIATION_MISSING
unlinked_discrepancy,V2,B-P01-M1-V2,false,DEVIATION_MISSING,true,false,true,fail,true,COUNT_RUN_SHEET|DEVIATION_MISSING
unlinked_discrepancy,V3,B-P01-M1-V3,false,DEVIATION_MISSING,true,false,true,fail,true,COUNT_RUN_SHEET|DEVIATION_MISSING
unlinked_discrepancy,W1,B-P01-M1-W1,false,DEVIATION_MISSING,true,false,true,fail,true,COUNT_RUN_SHEET|DEVIATION_MISSING
unlinked_discrepancy,W4,B-P01-M1-W4,false,DEVIATION_MISSING,true,false,true,fail,true,COUNT_RUN_SHEET|DEVIATION_MISSING
