book_id,quantity,log_count,audit_count,match
DEMO-BK-7QX4,slots_total,192,192,1
DEMO-BK-7QX4,slots_valid,155,155,1
DEMO-BK-7QX4,slots_invalid,37,37,1
DEMO-BK-7QX4,n_valid,155,155,1
DEMO-BK-7QX4,n_invalid_json,8,8,1
DEMO-BK-7QX4,n_schema_violation,0,0,1
DEMO-BK-7QX4,n_out_of_domain,0,0,1
DEMO-BK-7QX4,n_render_fail,0,0,1
DEMO-BK-7QX4,n_event_too_short,20,20,1
DEMO-BK-7QX4,n_clipping,0,0,1
DEMO-BK-7QX4,n_duplicate,0,0,1
DEMO-BK-7QX4,n_reserved_collision,0,0,1
DEMO-BK-7QX4,n_separation_fail,1,1,1
DEMO-BK-7QX4,n_incompatible,0,0,1
DEMO-BK-7QX4,n_overflow_input,0,0,1
DEMO-BK-7QX4,n_overflow_output,0,0,1
DEMO-BK-7QX4,n_timeout,8,8,1
DEMO-BK-7QX4,n_llm_server_error,0,0,1
DEMO-BK-7QX4,atoms_committed,16,16,1
DEMO-BK-7QX4,atoms_selector,16,16,1
DEMO-BK-7QX4,atoms_bank_fallback,0,0,1
DEMO-BK-7QX4,atoms_book_fallback,0,0,1
DEMO-BK-7QX4,failed_generation,0,0,1
DEMO-BK-7QX4,nonfallback,1,1,1
DEMO-BK-7QX4,total_ms_450,4,4,1
DEMO-BK-7QX4,total_ms_600,3,3,1
DEMO-BK-7QX4,total_ms_750,1,1,1
DEMO-BK-7QX4,total_ms_900,8,8,1
DEMO-BK-H9TC,slots_total,192,192,1
DEMO-BK-H9TC,slots_valid,175,175,1
DEMO-BK-H9TC,slots_invalid,17,17,1
DEMO-BK-H9TC,n_valid,175,175,1
DEMO-BK-H9TC,n_invalid_json,0,0,1
DEMO-BK-H9TC,n_schema_violation,0,0,1
DEMO-BK-H9TC,n_out_of_domain,0,0,1
DEMO-BK-H9TC,n_render_fail,0,0,1
DEMO-BK-H9TC,n_event_too_short,17,17,1
DEMO-BK-H9TC,n_clipping,0,0,1
DEMO-BK-H9TC,n_duplicate,0,0,1
DEMO-BK-H9TC,n_reserved_collision,0,0,1
DEMO-BK-H9TC,n_separation_fail,0,0,1
DEMO-BK-H9TC,n_incompatible,0,0,1
DEMO-BK-H9TC,n_overflow_input,0,0,1
DEMO-BK-H9TC,n_overflow_output,0,0,1
DEMO-BK-H9TC,n_timeout,0,0,1
DEMO-BK-H9TC,n_llm_server_error,0,0,1
DEMO-BK-H9TC,atoms_committed,16,16,1
DEMO-BK-H9TC,atoms_selector,0,0,1
DEMO-BK-H9TC,atoms_bank_fallback,0,0,1
DEMO-BK-H9TC,atoms_book_fallback,16,16,1
DEMO-BK-H9TC,failed_generation,1,1,1
DEMO-BK-H9TC,nonfallback,0,0,1
DEMO-BK-H9TC,total_ms_450,8,8,1
DEMO-BK-H9TC,total_ms_600,1,1,1
DEMO-BK-H9TC,total_ms_750,1,1,1
DEMO-BK-H9TC,total_ms_900,6,6,1
DEMO-BK-M2RW,slots_total,192,192,1
DEMO-BK-M2RW,slots_valid,181,181,1
DEMO-BK-M2RW,slots_invalid,11,11,1
DEMO-BK-M2RW,n_valid,181,181,1
DEMO-BK-M2RW,n_invalid_json,0,0,1
DEMO-BK-M2RW,n_schema_violation,0,0,1
DEMO-BK-M2RW,n_out_of_domain,0,0,1
DEMO-BK-M2RW,n_render_fail,0,0,1
DEMO-BK-M2RW,n_event_too_short,11,11,1
DEMO-BK-M2RW,n_clipping,0,0,1
DEMO-BK-M2RW,n_duplicate,0,0,1
DEMO-BK-M2RW,n_reserved_collision,0,0,1
DEMO-BK-M2RW,n_separation_fail,0,0,1
DEMO-BK-M2RW,n_incompatible,0,0,1
DEMO-BK-M2RW,n_overflow_input,0,0,1
DEMO-BK-M2RW,n_overflow_output,0,0,1
DEMO-BK-M2RW,n_timeout,0,0,1
DEMO-BK-M2RW,n_llm_server_error,0,0,1
DEMO-BK-M2RW,atoms_committed,16,16,1
DEMO-BK-M2RW,atoms_selector,16,16,1
DEMO-BK-M2RW,atoms_bank_fallback,0,0,1
DEMO-BK-M2RW,atoms_book_fallback,0,0,1
DEMO-BK-M2RW,failed_generation,0,0,1
DEMO-BK-M2RW,nonfallback,1,1,1
DEMO-BK-M2RW,total_ms_450,3,3,1
DEMO-BK-M2RW,total_ms_600,5,5,1
DEMO-BK-M2RW,total_ms_750,2,2,1
DEMO-BK-M2RW,total_ms_900,6,6,1
*,fallback_scans,2,2,1
*,slot_refusals,0,0,1
