schema_version,session_id,coded_id,visit_id,station_id,opportunity_id,attempt_id,audio_request_id,retry_of,yoked_source_event_id,candidate_id,accepted_or_rejected,audio_id,waveform_sha256,audio_request_mono_ms,scheduled_onset_mono_ms,audio_onset_estimate_mono_ms,onset_uncertainty_ms,playback_status,audible_status,callback_observed,pause_ms,matching_deviation_id,exposure_consumed,technical_fault_code
data-csv-provisional-1,11111111111111111111111111111111,SYNTHETIC,DEMO,synthetic-station,SYNTHETIC-0,SYNTHETIC-0,71bb796362ba42fa8adefe4cb6c74971,,,,pending,synthetic-silence,cccccccccccccccccccccccccccccccccccccccccccccccccccccccccccccccc,800,1000,,,uncertain,uncertain,false,0,,true,
data-csv-provisional-1,11111111111111111111111111111111,SYNTHETIC,DEMO,synthetic-station,SYNTHETIC-1,SYNTHETIC-1,45fdf955329b47099b009acdc69779cf,,,,pending,synthetic-silence,cccccccccccccccccccccccccccccccccccccccccccccccccccccccccccccccc,800,1000,,,uncertain,uncertain,false,0,,true,
data-csv-provisional-1,11111111111111111111111111111111,SYNTHETIC,DEMO,synthetic-station,SYNTHETIC-2,SYNTHETIC-2,e4384396d6a34a8a8d3d4656e1609eb2,,,,pending,synthetic-silence,cccccccccccccccccccccccccccccccccccccccccccccccccccccccccccccccc,800,1000,,,uncertain,uncertain,false,0,,true,
data-csv-provisional-1,11111111111111111111111111111111,SYNTHETIC,DEMO,synthetic-station,SYNTHETIC-3,SYNTHETIC-3,e7a2cd35aa3748889c6f66b2cd6d8dfa,,,,pending,synthetic-silence,cccccccccccccccccccccccccccccccccccccccccccccccccccccccccccccccc,800,1000,,,uncertain,uncertain,false,0,,true,
data-csv-provisional-1,11111111111111111111111111111111,SYNTHETIC,DEMO,synthetic-station,SYNTHETIC-4,SYNTHETIC-4,0e48843187374e0398b3270eb1717b3f,,,,pending,synthetic-silence,cccccccccccccccccccccccccccccccccccccccccccccccccccccccccccccccc,800,1000,,,uncertain,uncertain,false,0,,true,
data-csv-provisional-1,11111111111111111111111111111111,SYNTHETIC,DEMO,synthetic-station,SYNTHETIC-5,SYNTHETIC-5,49bc4c189d7b4b2892122537967c1a50,,,,pending,synthetic-silence,cccccccccccccccccccccccccccccccccccccccccccccccccccccccccccccccc,800,1000,,,uncertain,uncertain,false,0,,true,
data-csv-provisional-1,11111111111111111111111111111111,SYNTHETIC,DEMO,synthetic-station,SYNTHETIC-6,SYNTHETIC-6,32b949329ad1447a88c4091a875e25df,,,,pending,synthetic-silence,cccccccccccccccccccccccccccccccccccccccccccccccccccccccccccccccc,800,1000,,,uncertain,uncertain,false,0,,true,
data-csv-provisional-1,11111111111111111111111111111111,SYNTHETIC,DEMO,synthetic-station,SYNTHETIC-7,SYNTHETIC-7,e372b0a9d93a47a89f2de0d3c2518af3,,,,pending,synthetic-silence,cccccccccccccccccccccccccccccccccccccccccccccccccccccccccccccccc,800,1000,,,uncertain,uncertain,false,0,,true,
data-csv-provisional-1,11111111111111111111111111111111,SYNTHETIC,DEMO,synthetic-station,SYNTHETIC-8,SYNTHETIC-8,8d08f5286e82427aafd50047677edca8,,,,pending,synthetic-silence,cccccccccccccccccccccccccccccccccccccccccccccccccccccccccccccccc,800,1000,,,uncertain,uncertain,false,0,,true,
data-csv-provisional-1,11111111111111111111111111111111,SYNTHETIC,DEMO,synthetic-station,SYNTHETIC-9,SYNTHETIC-9,3192c5ef50324e6698225de341ebde8a,,,,pending,synthetic-silence,cccccccccccccccccccccccccccccccccccccccccccccccccccccccccccccccc,800,1000,,,uncertain,uncertain,false,0,,true,
data-csv-provisional-1,11111111111111111111111111111111,SYNTHETIC,DEMO,synthetic-station,SYNTHETIC-10,SYNTHETIC-10,67ab10f967c74927a801371e11f80b29,,,,pending,synthetic-silence,cccccccccccccccccccccccccccccccccccccccccccccccccccccccccccccccc,800,1000,,,uncertain,uncertain,false,0,,true,
data-csv-provisional-1,11111111111111111111111111111111,SYNTHETIC,DEMO,synthetic-station,SYNTHETIC-11,SYNTHETIC-11,535e06f6d12f4544aab17e1628237bc0,,,,pending,synthetic-silence,cccccccccccccccccccccccccccccccccccccccccccccccccccccccccccccccc,800,1000,,,uncertain,uncertain,false,0,,true,
data-csv-provisional-1,11111111111111111111111111111111,SYNTHETIC,DEMO,synthetic-station,SYNTHETIC-12,SYNTHETIC-12,5b18e2ca8ef2484c9e7d1c38c3f657b3,,,,pending,synthetic-silence,cccccccccccccccccccccccccccccccccccccccccccccccccccccccccccccccc,800,1000,,,uncertain,uncertain,false,0,,true,
data-csv-provisional-1,11111111111111111111111111111111,SYNTHETIC,DEMO,synthetic-station,SYNTHETIC-13,SYNTHETIC-13,3ba735402723442abc00ac900a2b985f,,,,pending,synthetic-silence,cccccccccccccccccccccccccccccccccccccccccccccccccccccccccccccccc,800,1000,,,uncertain,uncertain,false,0,,true,
data-csv-provisional-1,11111111111111111111111111111111,SYNTHETIC,DEMO,synthetic-station,SYNTHETIC-14,SYNTHETIC-14,8ca8eeca1a9a4ac0b65e0028dfac8a78,,,,pending,synthetic-silence,cccccccccccccccccccccccccccccccccccccccccccccccccccccccccccccccc,800,1000,,,uncertain,uncertain,false,0,,true,
data-csv-provisional-1,11111111111111111111111111111111,SYNTHETIC,DEMO,synthetic-station,SYNTHETIC-15,SYNTHETIC-15,cfbd0da4b9474cdc9d6bed200bf044c6,,,,pending,synthetic-silence,cccccccccccccccccccccccccccccccccccccccccccccccccccccccccccccccc,800,1000,,,uncertain,uncertain,false,0,,true,
data-csv-provisional-1,11111111111111111111111111111111,SYNTHETIC,DEMO,synthetic-station,SYNTHETIC-16,SYNTHETIC-16,1e51ce1b313a40739ec63e828a22c0f5,,,,pending,synthetic-silence,cccccccccccccccccccccccccccccccccccccccccccccccccccccccccccccccc,800,1000,,,uncertain,uncertain,false,0,,true,
data-csv-provisional-1,11111111111111111111111111111111,SYNTHETIC,DEMO,synthetic-station,SYNTHETIC-17,SYNTHETIC-17,40d4b2dfa6ee4539b2e6b8557e4ca9ee,,,,pending,synthetic-silence,cccccccccccccccccccccccccccccccccccccccccccccccccccccccccccccccc,800,1000,,,uncertain,uncertain,false,0,,true,
data-csv-provisional-1,11111111111111111111111111111111,SYNTHETIC,DEMO,synthetic-station,SYNTHETIC-18,SYNTHETIC-18,8416bcc60f814dbaac6cf32f52236b43,,,,pending,synthetic-silence,cccccccccccccccccccccccccccccccccccccccccccccccccccccccccccccccc,800,1000,,,uncertain,uncertain,false,0,,true,
data-csv-provisional-1,11111111111111111111111111111111,SYNTHETIC,DEMO,synthetic-station,SYNTHETIC-19,SYNTHETIC-19,86567bc674a14babbf7735ae0e809ddf,,,,pending,synthetic-silence,cccccccccccccccccccccccccccccccccccccccccccccccccccccccccccccccc,800,1000,,,uncertain,uncertain,false,0,,true,
data-csv-provisional-1,11111111111111111111111111111111,SYNTHETIC,DEMO,synthetic-station,SYNTHETIC-20,SYNTHETIC-20,423aec6937d6491da05ad27cf2ebdbc5,,,,pending,synthetic-silence,cccccccccccccccccccccccccccccccccccccccccccccccccccccccccccccccc,800,1000,,,uncertain,uncertain,false,0,,true,
data-csv-provisional-1,11111111111111111111111111111111,SYNTHETIC,DEMO,synthetic-station,SYNTHETIC-21,SYNTHETIC-21,e143d5ef84214ca1bd52d508e7e60b6f,,,,pending,synthetic-silence,cccccccccccccccccccccccccccccccccccccccccccccccccccccccccccccccc,800,1000,,,uncertain,uncertain,false,0,,true,
data-csv-provisional-1,11111111111111111111111111111111,SYNTHETIC,DEMO,synthetic-station,SYNTHETIC-22,SYNTHETIC-22,793d31ff22b84f0f8906af8ce567b830,,,,pending,synthetic-silence,cccccccccccccccccccccccccccccccccccccccccccccccccccccccccccccccc,800,1000,,,uncertain,uncertain,false,0,,true,
data-csv-provisional-1,11111111111111111111111111111111,SYNTHETIC,DEMO,synthetic-station,SYNTHETIC-23,SYNTHETIC-23,36b456553538416baca1c5658b852896,,,,pending,synthetic-silence,cccccccccccccccccccccccccccccccccccccccccccccccccccccccccccccccc,800,1000,,,uncertain,uncertain,false,0,,true,
data-csv-provisional-1,11111111111111111111111111111111,SYNTHETIC,DEMO,synthetic-station,SYNTHETIC-24,SYNTHETIC-24,2864e2e3ecac43cab46baaeb511ffa4c,,,,pending,synthetic-silence,cccccccccccccccccccccccccccccccccccccccccccccccccccccccccccccccc,800,1000,,,uncertain,uncertain,false,0,,true,
data-csv-provisional-1,11111111111111111111111111111111,SYNTHETIC,DEMO,synthetic-station,SYNTHETIC-25,SYNTHETIC-25,40d8f2e274c14e60b5c4c7c8899f1c09,,,,pending,synthetic-silence,cccccccccccccccccccccccccccccccccccccccccccccccccccccccccccccccc,800,1000,,,uncertain,uncertain,false,0,,true,
data-csv-provisional-1,11111111111111111111111111111111,SYNTHETIC,DEMO,synthetic-station,SYNTHETIC-26,SYNTHETIC-26,ca43dc543f3b4927933936df96499f3a,,,,pending,synthetic-silence,cccccccccccccccccccccccccccccccccccccccccccccccccccccccccccccccc,800,1000,,,uncertain,uncertain,false,0,,true,
data-csv-provisional-1,11111111111111111111111111111111,SYNTHETIC,DEMO,synthetic-station,SYNTHETIC-27,SYNTHETIC-27,6985c43b789f4083b5b0c5971f4d47f0,,,,pending,synthetic-silence,cccccccccccccccccccccccccccccccccccccccccccccccccccccccccccccccc,800,1000,,,uncertain,uncertain,false,0,,true,
data-csv-provisional-1,11111111111111111111111111111111,SYNTHETIC,DEMO,synthetic-station,SYNTHETIC-28,SYNTHETIC-28,76141bb071be494e9d333e16f3394ff2,,,,pending,synthetic-silence,cccccccccccccccccccccccccccccccccccccccccccccccccccccccccccccccc,800,1000,,,uncertain,uncertain,false,0,,true,
data-csv-provisional-1,11111111111111111111111111111111,SYNTHETIC,DEMO,synthetic-station,SYNTHETIC-29,SYNTHETIC-29,6903a358b373460b8f036bfeb32ab4b0,,,,pending,synthetic-silence,cccccccccccccccccccccccccccccccccccccccccccccccccccccccccccccccc,800,1000,,,uncertain,uncertain,false,0,,true,
data-csv-provisional-1,11111111111111111111111111111111,SYNTHETIC,DEMO,synthetic-station,SYNTHETIC-30,SYNTHETIC-30,9eefc366f8ef4535864bfede05845f79,,,,pending,synthetic-silence,cccccccccccccccccccccccccccccccccccccccccccccccccccccccccccccccc,800,1000,,,uncertain,uncertain,false,0,,true,
data-csv-provisional-1,11111111111111111111111111111111,SYNTHETIC,DEMO,synthetic-station,SYNTHETIC-31,SYNTHETIC-31,4eaa9441d74d43f586d924f45551be09,,,,pending,synthetic-silence,cccccccccccccccccccccccccccccccccccccccccccccccccccccccccccccccc,800,1000,,,uncertain,uncertain,false,0,,true,
data-csv-provisional-1,11111111111111111111111111111111,SYNTHETIC,DEMO,synthetic-station,SYNTHETIC-32,SYNTHETIC-32,b28ead9bca10474dbb71c2754000dd1f,,,,pending,synthetic-silence,cccccccccccccccccccccccccccccccccccccccccccccccccccccccccccccccc,800,1000,,,uncertain,uncertain,false,0,,true,
data-csv-provisional-1,11111111111111111111111111111111,SYNTHETIC,DEMO,synthetic-station,SYNTHETIC-33,SYNTHETIC-33,1d81dee452004b91b6d69a720c57c562,,,,pending,synthetic-silence,cccccccccccccccccccccccccccccccccccccccccccccccccccccccccccccccc,800,1000,,,uncertain,uncertain,false,0,,true,
data-csv-provisional-1,11111111111111111111111111111111,SYNTHETIC,DEMO,synthetic-station,SYNTHETIC-34,SYNTHETIC-34,16d7107888f34a6fa434e6b4a35ad15a,,,,pending,synthetic-silence,cccccccccccccccccccccccccccccccccccccccccccccccccccccccccccccccc,800,1000,,,uncertain,uncertain,false,0,,true,
data-csv-provisional-1,11111111111111111111111111111111,SYNTHETIC,DEMO,synthetic-station,SYNTHETIC-35,SYNTHETIC-35,cdf0cf455e314678a0ad12cc1d616a05,,,,pending,synthetic-silence,cccccccccccccccccccccccccccccccccccccccccccccccccccccccccccccccc,800,1000,,,uncertain,uncertain,false,0,,true,
