schema_version,session_id,coded_id,visit_id,station_id,opportunity_id,attempt_id,retry_of,method_masked,waveform_sha256,audio_request_mono_ms,audio_onset_estimate_mono_ms,onset_uncertainty_ms,playback_status,frame_freeze_ms,reset_ok,focus_ok,response_code,technical_fault_code,exposure_consumed,deviation_id,interrupted,audio_request_ids,selected_target,selected_action,response_target,response_action
data-csv-provisional-1,11111111111111111111111111111111,SYNTHETIC,DEMO,synthetic-station,SYNTHETIC-0,SYNTHETIC-0,,synthetic-masked,cccccccccccccccccccccccccccccccccccccccccccccccccccccccccccccccc,800,,,uncertain,0,true,true,commit,,true,,false,"[""71bb796362ba42fa8adefe4cb6c74971""]",,,,
data-csv-provisional-1,11111111111111111111111111111111,SYNTHETIC,DEMO,synthetic-station,SYNTHETIC-1,SYNTHETIC-1,,synthetic-masked,cccccccccccccccccccccccccccccccccccccccccccccccccccccccccccccccc,800,,,uncertain,0,true,true,commit,,true,,false,"[""45fdf955329b47099b009acdc69779cf""]",,,,
data-csv-provisional-1,11111111111111111111111111111111,SYNTHETIC,DEMO,synthetic-station,SYNTHETIC-2,SYNTHETIC-2,,synthetic-masked,cccccccccccccccccccccccccccccccccccccccccccccccccccccccccccccccc,800,,,uncertain,0,true,true,commit,,true,,false,"[""e4384396d6a34a8a8d3d4656e1609eb2""]",,,,
data-csv-provisional-1,11111111111111111111111111111111,SYNTHETIC,DEMO,synthetic-station,SYNTHETIC-3,SYNTHETIC-3,,synthetic-masked,cccccccccccccccccccccccccccccccccccccccccccccccccccccccccccccccc,800,,,uncertain,0,true,true,commit,,true,,false,"[""e7a2cd35aa3748889c6f66b2cd6d8dfa""]",,,,
data-csv-provisional-1,11111111111111111111111111111111,SYNTHETIC,DEMO,synthetic-station,SYNTHETIC-4,SYNTHETIC-4,,synthetic-masked,cccccccccccccccccccccccccccccccccccccccccccccccccccccccccccccccc,800,,,uncertain,0,true,true,commit,,true,,false,"[""0e48843187374e0398b3270eb1717b3f""]",,,,
data-csv-provisional-1,11111111111111111111111111111111,SYNTHETIC,DEMO,synthetic-station,SYNTHETIC-5,SYNTHETIC-5,,synthetic-masked,cccccccccccccccccccccccccccccccccccccccccccccccccccccccccccccccc,800,,,uncertain,0,true,true,commit,,true,,false,"[""49bc4c189d7b4b2892122537967c1a50""]",,,,
data-csv-provisional-1,11111111111111111111111111111111,SYNTHETIC,DEMO,synthetic-station,SYNTHETIC-6,SYNTHETIC-6,,synthetic-masked,cccccccccccccccccccccccccccccccccccccccccccccccccccccccccccccccc,800,,,uncertain,0,true,true,commit,,true,,false,"[""32b949329ad1447a88c4091a875e25df""]",,,,
data-csv-provisional-1,11111111111111111111111111111111,SYNTHETIC,DEMO,synthetic-station,SYNTHETIC-7,SYNTHETIC-7,,synthetic-masked,cccccccccccccccccccccccccccccccccccccccccccccccccccccccccccccccc,800,,,uncertain,0,true,true,commit,,true,,false,"[""e372b0a9d93a47a89f2de0d3c2518af3""]",,,,
data-csv-provisional-1,11111111111111111111111111111111,SYNTHETIC,DEMO,synthetic-station,SYNTHETIC-8,SYNTHETIC-8,,synthetic-masked,cccccccccccccccccccccccccccccccccccccccccccccccccccccccccccccccc,800,,,uncertain,0,true,true,commit,,true,,false,"[""8d08f5286e82427aafd50047677edca8""]",,,,
data-csv-provisional-1,11111111111111111111111111111111,SYNTHETIC,DEMO,synthetic-station,SYNTHETIC-9,SYNTHETIC-9,,synthetic-masked,cccccccccccccccccccccccccccccccccccccccccccccccccccccccccccccccc,800,,,uncertain,0,true,true,commit,,true,,false,"[""3192c5ef50324e6698225de341ebde8a""]",,,,
data-csv-provisional-1,11111111111111111111111111111111,SYNTHETIC,DEMO,synthetic-station,SYNTHETIC-10,SYNTHETIC-10,,synthetic-masked,cccccccccccccccccccccccccccccccccccccccccccccccccccccccccccccccc,800,,,uncertain,0,true,true,commit,,true,,false,"[""67ab10f967c74927a801371e11f80b29""]",,,,
data-csv-provisional-1,11111111111111111111111111111111,SYNTHETIC,DEMO,synthetic-station,SYNTHETIC-11,SYNTHETIC-11,,synthetic-masked,cccccccccccccccccccccccccccccccccccccccccccccccccccccccccccccccc,800,,,uncertain,0,true,true,commit,,true,,false,"[""535e06f6d12f4544aab17e1628237bc0""]",,,,
data-csv-provisional-1,11111111111111111111111111111111,SYNTHETIC,DEMO,synthetic-station,SYNTHETIC-12,SYNTHETIC-12,,synthetic-masked,cccccccccccccccccccccccccccccccccccccccccccccccccccccccccccccccc,800,,,uncertain,0,true,true,commit,,true,,false,"[""5b18e2ca8ef2484c9e7d1c38c3f657b3""]",,,,
data-csv-provisional-1,11111111111111111111111111111111,SYNTHETIC,DEMO,synthetic-station,SYNTHETIC-13,SYNTHETIC-13,,synthetic-masked,cccccccccccccccccccccccccccccccccccccccccccccccccccccccccccccccc,800,,,uncertain,0,true,true,commit,,true,,false,"[""3ba735402723442abc00ac900a2b985f""]",,,,
data-csv-provisional-1,11111111111111111111111111111111,SYNTHETIC,DEMO,synthetic-station,SYNTHETIC-14,SYNTHETIC-14,,synthetic-masked,cccccccccccccccccccccccccccccccccccccccccccccccccccccccccccccccc,800,,,uncertain,0,true,true,commit,,true,,false,"[""8ca8eeca1a9a4ac0b65e0028dfac8a78""]",,,,
data-csv-provisional-1,11111111111111111111111111111111,SYNTHETIC,DEMO,synthetic-station,SYNTHETIC-15,SYNTHETIC-15,,synthetic-masked,cccccccccccccccccccccccccccccccccccccccccccccccccccccccccccccccc,800,,,uncertain,0,true,true,commit,,true,,false,"[""cfbd0da4b9474cdc9d6bed200bf044c6""]",,,,
data-csv-provisional-1,11111111111111111111111111111111,SYNTHETIC,DEMO,synthetic-station,SYNTHETIC-16,SYNTHETIC-16,,synthetic-masked,cccccccccccccccccccccccccccccccccccccccccccccccccccccccccccccccc,800,,,uncertain,0,true,true,commit,,true,,false,"[""1e51ce1b313a40739ec63e828a22c0f5""]",,,,
data-csv-provisional-1,11111111111111111111111111111111,SYNTHETIC,DEMO,synthetic-station,SYNTHETIC-17,SYNTHETIC-17,,synthetic-masked,cccccccccccccccccccccccccccccccccccccccccccccccccccccccccccccccc,800,,,uncertain,0,true,true,commit,,true,,false,"[""40d4b2dfa6ee4539b2e6b8557e4ca9ee""]",,,,
data-csv-provisional-1,11111111111111111111111111111111,SYNTHETIC,DEMO,synthetic-station,SYNTHETIC-18,SYNTHETIC-18,,synthetic-masked,cccccccccccccccccccccccccccccccccccccccccccccccccccccccccccccccc,800,,,uncertain,0,true,true,commit,,true,,false,"[""8416bcc60f814dbaac6cf32f52236b43""]",,,,
data-csv-provisional-1,11111111111111111111111111111111,SYNTHETIC,DEMO,synthetic-station,SYNTHETIC-19,SYNTHETIC-19,,synthetic-masked,cccccccccccccccccccccccccccccccccccccccccccccccccccccccccccccccc,800,,,uncertain,0,true,true,commit,,true,,false,"[""86567bc674a14babbf7735ae0e809ddf""]",,,,
data-csv-provisional-1,11111111111111111111111111111111,SYNTHETIC,DEMO,synthetic-station,SYNTHETIC-20,SYNTHETIC-20,,synthetic-masked,cccccccccccccccccccccccccccccccccccccccccccccccccccccccccccccccc,800,,,uncertain,0,true,true,commit,,true,,false,"[""423aec6937d6491da05ad27cf2ebdbc5""]",,,,
data-csv-provisional-1,11111111111111111111111111111111,SYNTHETIC,DEMO,synthetic-station,SYNTHETIC-21,SYNTHETIC-21,,synthetic-masked,cccccccccccccccccccccccccccccccccccccccccccccccccccccccccccccccc,800,,,uncertain,0,true,true,commit,,true,,false,"[""e143d5ef84214ca1bd52d508e7e60b6f""]",,,,
data-csv-provisional-1,11111111111111111111111111111111,SYNTHETIC,DEMO,synthetic-station,SYNTHETIC-22,SYNTHETIC-22,,synthetic-masked,cccccccccccccccccccccccccccccccccccccccccccccccccccccccccccccccc,800,,,uncertain,0,true,true,commit,,true,,false,"[""793d31ff22b84f0f8906af8ce567b830""]",,,,
data-csv-provisional-1,11111111111111111111111111111111,SYNTHETIC,DEMO,synthetic-station,SYNTHETIC-23,SYNTHETIC-23,,synthetic-masked,cccccccccccccccccccccccccccccccccccccccccccccccccccccccccccccccc,800,,,uncertain,0,true,true,commit,,true,,false,"[""36b456553538416baca1c5658b852896""]",,,,
data-csv-provisional-1,11111111111111111111111111111111,SYNTHETIC,DEMO,synthetic-station,SYNTHETIC-24,SYNTHETIC-24,,synthetic-masked,cccccccccccccccccccccccccccccccccccccccccccccccccccccccccccccccc,800,,,uncertain,0,true,true,commit,,true,,false,"[""2864e2e3ecac43cab46baaeb511ffa4c""]",,,,
data-csv-provisional-1,11111111111111111111111111111111,SYNTHETIC,DEMO,synthetic-station,SYNTHETIC-25,SYNTHETIC-25,,synthetic-masked,cccccccccccccccccccccccccccccccccccccccccccccccccccccccccccccccc,800,,,uncertain,0,true,true,commit,,true,,false,"[""40d8f2e274c14e60b5c4c7c8899f1c09""]",,,,
data-csv-provisional-1,11111111111111111111111111111111,SYNTHETIC,DEMO,synthetic-station,SYNTHETIC-26,SYNTHETIC-26,,synthetic-masked,cccccccccccccccccccccccccccccccccccccccccccccccccccccccccccccccc,800,,,uncertain,0,true,true,commit,,true,,false,"[""ca43dc543f3b4927933936df96499f3a""]",,,,
data-csv-provisional-1,11111111111111111111111111111111,SYNTHETIC,DEMO,synthetic-station,SYNTHETIC-27,SYNTHETIC-27,,synthetic-masked,cccccccccccccccccccccccccccccccccccccccccccccccccccccccccccccccc,800,,,uncertain,0,true,true,commit,,true,,false,"[""6985c43b789f4083b5b0c5971f4d47f0""]",,,,
data-csv-provisional-1,11111111111111111111111111111111,SYNTHETIC,DEMO,synthetic-station,SYNTHETIC-28,SYNTHETIC-28,,synthetic-masked,cccccccccccccccccccccccccccccccccccccccccccccccccccccccccccccccc,800,,,uncertain,0,true,true,commit,,true,,false,"[""76141bb071be494e9d333e16f3394ff2""]",,,,
data-csv-provisional-1,11111111111111111111111111111111,SYNTHETIC,DEMO,synthetic-station,SYNTHETIC-29,SYNTHETIC-29,,synthetic-masked,cccccccccccccccccccccccccccccccccccccccccccccccccccccccccccccccc,800,,,uncertain,0,true,true,commit,,true,,false,"[""6903a358b373460b8f036bfeb32ab4b0""]",,,,
data-csv-provisional-1,11111111111111111111111111111111,SYNTHETIC,DEMO,synthetic-station,SYNTHETIC-30,SYNTHETIC-30,,synthetic-masked,cccccccccccccccccccccccccccccccccccccccccccccccccccccccccccccccc,800,,,uncertain,0,true,true,commit,,true,,false,"[""9eefc366f8ef4535864bfede05845f79""]",,,,
data-csv-provisional-1,11111111111111111111111111111111,SYNTHETIC,DEMO,synthetic-station,SYNTHETIC-31,SYNTHETIC-31,,synthetic-masked,cccccccccccccccccccccccccccccccccccccccccccccccccccccccccccccccc,800,,,uncertain,0,true,true,commit,,true,,false,"[""4eaa9441d74d43f586d924f45551be09""]",,,,
data-csv-provisional-1,11111111111111111111111111111111,SYNTHETIC,DEMO,synthetic-station,SYNTHETIC-32,SYNTHETIC-32,,synthetic-masked,cccccccccccccccccccccccccccccccccccccccccccccccccccccccccccccccc,800,,,uncertain,0,true,true,commit,,true,,false,"[""b28ead9bca10474dbb71c2754000dd1f""]",,,,
data-csv-provisional-1,11111111111111111111111111111111,SYNTHETIC,DEMO,synthetic-station,SYNTHETIC-33,SYNTHETIC-33,,synthetic-masked,cccccccccccccccccccccccccccccccccccccccccccccccccccccccccccccccc,800,,,uncertain,0,true,true,commit,,true,,false,"[""1d81dee452004b91b6d69a720c57c562""]",,,,
data-csv-provisional-1,11111111111111111111111111111111,SYNTHETIC,DEMO,synthetic-station,SYNTHETIC-34,SYNTHETIC-34,,synthetic-masked,cccccccccccccccccccccccccccccccccccccccccccccccccccccccccccccccc,800,,,uncertain,0,true,true,commit,,true,,false,"[""16d7107888f34a6fa434e6b4a35ad15a""]",,,,
data-csv-provisional-1,11111111111111111111111111111111,SYNTHETIC,DEMO,synthetic-station,SYNTHETIC-35,SYNTHETIC-35,,synthetic-masked,cccccccccccccccccccccccccccccccccccccccccccccccccccccccccccccccc,800,,,uncertain,0,true,true,timeout,,true,,false,"[""cdf0cf455e314678a0ad12cc1d616a05""]",,,,
