family,action_index,referent_index,message_id,components_available_wave,training_wave,B_first_novel_visit_default,A_novel_default,counterbalance,unit_id,semantic_action,semantic_referent,heldout_set,swap_w1_w4,seed,novel_visit
K,1,1,K-a1-r1,1,1,,,B-C-blk01,B-C01,FLIP_CARD,A,,1,83a96f9d93c50dc091cb34969f0665618e71829684a17238b5ca8ebcffb7a5e0,
K,1,2,K-a1-r2,1,,V1,unused,B-C-blk01,B-C01,FLIP_CARD,C,H-V1,1,83a96f9d93c50dc091cb34969f0665618e71829684a17238b5ca8ebcffb7a5e0,V1
K,1,3,K-a1-r3,2,2,,,B-C-blk01,B-C01,FLIP_CARD,B,,1,83a96f9d93c50dc091cb34969f0665618e71829684a17238b5ca8ebcffb7a5e0,
K,1,4,K-a1-r4,3,,W1,immediate,B-C-blk01,B-C01,FLIP_CARD,D,H-W1,1,83a96f9d93c50dc091cb34969f0665618e71829684a17238b5ca8ebcffb7a5e0,W4
K,2,1,K-a2-r1,1,,W4,delayed,B-C-blk01,B-C01,REMOVE_ONE,A,H-W4,1,83a96f9d93c50dc091cb34969f0665618e71829684a17238b5ca8ebcffb7a5e0,W1
K,2,2,K-a2-r2,1,1,,,B-C-blk01,B-C01,REMOVE_ONE,C,,1,83a96f9d93c50dc091cb34969f0665618e71829684a17238b5ca8ebcffb7a5e0,
K,2,3,K-a2-r3,2,,V2,unused,B-C-blk01,B-C01,REMOVE_ONE,B,H-V2,1,83a96f9d93c50dc091cb34969f0665618e71829684a17238b5ca8ebcffb7a5e0,V2
K,2,4,K-a2-r4,3,3,,,B-C-blk01,B-C01,REMOVE_ONE,D,,1,83a96f9d93c50dc091cb34969f0665618e71829684a17238b5ca8ebcffb7a5e0,
K,3,1,K-a3-r1,2,2,,,B-C-blk01,B-C01,ADD_ONE,A,,1,83a96f9d93c50dc091cb34969f0665618e71829684a17238b5ca8ebcffb7a5e0,
K,3,2,K-a3-r2,2,,W1,immediate,B-C-blk01,B-C01,ADD_ONE,C,H-W1,1,83a96f9d93c50dc091cb34969f0665618e71829684a17238b5ca8ebcffb7a5e0,W4
K,3,3,K-a3-r3,2,2,,,B-C-blk01,B-C01,ADD_ONE,B,,1,83a96f9d93c50dc091cb34969f0665618e71829684a17238b5ca8ebcffb7a5e0,
K,3,4,K-a3-r4,3,3,,,B-C-blk01,B-C01,ADD_ONE,D,,1,83a96f9d93c50dc091cb34969f0665618e71829684a17238b5ca8ebcffb7a5e0,
K,4,1,K-a4-r1,3,,V3,unused,B-C-blk01,B-C01,ALIGN_ARROW,A,H-V3,1,83a96f9d93c50dc091cb34969f0665618e71829684a17238b5ca8ebcffb7a5e0,V3
K,4,2,K-a4-r2,3,3,,,B-C-blk01,B-C01,ALIGN_ARROW,C,,1,83a96f9d93c50dc091cb34969f0665618e71829684a17238b5ca8ebcffb7a5e0,
K,4,3,K-a4-r3,3,3,,,B-C-blk01,B-C01,ALIGN_ARROW,B,,1,83a96f9d93c50dc091cb34969f0665618e71829684a17238b5ca8ebcffb7a5e0,
K,4,4,K-a4-r4,3,,W4,delayed,B-C-blk01,B-C01,ALIGN_ARROW,D,H-W4,1,83a96f9d93c50dc091cb34969f0665618e71829684a17238b5ca8ebcffb7a5e0,W1
Q,1,1,Q-a1-r1,1,1,,,B-C-blk01,B-C01,TAG,F,,1,83a96f9d93c50dc091cb34969f0665618e71829684a17238b5ca8ebcffb7a5e0,
Q,1,2,Q-a1-r2,1,,V1,unused,B-C-blk01,B-C01,TAG,H,H-V1,1,83a96f9d93c50dc091cb34969f0665618e71829684a17238b5ca8ebcffb7a5e0,V1
Q,1,3,Q-a1-r3,2,2,,,B-C-blk01,B-C01,TAG,G,,1,83a96f9d93c50dc091cb34969f0665618e71829684a17238b5ca8ebcffb7a5e0,
Q,1,4,Q-a1-r4,3,,W1,immediate,B-C-blk01,B-C01,TAG,E,H-W1,1,83a96f9d93c50dc091cb34969f0665618e71829684a17238b5ca8ebcffb7a5e0,W4
Q,2,1,Q-a2-r1,1,,W4,delayed,B-C-blk01,B-C01,CLOSE,F,H-W4,1,83a96f9d93c50dc091cb34969f0665618e71829684a17238b5ca8ebcffb7a5e0,W1
Q,2,2,Q-a2-r2,1,1,,,B-C-blk01,B-C01,CLOSE,H,,1,83a96f9d93c50dc091cb34969f0665618e71829684a17238b5ca8ebcffb7a5e0,
Q,2,3,Q-a2-r3,2,,V2,unused,B-C-blk01,B-C01,CLOSE,G,H-V2,1,83a96f9d93c50dc091cb34969f0665618e71829684a17238b5ca8ebcffb7a5e0,V2
Q,2,4,Q-a2-r4,3,3,,,B-C-blk01,B-C01,CLOSE,E,,1,83a96f9d93c50dc091cb34969f0665618e71829684a17238b5ca8ebcffb7a5e0,
Q,3,1,Q-a3-r1,2,2,,,B-C-blk01,B-C01,QUARANTINE,F,,1,83a96f9d93c50dc091cb34969f0665618e71829684a17238b5ca8ebcffb7a5e0,
Q,3,2,Q-a3-r2,2,,W1,immediate,B-C-blk01,B-C01,QUARANTINE,H,H-W1,1,83a96f9d93c50dc091cb34969f0665618e71829684a17238b5ca8ebcffb7a5e0,W4
Q,3,3,Q-a3-r3,2,2,,,B-C-blk01,B-C01,QUARANTINE,G,,1,83a96f9d93c50dc091cb34969f0665618e71829684a17238b5ca8ebcffb7a5e0,
Q,3,4,Q-a3-r4,3,3,,,B-C-blk01,B-C01,QUARANTINE,E,,1,83a96f9d93c50dc091cb34969f0665618e71829684a17238b5ca8ebcffb7a5e0,
Q,4,1,Q-a4-r1,3,,V3,unused,B-C-blk01,B-C01,SCAN,F,H-V3,1,83a96f9d93c50dc091cb34969f0665618e71829684a17238b5ca8ebcffb7a5e0,V3
Q,4,2,Q-a4-r2,3,3,,,B-C-blk01,B-C01,SCAN,H,,1,83a96f9d93c50dc091cb34969f0665618e71829684a17238b5ca8ebcffb7a5e0,
Q,4,3,Q-a4-r3,3,3,,,B-C-blk01,B-C01,SCAN,G,,1,83a96f9d93c50dc091cb34969f0665618e71829684a17238b5ca8ebcffb7a5e0,
Q,4,4,Q-a4-r4,3,,W4,delayed,B-C-blk01,B-C01,SCAN,E,H-W4,1,83a96f9d93c50dc091cb34969f0665618e71829684a17238b5ca8ebcffb7a5e0,W1
