isaac_index,isaac_joint,unity_joint,axis_urdf,candidate_sign,candidate_zero_offset_rad,urdf_lower_rad,urdf_upper_rad,isaac_lower_rad,isaac_upper_rad,pose_verified
0,left_hip_pitch_joint,left_hip_pitch_joint,0.0 1.0 0.0,1,0,-2.5307,2.8798,-2.5306997299194336,2.8797998428344727,true
1,right_hip_pitch_joint,right_hip_pitch_joint,0.0 1.0 0.0,1,0,-2.5307,2.8798,-2.5306997299194336,2.8797998428344727,true
2,waist_yaw_joint,waist_yaw_joint,0.0 0.0 1.0,1,0,-2.618,2.618,-2.618000030517578,2.618000030517578,true
3,left_hip_roll_joint,left_hip_roll_joint,1.0 0.0 0.0,1,0,-0.5236,2.9671,-0.5235999226570129,2.967099666595459,true
4,right_hip_roll_joint,right_hip_roll_joint,1.0 0.0 0.0,1,0,-2.9671,0.5236,-2.967099666595459,0.5235999226570129,true
5,waist_roll_joint,waist_roll_joint,1.0 0.0 0.0,1,0,-0.52,0.52,-0.5199999213218689,0.5199999213218689,true
6,left_hip_yaw_joint,left_hip_yaw_joint,0.0 0.0 1.0,1,0,-2.7576,2.7576,-2.7576000690460205,2.7576000690460205,true
7,right_hip_yaw_joint,right_hip_yaw_joint,0.0 0.0 1.0,1,0,-2.7576,2.7576,-2.7576000690460205,2.7576000690460205,true
8,waist_pitch_joint,waist_pitch_joint,0.0 1.0 0.0,1,0,-0.52,0.52,-0.5199999213218689,0.5199999213218689,true
9,left_knee_joint,left_knee_joint,0.0 1.0 0.0,1,0,-0.087267,2.8798,-0.08726699650287628,2.8797998428344727,true
10,right_knee_joint,right_knee_joint,0.0 1.0 0.0,1,0,-0.087267,2.8798,-0.08726699650287628,2.8797998428344727,true
11,left_shoulder_pitch_joint,left_shoulder_pitch_joint,0.0 1.0 0.0,1,0,-3.0892,2.6704,-3.0891997814178467,2.6703999042510986,true
12,right_shoulder_pitch_joint,right_shoulder_pitch_joint,0.0 1.0 0.0,1,0,-3.0892,2.6704,-3.0891997814178467,2.6703999042510986,true
13,left_ankle_pitch_joint,left_ankle_pitch_joint,0.0 1.0 0.0,1,0,-0.87267,0.5236,-0.8726699352264404,0.5235999226570129,true
14,right_ankle_pitch_joint,right_ankle_pitch_joint,0.0 1.0 0.0,1,0,-0.87267,0.5236,-0.8726699352264404,0.5235999226570129,true
15,left_shoulder_roll_joint,left_shoulder_roll_joint,1.0 0.0 0.0,1,0,-1.5882,2.2515,-1.5881999731063843,2.251499652862549,true
16,right_shoulder_roll_joint,right_shoulder_roll_joint,1.0 0.0 0.0,1,0,-2.2515,1.5882,-2.251499652862549,1.5881999731063843,true
17,left_ankle_roll_joint,left_ankle_roll_joint,1.0 0.0 0.0,1,0,-0.2618,0.2618,-0.26179996132850647,0.26179996132850647,true
18,right_ankle_roll_joint,right_ankle_roll_joint,1.0 0.0 0.0,1,0,-0.2618,0.2618,-0.26179996132850647,0.26179996132850647,true
19,left_shoulder_yaw_joint,left_shoulder_yaw_joint,0.0 0.0 1.0,1,0,-2.618,2.618,-2.618000030517578,2.618000030517578,true
20,right_shoulder_yaw_joint,right_shoulder_yaw_joint,0.0 0.0 1.0,1,0,-2.618,2.618,-2.618000030517578,2.618000030517578,true
21,left_elbow_joint,left_elbow_joint,0.0 1.0 0.0,1,0,-1.0472,2.0944,-1.0471998453140259,2.0943996906280518,true
22,right_elbow_joint,right_elbow_joint,0.0 1.0 0.0,1,0,-1.0472,2.0944,-1.0471998453140259,2.0943996906280518,true
23,left_wrist_roll_joint,left_wrist_roll_joint,1.0 0.0 0.0,1,0,-1.972222054,1.972222054,-1.972221851348877,1.972221851348877,true
24,right_wrist_roll_joint,right_wrist_roll_joint,1.0 0.0 0.0,1,0,-1.972222054,1.972222054,-1.972221851348877,1.972221851348877,true
25,left_wrist_pitch_joint,left_wrist_pitch_joint,0.0 1.0 0.0,1,0,-1.614429558,1.614429558,-1.6144295930862427,1.6144295930862427,true
26,right_wrist_pitch_joint,right_wrist_pitch_joint,0.0 1.0 0.0,1,0,-1.614429558,1.614429558,-1.6144295930862427,1.6144295930862427,true
27,left_wrist_yaw_joint,left_wrist_yaw_joint,0.0 0.0 1.0,1,0,-1.614429558,1.614429558,-1.6144295930862427,1.6144295930862427,true
28,right_wrist_yaw_joint,right_wrist_yaw_joint,0.0 0.0 1.0,1,0,-1.614429558,1.614429558,-1.6144295930862427,1.6144295930862427,true
29,left_hand_index_0_joint,left_hand_index_0_joint,0.0 0.0 1.0,1,0,-1.57079632,0.0,-1.5707963705062866,0.0,true
30,left_hand_middle_0_joint,left_hand_middle_0_joint,0.0 0.0 1.0,1,0,-1.57079632,0.0,-1.5707963705062866,0.0,true
31,left_hand_thumb_0_joint,left_hand_thumb_0_joint,0.0 1.0 0.0,1,0,-1.04719755,1.04719755,-1.0471975803375244,1.0471975803375244,true
32,right_hand_index_0_joint,right_hand_index_0_joint,0.0 0.0 1.0,1,0,0.0,1.57079632,0.0,1.5707963705062866,true
33,right_hand_middle_0_joint,right_hand_middle_0_joint,0.0 0.0 1.0,1,0,0.0,1.57079632,0.0,1.5707963705062866,true
34,right_hand_thumb_0_joint,right_hand_thumb_0_joint,0.0 1.0 0.0,1,0,-1.04719755,1.04719755,-1.0471975803375244,1.0471975803375244,true
35,left_hand_index_1_joint,left_hand_index_1_joint,0.0 0.0 1.0,1,0,-1.74532925,0.0,-1.7453291416168213,0.0,true
36,left_hand_middle_1_joint,left_hand_middle_1_joint,0.0 0.0 1.0,1,0,-1.74532925,0.0,-1.7453291416168213,0.0,true
37,left_hand_thumb_1_joint,left_hand_thumb_1_joint,0.0 0.0 1.0,1,0,-0.61086523,1.04719755,-0.6108651757240295,1.0471975803375244,true
38,right_hand_index_1_joint,right_hand_index_1_joint,0.0 0.0 1.0,1,0,0.0,1.74532925,0.0,1.7453291416168213,true
39,right_hand_middle_1_joint,right_hand_middle_1_joint,0.0 0.0 1.0,1,0,0.0,1.74532925,0.0,1.7453291416168213,true
40,right_hand_thumb_1_joint,right_hand_thumb_1_joint,0.0 0.0 1.0,1,0,-1.04719755,0.61086523,-1.0471975803375244,0.6108651757240295,true
41,left_hand_thumb_2_joint,left_hand_thumb_2_joint,0.0 0.0 1.0,1,0,0.0,1.74532925,0.0,1.7453291416168213,true
42,right_hand_thumb_2_joint,right_hand_thumb_2_joint,0.0 0.0 1.0,1,0,-1.74532925,0.0,-1.7453291416168213,0.0,true
