unit_id,set,kind,sequence,block_id,block_position,sq_arm,structured_family,swap_w1_w4,family_first,K_action,K_referent,Q_action,Q_referent,V1_atom_order,V2_atom_order,V3_atom_order,seed,seed_label
B-C01,confirmatory,dyad,1,B-C-blk01,1,SQ-2,Q,1,Q,FLIP_CARD|ALIGN_ARROW|ADD_ONE|REMOVE_ONE,C|B|D|A,TAG|SCAN|QUARANTINE|CLOSE,E|F|H|G,Q-r2|K-r1|Q-a2|K-a1|Q-r1|K-r2|Q-a1|K-a2,Q-a3|K-a3|Q-r3|K-r3,Q-r4|K-r4|Q-a4|K-a4,83a96f9d93c50dc091cb34969f0665618e71829684a17238b5ca8ebcffb7a5e0,DEMO-o4.4.1-example
B-C02,confirmatory,dyad,2,B-C-blk01,2,SQ-1,K,0,K,ALIGN_ARROW|FLIP_CARD|REMOVE_ONE|ADD_ONE,B|C|A|D,SCAN|TAG|CLOSE|QUARANTINE,F|E|G|H,K-a2|Q-a1|K-r2|Q-r1|K-a1|Q-a2|K-r1|Q-r2,K-a3|Q-a3|K-r3|Q-r3,K-r4|Q-r4|K-a4|Q-a4,a7bf6792e9c9001380fda9330256cc5c9bfcf82e06b8b2274cae16979dfe66c6,DEMO-o4.4.1-example
B-C03,confirmatory,dyad,3,B-C-blk01,3,SQ-2,Q,0,K,ADD_ONE|REMOVE_ONE|FLIP_CARD|ALIGN_ARROW,D|A|C|B,QUARANTINE|CLOSE|TAG|SCAN,H|G|E|F,K-r2|Q-r1|K-a2|Q-a1|K-r1|Q-r2|K-a1|Q-a2,K-r3|Q-r3|K-a3|Q-a3,K-a4|Q-a4|K-r4|Q-r4,8abd040caeed4b3474593bfc5beeb115357efa4b5cecf96833295e1695c92531,DEMO-o4.4.1-example
B-C04,confirmatory,dyad,4,B-C-blk01,4,SQ-1,K,1,Q,REMOVE_ONE|ADD_ONE|ALIGN_ARROW|FLIP_CARD,A|D|B|C,CLOSE|QUARANTINE|SCAN|TAG,G|H|F|E,Q-a2|K-a1|Q-r2|K-r1|Q-a1|K-a2|Q-r1|K-r2,Q-r3|K-r3|Q-a3|K-a3,Q-a4|K-a4|Q-r4|K-r4,8b72b817a5593a1d807cc59380865fed3992ece0d2c9745c3db9cc6555260380,DEMO-o4.4.1-example
B-C05,confirmatory,dyad,5,B-C-blk02,1,SQ-2,Q,0,Q,ALIGN_ARROW|FLIP_CARD|REMOVE_ONE|ADD_ONE,C|B|D|A,SCAN|TAG|CLOSE|QUARANTINE,E|F|H|G,Q-a1|K-a2|Q-r1|K-r2|Q-a2|K-a1|Q-r2|K-r1,Q-r3|K-r3|Q-a3|K-a3,Q-a4|K-a4|Q-r4|K-r4,9711c32cc3068bafe4c7924c6e337e9ad1edd5b086e74db277acf6a7b0dc8364,DEMO-o4.4.1-example
B-C06,confirmatory,dyad,6,B-C-blk02,2,SQ-1,K,0,Q,ADD_ONE|REMOVE_ONE|FLIP_CARD|ALIGN_ARROW,A|D|B|C,QUARANTINE|CLOSE|TAG|SCAN,G|H|F|E,Q-r1|K-r2|Q-a1|K-a2|Q-r2|K-r1|Q-a2|K-a1,Q-a3|K-a3|Q-r3|K-r3,Q-r4|K-r4|Q-a4|K-a4,2f5b46a3ef401d109c7cda8ac51ba6f1ae4538f91993a9b9a4c608bd3ae81f43,DEMO-o4.4.1-example
B-C07,confirmatory,dyad,7,B-C-blk02,3,SQ-2,Q,1,K,REMOVE_ONE|ADD_ONE|ALIGN_ARROW|FLIP_CARD,D|A|C|B,CLOSE|QUARANTINE|SCAN|TAG,H|G|E|F,K-a1|Q-a2|K-r1|Q-r2|K-a2|Q-a1|K-r2|Q-r1,K-a3|Q-a3|K-r3|Q-r3,K-r4|Q-r4|K-a4|Q-a4,c3111e1bcef367a688f915f1127de9310e96c86d8e26ef20c2649a0990691f43,DEMO-o4.4.1-example
B-C08,confirmatory,dyad,8,B-C-blk02,4,SQ-1,K,1,K,FLIP_CARD|ALIGN_ARROW|ADD_ONE|REMOVE_ONE,B|C|A|D,TAG|SCAN|QUARANTINE|CLOSE,F|E|G|H,K-r1|Q-r2|K-a1|Q-a2|K-r2|Q-r1|K-a2|Q-a1,K-r3|Q-r3|K-a3|Q-a3,K-a4|Q-a4|K-r4|Q-r4,853d569b57b6b0cae9b907f11873f4bd70f09dc679c1554e492f52df9d511479,DEMO-o4.4.1-example
B-C09,confirmatory,dyad,9,B-C-blk03,1,SQ-1,K,0,K,REMOVE_ONE|ADD_ONE|ALIGN_ARROW|FLIP_CARD,C|B|D|A,CLOSE|QUARANTINE|SCAN|TAG,E|F|H|G,K-a1|Q-a2|K-r1|Q-r2|K-a2|Q-a1|K-r2|Q-r1,K-r3|Q-r3|K-a3|Q-a3,K-a4|Q-a4|K-r4|Q-r4,23f92f36123326f7a0ee4fa53cdcd1dbb531e9da51e4585cc1429322d7a52e36,DEMO-o4.4.1-example
B-C10,confirmatory,dyad,10,B-C-blk03,2,SQ-2,Q,1,Q,ADD_ONE|REMOVE_ONE|FLIP_CARD|ALIGN_ARROW,B|C|A|D,QUARANTINE|CLOSE|TAG|SCAN,F|E|G|H,Q-r1|K-r2|Q-a1|K-a2|Q-r2|K-r1|Q-a2|K-a1,Q-r3|K-r3|Q-a3|K-a3,Q-a4|K-a4|Q-r4|K-r4,52df6b26c797ff61e0f2ad8d4d3bb823af1059b9eb81f5b33761418f70b08263,DEMO-o4.4.1-example
B-C11,confirmatory,dyad,11,B-C-blk03,3,SQ-1,K,1,Q,ALIGN_ARROW|FLIP_CARD|REMOVE_ONE|ADD_ONE,D|A|C|B,SCAN|TAG|CLOSE|QUARANTINE,H|G|E|F,Q-a1|K-a2|Q-r1|K-r2|Q-a2|K-a1|Q-r2|K-r1,Q-a3|K-a3|Q-r3|K-r3,Q-r4|K-r4|Q-a4|K-a4,4ad37f470bcaf2065d673fe61e8919ed2658fe4261d0fb25355e82e460ad2baa,DEMO-o4.4.1-example
B-C12,confirmatory,dyad,12,B-C-blk03,4,SQ-2,Q,0,K,FLIP_CARD|ALIGN_ARROW|ADD_ONE|REMOVE_ONE,A|D|B|C,TAG|SCAN|QUARANTINE|CLOSE,G|H|F|E,K-r1|Q-r2|K-a1|Q-a2|K-r2|Q-r1|K-a2|Q-a1,K-a3|Q-a3|K-r3|Q-r3,K-r4|Q-r4|K-a4|Q-a4,94287e8425465e83d860f97bd0bbcd32e0a4bc1596f32a9aa3e8482df8a8c94d,DEMO-o4.4.1-example
B-C13,confirmatory,dyad,13,B-C-blk04,1,SQ-2,Q,1,K,ALIGN_ARROW|FLIP_CARD|REMOVE_ONE|ADD_ONE,A|D|B|C,SCAN|TAG|CLOSE|QUARANTINE,G|H|F|E,K-a2|Q-a1|K-r2|Q-r1|K-a1|Q-a2|K-r1|Q-r2,K-r3|Q-r3|K-a3|Q-a3,K-a4|Q-a4|K-r4|Q-r4,36e203f89ea779d31b8528a57498f577d555bacc6b207e225715905a672dc346,DEMO-o4.4.1-example
B-C14,confirmatory,dyad,14,B-C-blk04,2,SQ-2,Q,0,Q,REMOVE_ONE|ADD_ONE|ALIGN_ARROW|FLIP_CARD,B|C|A|D,CLOSE|QUARANTINE|SCAN|TAG,F|E|G|H,Q-a2|K-a1|Q-r2|K-r1|Q-a1|K-a2|Q-r1|K-r2,Q-a3|K-a3|Q-r3|K-r3,Q-r4|K-r4|Q-a4|K-a4,c4136c2338d2437332574f1a901147931ef6c37c31374f0221de50b632690934,DEMO-o4.4.1-example
B-C15,confirmatory,dyad,15,B-C-blk04,3,SQ-1,K,0,Q,FLIP_CARD|ALIGN_ARROW|ADD_ONE|REMOVE_ONE,D|A|C|B,TAG|SCAN|QUARANTINE|CLOSE,H|G|E|F,Q-r2|K-r1|Q-a2|K-a1|Q-r1|K-r2|Q-a1|K-a2,Q-r3|K-r3|Q-a3|K-a3,Q-a4|K-a4|Q-r4|K-r4,25b67c272d90737606b144579caf99f12b19dc98b2b7f7da38293a8266428cd2,DEMO-o4.4.1-example
B-C16,confirmatory,dyad,16,B-C-blk04,4,SQ-1,K,1,K,ADD_ONE|REMOVE_ONE|FLIP_CARD|ALIGN_ARROW,C|B|D|A,QUARANTINE|CLOSE|TAG|SCAN,E|F|H|G,K-r2|Q-r1|K-a2|Q-a1|K-r1|Q-r2|K-a1|Q-a2,K-a3|Q-a3|K-r3|Q-r3,K-r4|Q-r4|K-a4|Q-a4,68ebf65e08f4d4e9c2a200612a2e17b2f7a2437a4bd7aeef0b8850e4fab89edc,DEMO-o4.4.1-example
B-C17,confirmatory,dyad,17,B-C-blk05,1,SQ-2,Q,0,K,REMOVE_ONE|ADD_ONE|ALIGN_ARROW|FLIP_CARD,B|A|C|D,TAG|CLOSE|QUARANTINE|SCAN,G|E|F|H,K-a1|Q-a2|K-r1|Q-r2|K-a2|Q-a1|K-r2|Q-r1,K-a3|Q-a3|K-r3|Q-r3,K-r4|Q-r4|K-a4|Q-a4,f12cb51b3b85da22f54a0346f958def3af9159ed98aca5193cf62f7409dbc152,DEMO-o4.4.1-example
B-C18,confirmatory,dyad,18,B-C-blk05,2,SQ-1,K,0,Q,FLIP_CARD|ALIGN_ARROW|ADD_ONE|REMOVE_ONE,D|C|A|B,SCAN|QUARANTINE|CLOSE|TAG,H|F|E|G,Q-r1|K-r2|Q-a1|K-a2|Q-r2|K-r1|Q-a2|K-a1,Q-a3|K-a3|Q-r3|K-r3,Q-r4|K-r4|Q-a4|K-a4,9decac0f448ae45d6f6fbae5aff67b45adf6cae1a71a3e5082ad60cba807ad9a,DEMO-o4.4.1-example
B-C19,confirmatory,dyad,19,B-C-blk05,3,SQ-1,K,1,Q,ALIGN_ARROW|FLIP_CARD|REMOVE_ONE|ADD_ONE,C|D|B|A,QUARANTINE|SCAN|TAG|CLOSE,F|H|G|E,Q-r2|K-r1|Q-a2|K-a1|Q-r1|K-r2|Q-a1|K-a2,Q-r3|K-r3|Q-a3|K-a3,Q-a4|K-a4|Q-r4|K-r4,1b57095797f5ce69659bea8ac028d5cef8fc3fddab473a311a7cd6dfdba35dd1,DEMO-o4.4.1-example
B-C20,confirmatory,dyad,20,B-C-blk05,4,SQ-2,Q,1,K,ADD_ONE|REMOVE_ONE|FLIP_CARD|ALIGN_ARROW,A|B|D|C,CLOSE|TAG|SCAN|QUARANTINE,E|G|H|F,K-a2|Q-a1|K-r2|Q-r1|K-a1|Q-a2|K-r1|Q-r2,K-r3|Q-r3|K-a3|Q-a3,K-a4|Q-a4|K-r4|Q-r4,e0f011a7b2c299873bf3e86066ce7b18fe9419a25a91d1ad9e4644e712a775b9,DEMO-o4.4.1-example
B-C21,confirmatory,dyad,21,B-C-blk06,1,SQ-2,Q,0,Q,ADD_ONE|REMOVE_ONE|FLIP_CARD|ALIGN_ARROW,D|C|A|B,CLOSE|TAG|SCAN|QUARANTINE,H|F|E|G,Q-a1|K-a2|Q-r1|K-r2|Q-a2|K-a1|Q-r2|K-r1,Q-r3|K-r3|Q-a3|K-a3,Q-a4|K-a4|Q-r4|K-r4,921442df2a611c0859e4c46fb46ca01bbc9fdb9ec87fe32e8b92f39a0c43f496,DEMO-o4.4.1-example
B-C22,confirmatory,dyad,22,B-C-blk06,2,SQ-1,K,0,K,ALIGN_ARROW|FLIP_CARD|REMOVE_ONE|ADD_ONE,B|A|C|D,QUARANTINE|SCAN|TAG|CLOSE,G|E|F|H,K-r1|Q-r2|K-a1|Q-a2|K-r2|Q-r1|K-a2|Q-a1,K-r3|Q-r3|K-a3|Q-a3,K-a4|Q-a4|K-r4|Q-r4,cbf6be5482e22ca607937b7508745af9e3fe4134f03d838d9261985e69a097d5,DEMO-o4.4.1-example
B-C23,confirmatory,dyad,23,B-C-blk06,3,SQ-1,K,1,K,FLIP_CARD|ALIGN_ARROW|ADD_ONE|REMOVE_ONE,A|B|D|C,SCAN|QUARANTINE|CLOSE|TAG,E|G|H|F,K-r2|Q-r1|K-a2|Q-a1|K-r1|Q-r2|K-a1|Q-a2,K-a3|Q-a3|K-r3|Q-r3,K-r4|Q-r4|K-a4|Q-a4,8c3fc6132a7171cfded799f5f113cb3a9d694f3c3eec3b27399ac4eb7c83540d,DEMO-o4.4.1-example
B-C24,confirmatory,dyad,24,B-C-blk06,4,SQ-2,Q,1,Q,REMOVE_ONE|ADD_ONE|ALIGN_ARROW|FLIP_CARD,C|D|B|A,TAG|CLOSE|QUARANTINE|SCAN,F|H|G|E,Q-a2|K-a1|Q-r2|K-r1|Q-a1|K-a2|Q-r1|K-r2,Q-a3|K-a3|Q-r3|K-r3,Q-r4|K-r4|Q-a4|K-a4,1737d90b3e92c6d93d49c99ccd77d563fcf13641289e6715a1d2f436aa769c37,DEMO-o4.4.1-example
B-C25,confirmatory,dyad,25,B-C-blk07,1,SQ-1,K,1,Q,ADD_ONE|REMOVE_ONE|FLIP_CARD|ALIGN_ARROW,B|A|C|D,CLOSE|TAG|SCAN|QUARANTINE,G|E|F|H,Q-a1|K-a2|Q-r1|K-r2|Q-a2|K-a1|Q-r2|K-r1,Q-a3|K-a3|Q-r3|K-r3,Q-r4|K-r4|Q-a4|K-a4,6af08e99e08a293888f2f0d27edc413f94cf06d043fa1969f2d16e8a82b938d9,DEMO-o4.4.1-example
B-C26,confirmatory,dyad,26,B-C-blk07,2,SQ-1,K,0,Q,REMOVE_ONE|ADD_ONE|ALIGN_ARROW|FLIP_CARD,A|B|D|C,TAG|CLOSE|QUARANTINE|SCAN,E|G|H|F,Q-a2|K-a1|Q-r2|K-r1|Q-a1|K-a2|Q-r1|K-r2,Q-r3|K-r3|Q-a3|K-a3,Q-a4|K-a4|Q-r4|K-r4,4fec43cc5e010046d1ee58611bf02b6f38aefb9764f016da410fee0985e114b6,DEMO-o4.4.1-example
B-C27,confirmatory,dyad,27,B-C-blk07,3,SQ-2,Q,1,K,ALIGN_ARROW|FLIP_CARD|REMOVE_ONE|ADD_ONE,D|C|A|B,QUARANTINE|SCAN|TAG|CLOSE,H|F|E|G,K-r1|Q-r2|K-a1|Q-a2|K-r2|Q-r1|K-a2|Q-a1,K-a3|Q-a3|K-r3|Q-r3,K-r4|Q-r4|K-a4|Q-a4,b3b43f3d757d547ead5d353a556eb4e4fdabd7a8aed085f2884a16eb8b4d200c,DEMO-o4.4.1-example
B-C28,confirmatory,dyad,28,B-C-blk07,4,SQ-2,Q,0,K,FLIP_CARD|ALIGN_ARROW|ADD_ONE|REMOVE_ONE,C|D|B|A,SCAN|QUARANTINE|CLOSE|TAG,F|H|G|E,K-r2|Q-r1|K-a2|Q-a1|K-r1|Q-r2|K-a1|Q-a2,K-r3|Q-r3|K-a3|Q-a3,K-a4|Q-a4|K-r4|Q-r4,0361377b8a06edfada0e99f3903e3f37d4f2b77cd9a3e52578126f239f4df23f,DEMO-o4.4.1-example
B-C29,confirmatory,dyad,29,B-C-blk08,1,SQ-1,K,0,K,ADD_ONE|REMOVE_ONE|FLIP_CARD|ALIGN_ARROW,C|D|B|A,CLOSE|TAG|SCAN|QUARANTINE,F|H|G|E,K-a2|Q-a1|K-r2|Q-r1|K-a1|Q-a2|K-r1|Q-r2,K-a3|Q-a3|K-r3|Q-r3,K-r4|Q-r4|K-a4|Q-a4,f82d482f799f6c45ab1dce562190c689dbaf7f831c4de74fb16033af52e57cae,DEMO-o4.4.1-example
B-C30,confirmatory,dyad,30,B-C-blk08,2,SQ-2,Q,0,Q,ALIGN_ARROW|FLIP_CARD|REMOVE_ONE|ADD_ONE,A|B|D|C,QUARANTINE|SCAN|TAG|CLOSE,E|G|H|F,Q-r2|K-r1|Q-a2|K-a1|Q-r1|K-r2|Q-a1|K-a2,Q-a3|K-a3|Q-r3|K-r3,Q-r4|K-r4|Q-a4|K-a4,2f3d02220ee73669b9960f9d9f16ffe5c6609abe6e545f325259735b1233e161,DEMO-o4.4.1-example
B-C31,confirmatory,dyad,31,B-C-blk08,3,SQ-2,Q,1,Q,FLIP_CARD|ALIGN_ARROW|ADD_ONE|REMOVE_ONE,B|A|C|D,SCAN|QUARANTINE|CLOSE|TAG,G|E|F|H,Q-r1|K-r2|Q-a1|K-a2|Q-r2|K-r1|Q-a2|K-a1,Q-r3|K-r3|Q-a3|K-a3,Q-a4|K-a4|Q-r4|K-r4,04e07a700b28c51653c1b78e0a27c23ec46af0fb3cca3d91db1ece438b8ffbd6,DEMO-o4.4.1-example
B-C32,confirmatory,dyad,32,B-C-blk08,4,SQ-1,K,1,K,REMOVE_ONE|ADD_ONE|ALIGN_ARROW|FLIP_CARD,D|C|A|B,TAG|CLOSE|QUARANTINE|SCAN,H|F|E|G,K-a1|Q-a2|K-r1|Q-r2|K-a2|Q-a1|K-r2|Q-r1,K-r3|Q-r3|K-a3|Q-a3,K-a4|Q-a4|K-r4|Q-r4,e414680cbca4eb85ab0e9c07b23963c7904b52a28300f548853add95e7abf689,DEMO-o4.4.1-example
B-C33,confirmatory,dyad,33,B-C-blk09,1,SQ-2,Q,0,Q,ADD_ONE|ALIGN_ARROW|FLIP_CARD|REMOVE_ONE,A|C|D|B,SCAN|TAG|QUARANTINE|CLOSE,F|H|E|G,Q-r2|K-r2|Q-a1|K-a2|Q-r1|K-r1|Q-a2|K-a1,Q-a3|K-a3|Q-r3|K-r3,Q-r4|K-r4|Q-a4|K-a4,7d2769ceb21aef134d9ff71196642645ad07b89041a914f5cff42c914cf5e220,DEMO-o4.4.1-example
B-C34,confirmatory,dyad,34,B-C-blk09,2,SQ-2,Q,1,Q,ALIGN_ARROW|ADD_ONE|REMOVE_ONE|FLIP_CARD,C|A|B|D,TAG|SCAN|CLOSE|QUARANTINE,H|F|G|E,Q-a1|K-a2|Q-r2|K-r2|Q-a2|K-a1|Q-r1|K-r1,Q-r3|K-r3|Q-a3|K-a3,Q-a4|K-a4|Q-r4|K-r4,e8c890252177644db447b78e0ce5df00cfab321a4f387b897a0fac15c3f928dc,DEMO-o4.4.1-example
B-C35,confirmatory,dyad,35,B-C-blk09,3,SQ-1,K,0,K,REMOVE_ONE|FLIP_CARD|ALIGN_ARROW|ADD_ONE,B|D|C|A,CLOSE|QUARANTINE|TAG|SCAN,G|E|H|F,K-a1|Q-a2|K-r1|Q-r1|K-a2|Q-a1|K-r2|Q-r2,K-a3|Q-a3|K-r3|Q-r3,K-r4|Q-r4|K-a4|Q-a4,f6f69d40b59d70db63e10297b7f67b62ab6ebf4f4eb655f72c6f8fee600e6edb,DEMO-o4.4.1-example
B-C36,confirmatory,dyad,36,B-C-blk09,4,SQ-1,K,1,K,FLIP_CARD|REMOVE_ONE|ADD_ONE|ALIGN_ARROW,D|B|A|C,QUARANTINE|CLOSE|SCAN|TAG,E|G|F|H,K-r1|Q-r1|K-a1|Q-a2|K-r2|Q-r2|K-a2|Q-a1,K-r3|Q-r3|K-a3|Q-a3,K-a4|Q-a4|K-r4|Q-r4,5fc2d4fd86d3758b654ee02c6bec35a2c0919b2a2ddfc6bb405caa4f8d122846,DEMO-o4.4.1-example
B-C37,confirmatory,dyad,37,B-C-blk10,1,SQ-2,Q,0,K,ALIGN_ARROW|ADD_ONE|REMOVE_ONE|FLIP_CARD,B|D|C|A,TAG|SCAN|CLOSE|QUARANTINE,G|E|H|F,K-a2|Q-a1|K-r2|Q-r2|K-a1|Q-a2|K-r1|Q-r1,K-r3|Q-r3|K-a3|Q-a3,K-a4|Q-a4|K-r4|Q-r4,b6b506f163195cad96d7bc9ec8ea8d483d0acb25efb0554ac1f7e3716f3436a0,DEMO-o4.4.1-example
B-C38,confirmatory,dyad,38,B-C-blk10,2,SQ-2,Q,1,K,ADD_ONE|ALIGN_ARROW|FLIP_CARD|REMOVE_ONE,D|B|A|C,SCAN|TAG|QUARANTINE|CLOSE,E|G|F|H,K-r2|Q-r2|K-a2|Q-a1|K-r1|Q-r1|K-a1|Q-a2,K-a3|Q-a3|K-r3|Q-r3,K-r4|Q-r4|K-a4|Q-a4,830bd6822a9aea50864a4005b0edd9a0d94a59b1951940ee05b0fe79f728cba2,DEMO-o4.4.1-example
B-C39,confirmatory,dyad,39,B-C-blk10,3,SQ-1,K,0,Q,FLIP_CARD|REMOVE_ONE|ADD_ONE|ALIGN_ARROW,A|C|D|B,QUARANTINE|CLOSE|SCAN|TAG,F|H|E|G,Q-r1|K-r1|Q-a2|K-a1|Q-r2|K-r2|Q-a1|K-a2,Q-r3|K-r3|Q-a3|K-a3,Q-a4|K-a4|Q-r4|K-r4,f225fe188e87d72e7b7043605a33122261aa361be90d6910551ed6db5a3a8635,DEMO-o4.4.1-example
B-C40,confirmatory,dyad,40,B-C-blk10,4,SQ-1,K,1,Q,REMOVE_ONE|FLIP_CARD|ALIGN_ARROW|ADD_ONE,C|A|B|D,CLOSE|QUARANTINE|TAG|SCAN,H|F|G|E,Q-a2|K-a1|Q-r1|K-r1|Q-a1|K-a2|Q-r2|K-r2,Q-a3|K-a3|Q-r3|K-r3,Q-r4|K-r4|Q-a4|K-a4,d3e22e31c801960f015a510f61fb9d368a001de882e3d543c469d5da780cc5f7,DEMO-o4.4.1-example
B-C41,confirmatory,dyad,41,B-C-blk11,1,SQ-1,K,1,Q,ADD_ONE|ALIGN_ARROW|FLIP_CARD|REMOVE_ONE,B|D|C|A,SCAN|TAG|QUARANTINE|CLOSE,G|E|H|F,Q-r2|K-r2|Q-a1|K-a2|Q-r1|K-r1|Q-a2|K-a1,Q-r3|K-r3|Q-a3|K-a3,Q-a4|K-a4|Q-r4|K-r4,c7510f034c943a166cb22ec0f3a7eaea0da79aaeadb10e40134846721e92514c,DEMO-o4.4.1-example
B-C42,confirmatory,dyad,42,B-C-blk11,2,SQ-2,Q,1,K,REMOVE_ONE|FLIP_CARD|ALIGN_ARROW|ADD_ONE,A|C|D|B,CLOSE|QUARANTINE|TAG|SCAN,F|H|E|G,K-a1|Q-a2|K-r1|Q-r1|K-a2|Q-a1|K-r2|Q-r2,K-r3|Q-r3|K-a3|Q-a3,K-a4|Q-a4|K-r4|Q-r4,e13bc4c90f6444c66f46dbc7133153e07e58589088184a59fa88e354bf5620ac,DEMO-o4.4.1-example
B-C43,confirmatory,dyad,43,B-C-blk11,3,SQ-2,Q,0,K,FLIP_CARD|REMOVE_ONE|ADD_ONE|ALIGN_ARROW,C|A|B|D,QUARANTINE|CLOSE|SCAN|TAG,H|F|G|E,K-r1|Q-r1|K-a1|Q-a2|K-r2|Q-r2|K-a2|Q-a1,K-a3|Q-a3|K-r3|Q-r3,K-r4|Q-r4|K-a4|Q-a4,6e897d897027f59faf291a82d54fbfff015cae79c5521a8f5b3e57a882ec7a1a,DEMO-o4.4.1-example
B-C44,confirmatory,dyad,44,B-C-blk11,4,SQ-1,K,0,Q,ALIGN_ARROW|ADD_ONE|REMOVE_ONE|FLIP_CARD,D|B|A|C,TAG|SCAN|CLOSE|QUARANTINE,E|G|F|H,Q-a1|K-a2|Q-r2|K-r2|Q-a2|K-a1|Q-r1|K-r1,Q-a3|K-a3|Q-r3|K-r3,Q-r4|K-r4|Q-a4|K-a4,dbc38396a88a0e24543854ebfec0ea99ee00c057ea1f0ea6b78a062553778dab,DEMO-o4.4.1-example
B-C45,confirmatory,dyad,45,B-C-blk12,1,SQ-2,Q,1,Q,FLIP_CARD|REMOVE_ONE|ADD_ONE|ALIGN_ARROW,B|D|C|A,QUARANTINE|CLOSE|SCAN|TAG,G|E|H|F,Q-r1|K-r1|Q-a2|K-a1|Q-r2|K-r2|Q-a1|K-a2,Q-a3|K-a3|Q-r3|K-r3,Q-r4|K-r4|Q-a4|K-a4,6c81f3dcbc31a41fb5088e8782b64288f7efad89abb7096306869b7b7fb5e245,DEMO-o4.4.1-example
B-C46,confirmatory,dyad,46,B-C-blk12,2,SQ-1,K,0,K,ADD_ONE|ALIGN_ARROW|FLIP_CARD|REMOVE_ONE,C|A|B|D,SCAN|TAG|QUARANTINE|CLOSE,H|F|G|E,K-r2|Q-r2|K-a2|Q-a1|K-r1|Q-r1|K-a1|Q-a2,K-r3|Q-r3|K-a3|Q-a3,K-a4|Q-a4|K-r4|Q-r4,d59f18274f1a9db6ace66a9af2f3dd24722918b3c232d616792326537b2bd99c,DEMO-o4.4.1-example
B-C47,confirmatory,dyad,47,B-C-blk12,3,SQ-1,K,1,K,ALIGN_ARROW|ADD_ONE|REMOVE_ONE|FLIP_CARD,A|C|D|B,TAG|SCAN|CLOSE|QUARANTINE,F|H|E|G,K-a2|Q-a1|K-r2|Q-r2|K-a1|Q-a2|K-r1|Q-r1,K-a3|Q-a3|K-r3|Q-r3,K-r4|Q-r4|K-a4|Q-a4,a3be0461b8c0bf06c3aaf4cb1cddc58fcc298aec2bd40b8e0587ef25f62c7bb9,DEMO-o4.4.1-example
B-C48,confirmatory,dyad,48,B-C-blk12,4,SQ-2,Q,0,Q,REMOVE_ONE|FLIP_CARD|ALIGN_ARROW|ADD_ONE,D|B|A|C,CLOSE|QUARANTINE|TAG|SCAN,E|G|F|H,Q-a2|K-a1|Q-r1|K-r1|Q-a1|K-a2|Q-r2|K-r2,Q-r3|K-r3|Q-a3|K-a3,Q-a4|K-a4|Q-r4|K-r4,6b035e4dd864d1b704047b0b6b9a777b7d1812fb46622e1b80a6ba9463207fe1,DEMO-o4.4.1-example
B-C49,confirmatory,dyad,49,B-C-blk13,1,SQ-1,K,0,Q,ADD_ONE|ALIGN_ARROW|FLIP_CARD|REMOVE_ONE,A|C|B|D,SCAN|QUARANTINE|CLOSE|TAG,G|H|E|F,Q-a2|K-a2|Q-r1|K-r1|Q-a1|K-a1|Q-r2|K-r2,Q-r3|K-r3|Q-a3|K-a3,Q-a4|K-a4|Q-r4|K-r4,bfe88f98e156a25301718d7cc6ab572395fd918128354d042972c0196f06b4c5,DEMO-o4.4.1-example
B-C50,confirmatory,dyad,50,B-C-blk13,2,SQ-2,Q,1,K,FLIP_CARD|REMOVE_ONE|ADD_ONE|ALIGN_ARROW,B|D|A|C,CLOSE|TAG|SCAN|QUARANTINE,E|F|G|H,K-a1|Q-a1|K-r2|Q-r2|K-a2|Q-a2|K-r1|Q-r1,K-r3|Q-r3|K-a3|Q-a3,K-a4|Q-a4|K-r4|Q-r4,009d8270a033a3c2be6c6c7c4a2f41b636512240a51c3de894286ee1fc1cd2ec,DEMO-o4.4.1-example
B-C51,confirmatory,dyad,51,B-C-blk13,3,SQ-1,K,1,Q,ALIGN_ARROW|ADD_ONE|REMOVE_ONE|FLIP_CARD,C|A|D|B,QUARANTINE|SCAN|TAG|CLOSE,H|G|F|E,Q-r1|K-r1|Q-a2|K-a2|Q-r2|K-r2|Q-a1|K-a1,Q-a3|K-a3|Q-r3|K-r3,Q-r4|K-r4|Q-a4|K-a4,9c1cebf565803dc6e89ce3a7c0782a5cb7c80e3cb2a82cb5c3a32581da5adbfe,DEMO-o4.4.1-example
B-C52,confirmatory,dyad,52,B-C-blk13,4,SQ-2,Q,0,K,REMOVE_ONE|FLIP_CARD|ALIGN_ARROW|ADD_ONE,D|B|C|A,TAG|CLOSE|QUARANTINE|SCAN,F|E|H|G,K-r2|Q-r2|K-a1|Q-a1|K-r1|Q-r1|K-a2|Q-a2,K-a3|Q-a3|K-r3|Q-r3,K-r4|Q-r4|K-a4|Q-a4,0135d4fe9e6aaca3c4a5acdf341b84f60d0bff436cfa1e71c3901e2712d95131,DEMO-o4.4.1-example
B-C53,confirmatory,dyad,53,B-C-blk14,1,SQ-2,Q,0,Q,FLIP_CARD|REMOVE_ONE|ADD_ONE|ALIGN_ARROW,A|C|B|D,CLOSE|TAG|SCAN|QUARANTINE,G|H|E|F,Q-a1|K-a1|Q-r2|K-r2|Q-a2|K-a2|Q-r1|K-r1,Q-a3|K-a3|Q-r3|K-r3,Q-r4|K-r4|Q-a4|K-a4,57766e3059990b599aa9808a227dcf4168f0aa7706f411f6a262ed9ff70c64b8,DEMO-o4.4.1-example
B-C54,confirmatory,dyad,54,B-C-blk14,2,SQ-1,K,0,K,ALIGN_ARROW|ADD_ONE|REMOVE_ONE|FLIP_CARD,D|B|C|A,QUARANTINE|SCAN|TAG|CLOSE,F|E|H|G,K-r1|Q-r1|K-a2|Q-a2|K-r2|Q-r2|K-a1|Q-a1,K-r3|Q-r3|K-a3|Q-a3,K-a4|Q-a4|K-r4|Q-r4,e42a76b3d65c1d38a5044a51b1dc271dfa25c8804416b3b04364bacccff113c9,DEMO-o4.4.1-example
B-C55,confirmatory,dyad,55,B-C-blk14,3,SQ-1,K,1,K,ADD_ONE|ALIGN_ARROW|FLIP_CARD|REMOVE_ONE,B|D|A|C,SCAN|QUARANTINE|CLOSE|TAG,E|F|G|H,K-a2|Q-a2|K-r1|Q-r1|K-a1|Q-a1|K-r2|Q-r2,K-a3|Q-a3|K-r3|Q-r3,K-r4|Q-r4|K-a4|Q-a4,507c5a77b093051303e56579296d20077f9ae08978a2f372de3cc1128e8f19eb,DEMO-o4.4.1-example
B-C56,confirmatory,dyad,56,B-C-blk14,4,SQ-2,Q,1,Q,REMOVE_ONE|FLIP_CARD|ALIGN_ARROW|ADD_ONE,C|A|D|B,TAG|CLOSE|QUARANTINE|SCAN,H|G|F|E,Q-r2|K-r2|Q-a1|K-a1|Q-r1|K-r1|Q-a2|K-a2,Q-r3|K-r3|Q-a3|K-a3,Q-a4|K-a4|Q-r4|K-r4,2f0502ea02b5a20eb715ee733c5099aff177c4d220b417e81f4c92b8e29adf60,DEMO-o4.4.1-example
B-C57,confirmatory,dyad,57,B-C-blk15,1,SQ-1,K,0,Q,REMOVE_ONE|FLIP_CARD|ALIGN_ARROW|ADD_ONE,B|D|A|C,TAG|CLOSE|QUARANTINE|SCAN,E|F|G|H,Q-r2|K-r2|Q-a1|K-a1|Q-r1|K-r1|Q-a2|K-a2,Q-a3|K-a3|Q-r3|K-r3,Q-r4|K-r4|Q-a4|K-a4,8a3f909a802041e103353c06714ae9844b06a46ae9a5c4dfd5d39582c7e5c74c,DEMO-o4.4.1-example
B-C58,confirmatory,dyad,58,B-C-blk15,2,SQ-2,Q,1,K,ALIGN_ARROW|ADD_ONE|REMOVE_ONE|FLIP_CARD,A|C|B|D,QUARANTINE|SCAN|TAG|CLOSE,G|H|E|F,K-r1|Q-r1|K-a2|Q-a2|K-r2|Q-r2|K-a1|Q-a1,K-a3|Q-a3|K-r3|Q-r3,K-r4|Q-r4|K-a4|Q-a4,f37722e75eeebea4310093d63f2c659e290ef304ca36fb2b73f182d55008688f,DEMO-o4.4.1-example
B-C59,confirmatory,dyad,59,B-C-blk15,3,SQ-1,K,1,Q,FLIP_CARD|REMOVE_ONE|ADD_ONE|ALIGN_ARROW,D|B|C|A,CLOSE|TAG|SCAN|QUARANTINE,F|E|H|G,Q-a1|K-a1|Q-r2|K-r2|Q-a2|K-a2|Q-r1|K-r1,Q-r3|K-r3|Q-a3|K-a3,Q-a4|K-a4|Q-r4|K-r4,61548a72f267b5b11ea20c6695d4254706aab14abe2df491ec28f79c80919acb,DEMO-o4.4.1-example
B-C60,confirmatory,dyad,60,B-C-blk15,4,SQ-2,Q,0,K,ADD_ONE|ALIGN_ARROW|FLIP_CARD|REMOVE_ONE,C|A|D|B,SCAN|QUARANTINE|CLOSE|TAG,H|G|F|E,K-a2|Q-a2|K-r1|Q-r1|K-a1|Q-a1|K-r2|Q-r2,K-r3|Q-r3|K-a3|Q-a3,K-a4|Q-a4|K-r4|Q-r4,0040999aec8f16746eeca4e9d1d29af52649588958f1987c0ccdc507bc5cea09,DEMO-o4.4.1-example
B-C61,confirmatory,dyad,61,B-C-blk16,1,SQ-1,K,0,K,FLIP_CARD|REMOVE_ONE|ADD_ONE|ALIGN_ARROW,C|A|D|B,CLOSE|TAG|SCAN|QUARANTINE,H|G|F|E,K-a1|Q-a1|K-r2|Q-r2|K-a2|Q-a2|K-r1|Q-r1,K-a3|Q-a3|K-r3|Q-r3,K-r4|Q-r4|K-a4|Q-a4,32acecbd223392acf0b1adf6a8d74aa96de2e113cc988251e6ae1ce0587d2ba7,DEMO-o4.4.1-example
B-C62,confirmatory,dyad,62,B-C-blk16,2,SQ-2,Q,1,Q,ADD_ONE|ALIGN_ARROW|FLIP_CARD|REMOVE_ONE,D|B|C|A,SCAN|QUARANTINE|CLOSE|TAG,F|E|H|G,Q-a2|K-a2|Q-r1|K-r1|Q-a1|K-a1|Q-r2|K-r2,Q-a3|K-a3|Q-r3|K-r3,Q-r4|K-r4|Q-a4|K-a4,c4f34be26492badd26d85ed1f3c99b0e052a25bbee2dd0c3f28d38c5f7b1e1d0,DEMO-o4.4.1-example
B-C63,confirmatory,dyad,63,B-C-blk16,3,SQ-1,K,1,K,REMOVE_ONE|FLIP_CARD|ALIGN_ARROW|ADD_ONE,A|C|B|D,TAG|CLOSE|QUARANTINE|SCAN,G|H|E|F,K-r2|Q-r2|K-a1|Q-a1|K-r1|Q-r1|K-a2|Q-a2,K-r3|Q-r3|K-a3|Q-a3,K-a4|Q-a4|K-r4|Q-r4,21be8a8c7247ed2c859051547afe9fb467ca4809f3409e537ffffe1dd60c8771,DEMO-o4.4.1-example
B-C64,confirmatory,dyad,64,B-C-blk16,4,SQ-2,Q,0,Q,ALIGN_ARROW|ADD_ONE|REMOVE_ONE|FLIP_CARD,B|D|A|C,QUARANTINE|SCAN|TAG|CLOSE,E|F|G|H,Q-r1|K-r1|Q-a2|K-a2|Q-r2|K-r2|Q-a1|K-a1,Q-r3|K-r3|Q-a3|K-a3,Q-a4|K-a4|Q-r4|K-r4,0fb9cc028e0f9ac3fd3723558f278bbde7507038001cc964a21805d2f1dce98e,DEMO-o4.4.1-example
B-S01,confirmatory,spare,65,B-C-blk17,1,SQ-2,Q,0,Q,ALIGN_ARROW|REMOVE_ONE|FLIP_CARD|ADD_ONE,B|D|A|C,QUARANTINE|CLOSE|SCAN|TAG,F|E|H|G,Q-a2|K-a1|Q-r2|K-r1|Q-a1|K-a2|Q-r1|K-r2,Q-r3|K-r3|Q-a3|K-a3,Q-a4|K-a4|Q-r4|K-r4,f424747db7be392c4aafbc8020c96fc09e33a019b33b488ba00d2a8953f9acfb,DEMO-o4.4.1-example
B-S02,confirmatory,spare,66,B-C-blk17,2,SQ-1,K,0,Q,ADD_ONE|FLIP_CARD|REMOVE_ONE|ALIGN_ARROW,C|A|D|B,TAG|SCAN|CLOSE|QUARANTINE,G|H|E|F,Q-a1|K-a2|Q-r1|K-r2|Q-a2|K-a1|Q-r2|K-r1,Q-a3|K-a3|Q-r3|K-r3,Q-r4|K-r4|Q-a4|K-a4,e7fe12342facd6f425c4e3dffff75d337c8cd32c9ee452267efc15dce62a3dd9,DEMO-o4.4.1-example
B-S03,confirmatory,spare,67,B-C-blk17,3,SQ-2,Q,1,K,FLIP_CARD|ADD_ONE|ALIGN_ARROW|REMOVE_ONE,A|C|B|D,SCAN|TAG|QUARANTINE|CLOSE,H|G|F|E,K-r2|Q-r1|K-a2|Q-a1|K-r1|Q-r2|K-a1|Q-a2,K-r3|Q-r3|K-a3|Q-a3,K-a4|Q-a4|K-r4|Q-r4,ab66d27ebc9e7a8858451e48aef24196ac7d880a0abe2ca598128fd54359d996,DEMO-o4.4.1-example
B-S04,confirmatory,spare,68,B-C-blk17,4,SQ-1,K,1,K,REMOVE_ONE|ALIGN_ARROW|ADD_ONE|FLIP_CARD,D|B|C|A,CLOSE|QUARANTINE|TAG|SCAN,E|F|G|H,K-r1|Q-r2|K-a1|Q-a2|K-r2|Q-r1|K-a2|Q-a1,K-a3|Q-a3|K-r3|Q-r3,K-r4|Q-r4|K-a4|Q-a4,2694f9246107fccc479dd1d5aa6ade3231670e8907e790e05cd927f2cb1451c9,DEMO-o4.4.1-example
B-S05,confirmatory,spare,69,B-C-blk18,1,SQ-1,K,1,Q,FLIP_CARD|ADD_ONE|ALIGN_ARROW|REMOVE_ONE,C|A|D|B,SCAN|TAG|QUARANTINE|CLOSE,G|H|E|F,Q-r1|K-r2|Q-a1|K-a2|Q-r2|K-r1|Q-a2|K-a1,Q-r3|K-r3|Q-a3|K-a3,Q-a4|K-a4|Q-r4|K-r4,aa9fb6ee399a43db87d793740cd5aa7d6ec71a96a5b819e144dfa11d16c15112,DEMO-o4.4.1-example
B-S06,confirmatory,spare,70,B-C-blk18,2,SQ-2,Q,1,Q,REMOVE_ONE|ALIGN_ARROW|ADD_ONE|FLIP_CARD,B|D|A|C,CLOSE|QUARANTINE|TAG|SCAN,F|E|H|G,Q-r2|K-r1|Q-a2|K-a1|Q-r1|K-r2|Q-a1|K-a2,Q-a3|K-a3|Q-r3|K-r3,Q-r4|K-r4|Q-a4|K-a4,ed11344bdd56185fb5a9f5d11c49b12f3bc6ac00f72e34c579a80a1f9bee8ac3,DEMO-o4.4.1-example
B-S07,confirmatory,spare,71,B-C-blk18,3,SQ-1,K,0,K,ALIGN_ARROW|REMOVE_ONE|FLIP_CARD|ADD_ONE,D|B|C|A,QUARANTINE|CLOSE|SCAN|TAG,E|F|G|H,K-a1|Q-a2|K-r1|Q-r2|K-a2|Q-a1|K-r2|Q-r1,K-r3|Q-r3|K-a3|Q-a3,K-a4|Q-a4|K-r4|Q-r4,0c464a530d15392728d4604cb2c9a471103a3410945c8263b50e12b0fc25bc75,DEMO-o4.4.1-example
B-S08,confirmatory,spare,72,B-C-blk18,4,SQ-2,Q,0,K,ADD_ONE|FLIP_CARD|REMOVE_ONE|ALIGN_ARROW,A|C|B|D,TAG|SCAN|CLOSE|QUARANTINE,H|G|F|E,K-a2|Q-a1|K-r2|Q-r1|K-a1|Q-a2|K-r1|Q-r2,K-a3|Q-a3|K-r3|Q-r3,K-r4|Q-r4|K-a4|Q-a4,f3e9287238c28e8505aa068207357fca77f5fe9e244cb2dfe36519c3bab88053,DEMO-o4.4.1-example
