unit_id,unit_kind,person_id,visit,block_position,block,phase,expected_count,passes,slot_s,seconds,shared_by,order_source,seed_label
B-P01,dyad,B-P01-M1,V1,1,profile_menu,selection,1,1,60,60,dyad,fixed,DEMO-o4.4.1-example
B-P01,dyad,B-P01-M1,V1,2,atom_menus,selection,8,1,45,360,dyad,stored,DEMO-o4.4.1-example
B-P01,dyad,B-P01-M1,V1,3,atomic_lessons,teaching,8,1,20,160,dyad,stored,DEMO-o4.4.1-example
B-P01,dyad,B-P01-M1,V1,4,message_lessons,teaching,8,2,24,192,dyad,seeded,DEMO-o4.4.1-example
B-P01,dyad,B-P01-M1,V1,5,trained,protected,4,1,14,56,person,seeded,DEMO-o4.4.1-example
B-P01,dyad,B-P01-M1,V1,6,novel,protected,2,1,14,28,person,seeded,DEMO-o4.4.1-example
B-P01,dyad,B-P01-M1,V1,7,atomic,protected,8,1,9,72,person,seeded,DEMO-o4.4.1-example
B-P01,dyad,B-P01-M1,V2,1,pre_old,pre_test,4,1,14,56,person,seeded,DEMO-o4.4.1-example
B-P01,dyad,B-P01-M1,V2,2,atom_menus,selection,4,1,45,180,dyad,stored,DEMO-o4.4.1-example
B-P01,dyad,B-P01-M1,V2,3,atomic_lessons,teaching,4,1,20,80,dyad,stored,DEMO-o4.4.1-example
B-P01,dyad,B-P01-M1,V2,4,message_lessons,teaching,12,2,24,288,dyad,seeded,DEMO-o4.4.1-example
B-P01,dyad,B-P01-M1,V2,5,trained,protected,10,1,14,140,person,seeded,DEMO-o4.4.1-example
B-P01,dyad,B-P01-M1,V2,6,novel,protected,2,1,14,28,person,seeded,DEMO-o4.4.1-example
B-P01,dyad,B-P01-M1,V2,7,atomic,protected,12,1,9,108,person,seeded,DEMO-o4.4.1-example
B-P01,dyad,B-P01-M1,V3,1,pre_old,pre_test,10,1,14,140,person,seeded,DEMO-o4.4.1-example
B-P01,dyad,B-P01-M1,V3,2,atom_menus,selection,4,1,45,180,dyad,stored,DEMO-o4.4.1-example
B-P01,dyad,B-P01-M1,V3,3,atomic_lessons,teaching,4,1,20,80,dyad,stored,DEMO-o4.4.1-example
B-P01,dyad,B-P01-M1,V3,4,message_lessons,teaching,16,2,24,384,dyad,seeded,DEMO-o4.4.1-example
B-P01,dyad,B-P01-M1,V3,5,trained,protected,18,1,14,252,person,seeded,DEMO-o4.4.1-example
B-P01,dyad,B-P01-M1,V3,6,novel,protected,2,1,14,28,person,seeded,DEMO-o4.4.1-example
B-P01,dyad,B-P01-M1,V3,7,atomic,protected,16,1,9,144,person,seeded,DEMO-o4.4.1-example
B-P01,dyad,B-P01-M1,W1,1,trained,protected,36,2,14,504,person,seeded,DEMO-o4.4.1-example
B-P01,dyad,B-P01-M1,W1,2,novel,protected,4,1,14,56,person,seeded,DEMO-o4.4.1-example
B-P01,dyad,B-P01-M1,W1,3,atomic,protected,16,1,9,144,person,seeded,DEMO-o4.4.1-example
B-P01,dyad,B-P01-M1,W4,1,trained,protected,36,2,14,504,person,seeded,DEMO-o4.4.1-example
B-P01,dyad,B-P01-M1,W4,2,novel,protected,4,1,14,56,person,seeded,DEMO-o4.4.1-example
B-P01,dyad,B-P01-M1,W4,3,atomic,protected,16,1,9,144,person,seeded,DEMO-o4.4.1-example
B-P01,dyad,B-P01-M1,W4,4,validity,validity,16,1,14,224,person,seeded,DEMO-o4.4.1-example
B-P01,dyad,B-P01-M2,V1,1,profile_menu,selection,1,1,60,60,dyad,fixed,DEMO-o4.4.1-example
B-P01,dyad,B-P01-M2,V1,2,atom_menus,selection,8,1,45,360,dyad,stored,DEMO-o4.4.1-example
B-P01,dyad,B-P01-M2,V1,3,atomic_lessons,teaching,8,1,20,160,dyad,stored,DEMO-o4.4.1-example
B-P01,dyad,B-P01-M2,V1,4,message_lessons,teaching,8,2,24,192,dyad,seeded,DEMO-o4.4.1-example
B-P01,dyad,B-P01-M2,V1,5,trained,protected,4,1,14,56,person,seeded,DEMO-o4.4.1-example
B-P01,dyad,B-P01-M2,V1,6,novel,protected,2,1,14,28,person,seeded,DEMO-o4.4.1-example
B-P01,dyad,B-P01-M2,V1,7,atomic,protected,8,1,9,72,person,seeded,DEMO-o4.4.1-example
B-P01,dyad,B-P01-M2,V2,1,pre_old,pre_test,4,1,14,56,person,seeded,DEMO-o4.4.1-example
B-P01,dyad,B-P01-M2,V2,2,atom_menus,selection,4,1,45,180,dyad,stored,DEMO-o4.4.1-example
B-P01,dyad,B-P01-M2,V2,3,atomic_lessons,teaching,4,1,20,80,dyad,stored,DEMO-o4.4.1-example
B-P01,dyad,B-P01-M2,V2,4,message_lessons,teaching,12,2,24,288,dyad,seeded,DEMO-o4.4.1-example
B-P01,dyad,B-P01-M2,V2,5,trained,protected,10,1,14,140,person,seeded,DEMO-o4.4.1-example
B-P01,dyad,B-P01-M2,V2,6,novel,protected,2,1,14,28,person,seeded,DEMO-o4.4.1-example
B-P01,dyad,B-P01-M2,V2,7,atomic,protected,12,1,9,108,person,seeded,DEMO-o4.4.1-example
B-P01,dyad,B-P01-M2,V3,1,pre_old,pre_test,10,1,14,140,person,seeded,DEMO-o4.4.1-example
B-P01,dyad,B-P01-M2,V3,2,atom_menus,selection,4,1,45,180,dyad,stored,DEMO-o4.4.1-example
B-P01,dyad,B-P01-M2,V3,3,atomic_lessons,teaching,4,1,20,80,dyad,stored,DEMO-o4.4.1-example
B-P01,dyad,B-P01-M2,V3,4,message_lessons,teaching,16,2,24,384,dyad,seeded,DEMO-o4.4.1-example
B-P01,dyad,B-P01-M2,V3,5,trained,protected,18,1,14,252,person,seeded,DEMO-o4.4.1-example
B-P01,dyad,B-P01-M2,V3,6,novel,protected,2,1,14,28,person,seeded,DEMO-o4.4.1-example
B-P01,dyad,B-P01-M2,V3,7,atomic,protected,16,1,9,144,person,seeded,DEMO-o4.4.1-example
B-P01,dyad,B-P01-M2,W1,1,trained,protected,36,2,14,504,person,seeded,DEMO-o4.4.1-example
B-P01,dyad,B-P01-M2,W1,2,novel,protected,4,1,14,56,person,seeded,DEMO-o4.4.1-example
B-P01,dyad,B-P01-M2,W1,3,atomic,protected,16,1,9,144,person,seeded,DEMO-o4.4.1-example
B-P01,dyad,B-P01-M2,W4,1,trained,protected,36,2,14,504,person,seeded,DEMO-o4.4.1-example
B-P01,dyad,B-P01-M2,W4,2,novel,protected,4,1,14,56,person,seeded,DEMO-o4.4.1-example
B-P01,dyad,B-P01-M2,W4,3,atomic,protected,16,1,9,144,person,seeded,DEMO-o4.4.1-example
B-P01,dyad,B-P01-M2,W4,4,validity,validity,16,1,14,224,person,seeded,DEMO-o4.4.1-example
B-P02,dyad,B-P02-M1,V1,1,profile_menu,selection,1,1,60,60,dyad,fixed,DEMO-o4.4.1-example
B-P02,dyad,B-P02-M1,V1,2,atom_menus,selection,8,1,45,360,dyad,stored,DEMO-o4.4.1-example
B-P02,dyad,B-P02-M1,V1,3,atomic_lessons,teaching,8,1,20,160,dyad,stored,DEMO-o4.4.1-example
B-P02,dyad,B-P02-M1,V1,4,message_lessons,teaching,8,2,24,192,dyad,seeded,DEMO-o4.4.1-example
B-P02,dyad,B-P02-M1,V1,5,trained,protected,4,1,14,56,person,seeded,DEMO-o4.4.1-example
B-P02,dyad,B-P02-M1,V1,6,novel,protected,2,1,14,28,person,seeded,DEMO-o4.4.1-example
B-P02,dyad,B-P02-M1,V1,7,atomic,protected,8,1,9,72,person,seeded,DEMO-o4.4.1-example
B-P02,dyad,B-P02-M1,V2,1,pre_old,pre_test,4,1,14,56,person,seeded,DEMO-o4.4.1-example
B-P02,dyad,B-P02-M1,V2,2,atom_menus,selection,4,1,45,180,dyad,stored,DEMO-o4.4.1-example
B-P02,dyad,B-P02-M1,V2,3,atomic_lessons,teaching,4,1,20,80,dyad,stored,DEMO-o4.4.1-example
B-P02,dyad,B-P02-M1,V2,4,message_lessons,teaching,12,2,24,288,dyad,seeded,DEMO-o4.4.1-example
B-P02,dyad,B-P02-M1,V2,5,trained,protected,10,1,14,140,person,seeded,DEMO-o4.4.1-example
B-P02,dyad,B-P02-M1,V2,6,novel,protected,2,1,14,28,person,seeded,DEMO-o4.4.1-example
B-P02,dyad,B-P02-M1,V2,7,atomic,protected,12,1,9,108,person,seeded,DEMO-o4.4.1-example
B-P02,dyad,B-P02-M1,V3,1,pre_old,pre_test,10,1,14,140,person,seeded,DEMO-o4.4.1-example
B-P02,dyad,B-P02-M1,V3,2,atom_menus,selection,4,1,45,180,dyad,stored,DEMO-o4.4.1-example
B-P02,dyad,B-P02-M1,V3,3,atomic_lessons,teaching,4,1,20,80,dyad,stored,DEMO-o4.4.1-example
B-P02,dyad,B-P02-M1,V3,4,message_lessons,teaching,16,2,24,384,dyad,seeded,DEMO-o4.4.1-example
B-P02,dyad,B-P02-M1,V3,5,trained,protected,18,1,14,252,person,seeded,DEMO-o4.4.1-example
B-P02,dyad,B-P02-M1,V3,6,novel,protected,2,1,14,28,person,seeded,DEMO-o4.4.1-example
B-P02,dyad,B-P02-M1,V3,7,atomic,protected,16,1,9,144,person,seeded,DEMO-o4.4.1-example
B-P02,dyad,B-P02-M1,W1,1,trained,protected,36,2,14,504,person,seeded,DEMO-o4.4.1-example
B-P02,dyad,B-P02-M1,W1,2,novel,protected,4,1,14,56,person,seeded,DEMO-o4.4.1-example
B-P02,dyad,B-P02-M1,W1,3,atomic,protected,16,1,9,144,person,seeded,DEMO-o4.4.1-example
B-P02,dyad,B-P02-M1,W4,1,trained,protected,36,2,14,504,person,seeded,DEMO-o4.4.1-example
B-P02,dyad,B-P02-M1,W4,2,novel,protected,4,1,14,56,person,seeded,DEMO-o4.4.1-example
B-P02,dyad,B-P02-M1,W4,3,atomic,protected,16,1,9,144,person,seeded,DEMO-o4.4.1-example
B-P02,dyad,B-P02-M1,W4,4,validity,validity,16,1,14,224,person,seeded,DEMO-o4.4.1-example
B-P02,dyad,B-P02-M2,V1,1,profile_menu,selection,1,1,60,60,dyad,fixed,DEMO-o4.4.1-example
B-P02,dyad,B-P02-M2,V1,2,atom_menus,selection,8,1,45,360,dyad,stored,DEMO-o4.4.1-example
B-P02,dyad,B-P02-M2,V1,3,atomic_lessons,teaching,8,1,20,160,dyad,stored,DEMO-o4.4.1-example
B-P02,dyad,B-P02-M2,V1,4,message_lessons,teaching,8,2,24,192,dyad,seeded,DEMO-o4.4.1-example
B-P02,dyad,B-P02-M2,V1,5,trained,protected,4,1,14,56,person,seeded,DEMO-o4.4.1-example
B-P02,dyad,B-P02-M2,V1,6,novel,protected,2,1,14,28,person,seeded,DEMO-o4.4.1-example
B-P02,dyad,B-P02-M2,V1,7,atomic,protected,8,1,9,72,person,seeded,DEMO-o4.4.1-example
B-P02,dyad,B-P02-M2,V2,1,pre_old,pre_test,4,1,14,56,person,seeded,DEMO-o4.4.1-example
B-P02,dyad,B-P02-M2,V2,2,atom_menus,selection,4,1,45,180,dyad,stored,DEMO-o4.4.1-example
B-P02,dyad,B-P02-M2,V2,3,atomic_lessons,teaching,4,1,20,80,dyad,stored,DEMO-o4.4.1-example
B-P02,dyad,B-P02-M2,V2,4,message_lessons,teaching,12,2,24,288,dyad,seeded,DEMO-o4.4.1-example
B-P02,dyad,B-P02-M2,V2,5,trained,protected,10,1,14,140,person,seeded,DEMO-o4.4.1-example
B-P02,dyad,B-P02-M2,V2,6,novel,protected,2,1,14,28,person,seeded,DEMO-o4.4.1-example
B-P02,dyad,B-P02-M2,V2,7,atomic,protected,12,1,9,108,person,seeded,DEMO-o4.4.1-example
B-P02,dyad,B-P02-M2,V3,1,pre_old,pre_test,10,1,14,140,person,seeded,DEMO-o4.4.1-example
B-P02,dyad,B-P02-M2,V3,2,atom_menus,selection,4,1,45,180,dyad,stored,DEMO-o4.4.1-example
B-P02,dyad,B-P02-M2,V3,3,atomic_lessons,teaching,4,1,20,80,dyad,stored,DEMO-o4.4.1-example
B-P02,dyad,B-P02-M2,V3,4,message_lessons,teaching,16,2,24,384,dyad,seeded,DEMO-o4.4.1-example
B-P02,dyad,B-P02-M2,V3,5,trained,protected,18,1,14,252,person,seeded,DEMO-o4.4.1-example
B-P02,dyad,B-P02-M2,V3,6,novel,protected,2,1,14,28,person,seeded,DEMO-o4.4.1-example
B-P02,dyad,B-P02-M2,V3,7,atomic,protected,16,1,9,144,person,seeded,DEMO-o4.4.1-example
B-P02,dyad,B-P02-M2,W1,1,trained,protected,36,2,14,504,person,seeded,DEMO-o4.4.1-example
B-P02,dyad,B-P02-M2,W1,2,novel,protected,4,1,14,56,person,seeded,DEMO-o4.4.1-example
B-P02,dyad,B-P02-M2,W1,3,atomic,protected,16,1,9,144,person,seeded,DEMO-o4.4.1-example
B-P02,dyad,B-P02-M2,W4,1,trained,protected,36,2,14,504,person,seeded,DEMO-o4.4.1-example
B-P02,dyad,B-P02-M2,W4,2,novel,protected,4,1,14,56,person,seeded,DEMO-o4.4.1-example
B-P02,dyad,B-P02-M2,W4,3,atomic,protected,16,1,9,144,person,seeded,DEMO-o4.4.1-example
B-P02,dyad,B-P02-M2,W4,4,validity,validity,16,1,14,224,person,seeded,DEMO-o4.4.1-example
B-P03,dyad,B-P03-M1,V1,1,profile_menu,selection,1,1,60,60,dyad,fixed,DEMO-o4.4.1-example
B-P03,dyad,B-P03-M1,V1,2,atom_menus,selection,8,1,45,360,dyad,stored,DEMO-o4.4.1-example
B-P03,dyad,B-P03-M1,V1,3,atomic_lessons,teaching,8,1,20,160,dyad,stored,DEMO-o4.4.1-example
B-P03,dyad,B-P03-M1,V1,4,message_lessons,teaching,8,2,24,192,dyad,seeded,DEMO-o4.4.1-example
B-P03,dyad,B-P03-M1,V1,5,trained,protected,4,1,14,56,person,seeded,DEMO-o4.4.1-example
B-P03,dyad,B-P03-M1,V1,6,novel,protected,2,1,14,28,person,seeded,DEMO-o4.4.1-example
B-P03,dyad,B-P03-M1,V1,7,atomic,protected,8,1,9,72,person,seeded,DEMO-o4.4.1-example
B-P03,dyad,B-P03-M1,V2,1,pre_old,pre_test,4,1,14,56,person,seeded,DEMO-o4.4.1-example
B-P03,dyad,B-P03-M1,V2,2,atom_menus,selection,4,1,45,180,dyad,stored,DEMO-o4.4.1-example
B-P03,dyad,B-P03-M1,V2,3,atomic_lessons,teaching,4,1,20,80,dyad,stored,DEMO-o4.4.1-example
B-P03,dyad,B-P03-M1,V2,4,message_lessons,teaching,12,2,24,288,dyad,seeded,DEMO-o4.4.1-example
B-P03,dyad,B-P03-M1,V2,5,trained,protected,10,1,14,140,person,seeded,DEMO-o4.4.1-example
B-P03,dyad,B-P03-M1,V2,6,novel,protected,2,1,14,28,person,seeded,DEMO-o4.4.1-example
B-P03,dyad,B-P03-M1,V2,7,atomic,protected,12,1,9,108,person,seeded,DEMO-o4.4.1-example
B-P03,dyad,B-P03-M1,V3,1,pre_old,pre_test,10,1,14,140,person,seeded,DEMO-o4.4.1-example
B-P03,dyad,B-P03-M1,V3,2,atom_menus,selection,4,1,45,180,dyad,stored,DEMO-o4.4.1-example
B-P03,dyad,B-P03-M1,V3,3,atomic_lessons,teaching,4,1,20,80,dyad,stored,DEMO-o4.4.1-example
B-P03,dyad,B-P03-M1,V3,4,message_lessons,teaching,16,2,24,384,dyad,seeded,DEMO-o4.4.1-example
B-P03,dyad,B-P03-M1,V3,5,trained,protected,18,1,14,252,person,seeded,DEMO-o4.4.1-example
B-P03,dyad,B-P03-M1,V3,6,novel,protected,2,1,14,28,person,seeded,DEMO-o4.4.1-example
B-P03,dyad,B-P03-M1,V3,7,atomic,protected,16,1,9,144,person,seeded,DEMO-o4.4.1-example
B-P03,dyad,B-P03-M1,W1,1,trained,protected,36,2,14,504,person,seeded,DEMO-o4.4.1-example
B-P03,dyad,B-P03-M1,W1,2,novel,protected,4,1,14,56,person,seeded,DEMO-o4.4.1-example
B-P03,dyad,B-P03-M1,W1,3,atomic,protected,16,1,9,144,person,seeded,DEMO-o4.4.1-example
B-P03,dyad,B-P03-M1,W4,1,trained,protected,36,2,14,504,person,seeded,DEMO-o4.4.1-example
B-P03,dyad,B-P03-M1,W4,2,novel,protected,4,1,14,56,person,seeded,DEMO-o4.4.1-example
B-P03,dyad,B-P03-M1,W4,3,atomic,protected,16,1,9,144,person,seeded,DEMO-o4.4.1-example
B-P03,dyad,B-P03-M1,W4,4,validity,validity,16,1,14,224,person,seeded,DEMO-o4.4.1-example
B-P03,dyad,B-P03-M2,V1,1,profile_menu,selection,1,1,60,60,dyad,fixed,DEMO-o4.4.1-example
B-P03,dyad,B-P03-M2,V1,2,atom_menus,selection,8,1,45,360,dyad,stored,DEMO-o4.4.1-example
B-P03,dyad,B-P03-M2,V1,3,atomic_lessons,teaching,8,1,20,160,dyad,stored,DEMO-o4.4.1-example
B-P03,dyad,B-P03-M2,V1,4,message_lessons,teaching,8,2,24,192,dyad,seeded,DEMO-o4.4.1-example
B-P03,dyad,B-P03-M2,V1,5,trained,protected,4,1,14,56,person,seeded,DEMO-o4.4.1-example
B-P03,dyad,B-P03-M2,V1,6,novel,protected,2,1,14,28,person,seeded,DEMO-o4.4.1-example
B-P03,dyad,B-P03-M2,V1,7,atomic,protected,8,1,9,72,person,seeded,DEMO-o4.4.1-example
B-P03,dyad,B-P03-M2,V2,1,pre_old,pre_test,4,1,14,56,person,seeded,DEMO-o4.4.1-example
B-P03,dyad,B-P03-M2,V2,2,atom_menus,selection,4,1,45,180,dyad,stored,DEMO-o4.4.1-example
B-P03,dyad,B-P03-M2,V2,3,atomic_lessons,teaching,4,1,20,80,dyad,stored,DEMO-o4.4.1-example
B-P03,dyad,B-P03-M2,V2,4,message_lessons,teaching,12,2,24,288,dyad,seeded,DEMO-o4.4.1-example
B-P03,dyad,B-P03-M2,V2,5,trained,protected,10,1,14,140,person,seeded,DEMO-o4.4.1-example
B-P03,dyad,B-P03-M2,V2,6,novel,protected,2,1,14,28,person,seeded,DEMO-o4.4.1-example
B-P03,dyad,B-P03-M2,V2,7,atomic,protected,12,1,9,108,person,seeded,DEMO-o4.4.1-example
B-P03,dyad,B-P03-M2,V3,1,pre_old,pre_test,10,1,14,140,person,seeded,DEMO-o4.4.1-example
B-P03,dyad,B-P03-M2,V3,2,atom_menus,selection,4,1,45,180,dyad,stored,DEMO-o4.4.1-example
B-P03,dyad,B-P03-M2,V3,3,atomic_lessons,teaching,4,1,20,80,dyad,stored,DEMO-o4.4.1-example
B-P03,dyad,B-P03-M2,V3,4,message_lessons,teaching,16,2,24,384,dyad,seeded,DEMO-o4.4.1-example
B-P03,dyad,B-P03-M2,V3,5,trained,protected,18,1,14,252,person,seeded,DEMO-o4.4.1-example
B-P03,dyad,B-P03-M2,V3,6,novel,protected,2,1,14,28,person,seeded,DEMO-o4.4.1-example
B-P03,dyad,B-P03-M2,V3,7,atomic,protected,16,1,9,144,person,seeded,DEMO-o4.4.1-example
B-P03,dyad,B-P03-M2,W1,1,trained,protected,36,2,14,504,person,seeded,DEMO-o4.4.1-example
B-P03,dyad,B-P03-M2,W1,2,novel,protected,4,1,14,56,person,seeded,DEMO-o4.4.1-example
B-P03,dyad,B-P03-M2,W1,3,atomic,protected,16,1,9,144,person,seeded,DEMO-o4.4.1-example
B-P03,dyad,B-P03-M2,W4,1,trained,protected,36,2,14,504,person,seeded,DEMO-o4.4.1-example
B-P03,dyad,B-P03-M2,W4,2,novel,protected,4,1,14,56,person,seeded,DEMO-o4.4.1-example
B-P03,dyad,B-P03-M2,W4,3,atomic,protected,16,1,9,144,person,seeded,DEMO-o4.4.1-example
B-P03,dyad,B-P03-M2,W4,4,validity,validity,16,1,14,224,person,seeded,DEMO-o4.4.1-example
B-P04,dyad,B-P04-M1,V1,1,profile_menu,selection,1,1,60,60,dyad,fixed,DEMO-o4.4.1-example
B-P04,dyad,B-P04-M1,V1,2,atom_menus,selection,8,1,45,360,dyad,stored,DEMO-o4.4.1-example
B-P04,dyad,B-P04-M1,V1,3,atomic_lessons,teaching,8,1,20,160,dyad,stored,DEMO-o4.4.1-example
B-P04,dyad,B-P04-M1,V1,4,message_lessons,teaching,8,2,24,192,dyad,seeded,DEMO-o4.4.1-example
B-P04,dyad,B-P04-M1,V1,5,trained,protected,4,1,14,56,person,seeded,DEMO-o4.4.1-example
B-P04,dyad,B-P04-M1,V1,6,novel,protected,2,1,14,28,person,seeded,DEMO-o4.4.1-example
B-P04,dyad,B-P04-M1,V1,7,atomic,protected,8,1,9,72,person,seeded,DEMO-o4.4.1-example
B-P04,dyad,B-P04-M1,V2,1,pre_old,pre_test,4,1,14,56,person,seeded,DEMO-o4.4.1-example
B-P04,dyad,B-P04-M1,V2,2,atom_menus,selection,4,1,45,180,dyad,stored,DEMO-o4.4.1-example
B-P04,dyad,B-P04-M1,V2,3,atomic_lessons,teaching,4,1,20,80,dyad,stored,DEMO-o4.4.1-example
B-P04,dyad,B-P04-M1,V2,4,message_lessons,teaching,12,2,24,288,dyad,seeded,DEMO-o4.4.1-example
B-P04,dyad,B-P04-M1,V2,5,trained,protected,10,1,14,140,person,seeded,DEMO-o4.4.1-example
B-P04,dyad,B-P04-M1,V2,6,novel,protected,2,1,14,28,person,seeded,DEMO-o4.4.1-example
B-P04,dyad,B-P04-M1,V2,7,atomic,protected,12,1,9,108,person,seeded,DEMO-o4.4.1-example
B-P04,dyad,B-P04-M1,V3,1,pre_old,pre_test,10,1,14,140,person,seeded,DEMO-o4.4.1-example
B-P04,dyad,B-P04-M1,V3,2,atom_menus,selection,4,1,45,180,dyad,stored,DEMO-o4.4.1-example
B-P04,dyad,B-P04-M1,V3,3,atomic_lessons,teaching,4,1,20,80,dyad,stored,DEMO-o4.4.1-example
B-P04,dyad,B-P04-M1,V3,4,message_lessons,teaching,16,2,24,384,dyad,seeded,DEMO-o4.4.1-example
B-P04,dyad,B-P04-M1,V3,5,trained,protected,18,1,14,252,person,seeded,DEMO-o4.4.1-example
B-P04,dyad,B-P04-M1,V3,6,novel,protected,2,1,14,28,person,seeded,DEMO-o4.4.1-example
B-P04,dyad,B-P04-M1,V3,7,atomic,protected,16,1,9,144,person,seeded,DEMO-o4.4.1-example
B-P04,dyad,B-P04-M1,W1,1,trained,protected,36,2,14,504,person,seeded,DEMO-o4.4.1-example
B-P04,dyad,B-P04-M1,W1,2,novel,protected,4,1,14,56,person,seeded,DEMO-o4.4.1-example
B-P04,dyad,B-P04-M1,W1,3,atomic,protected,16,1,9,144,person,seeded,DEMO-o4.4.1-example
B-P04,dyad,B-P04-M1,W4,1,trained,protected,36,2,14,504,person,seeded,DEMO-o4.4.1-example
B-P04,dyad,B-P04-M1,W4,2,novel,protected,4,1,14,56,person,seeded,DEMO-o4.4.1-example
B-P04,dyad,B-P04-M1,W4,3,atomic,protected,16,1,9,144,person,seeded,DEMO-o4.4.1-example
B-P04,dyad,B-P04-M1,W4,4,validity,validity,16,1,14,224,person,seeded,DEMO-o4.4.1-example
B-P04,dyad,B-P04-M2,V1,1,profile_menu,selection,1,1,60,60,dyad,fixed,DEMO-o4.4.1-example
B-P04,dyad,B-P04-M2,V1,2,atom_menus,selection,8,1,45,360,dyad,stored,DEMO-o4.4.1-example
B-P04,dyad,B-P04-M2,V1,3,atomic_lessons,teaching,8,1,20,160,dyad,stored,DEMO-o4.4.1-example
B-P04,dyad,B-P04-M2,V1,4,message_lessons,teaching,8,2,24,192,dyad,seeded,DEMO-o4.4.1-example
B-P04,dyad,B-P04-M2,V1,5,trained,protected,4,1,14,56,person,seeded,DEMO-o4.4.1-example
B-P04,dyad,B-P04-M2,V1,6,novel,protected,2,1,14,28,person,seeded,DEMO-o4.4.1-example
B-P04,dyad,B-P04-M2,V1,7,atomic,protected,8,1,9,72,person,seeded,DEMO-o4.4.1-example
B-P04,dyad,B-P04-M2,V2,1,pre_old,pre_test,4,1,14,56,person,seeded,DEMO-o4.4.1-example
B-P04,dyad,B-P04-M2,V2,2,atom_menus,selection,4,1,45,180,dyad,stored,DEMO-o4.4.1-example
B-P04,dyad,B-P04-M2,V2,3,atomic_lessons,teaching,4,1,20,80,dyad,stored,DEMO-o4.4.1-example
B-P04,dyad,B-P04-M2,V2,4,message_lessons,teaching,12,2,24,288,dyad,seeded,DEMO-o4.4.1-example
B-P04,dyad,B-P04-M2,V2,5,trained,protected,10,1,14,140,person,seeded,DEMO-o4.4.1-example
B-P04,dyad,B-P04-M2,V2,6,novel,protected,2,1,14,28,person,seeded,DEMO-o4.4.1-example
B-P04,dyad,B-P04-M2,V2,7,atomic,protected,12,1,9,108,person,seeded,DEMO-o4.4.1-example
B-P04,dyad,B-P04-M2,V3,1,pre_old,pre_test,10,1,14,140,person,seeded,DEMO-o4.4.1-example
B-P04,dyad,B-P04-M2,V3,2,atom_menus,selection,4,1,45,180,dyad,stored,DEMO-o4.4.1-example
B-P04,dyad,B-P04-M2,V3,3,atomic_lessons,teaching,4,1,20,80,dyad,stored,DEMO-o4.4.1-example
B-P04,dyad,B-P04-M2,V3,4,message_lessons,teaching,16,2,24,384,dyad,seeded,DEMO-o4.4.1-example
B-P04,dyad,B-P04-M2,V3,5,trained,protected,18,1,14,252,person,seeded,DEMO-o4.4.1-example
B-P04,dyad,B-P04-M2,V3,6,novel,protected,2,1,14,28,person,seeded,DEMO-o4.4.1-example
B-P04,dyad,B-P04-M2,V3,7,atomic,protected,16,1,9,144,person,seeded,DEMO-o4.4.1-example
B-P04,dyad,B-P04-M2,W1,1,trained,protected,36,2,14,504,person,seeded,DEMO-o4.4.1-example
B-P04,dyad,B-P04-M2,W1,2,novel,protected,4,1,14,56,person,seeded,DEMO-o4.4.1-example
B-P04,dyad,B-P04-M2,W1,3,atomic,protected,16,1,9,144,person,seeded,DEMO-o4.4.1-example
B-P04,dyad,B-P04-M2,W4,1,trained,protected,36,2,14,504,person,seeded,DEMO-o4.4.1-example
B-P04,dyad,B-P04-M2,W4,2,novel,protected,4,1,14,56,person,seeded,DEMO-o4.4.1-example
B-P04,dyad,B-P04-M2,W4,3,atomic,protected,16,1,9,144,person,seeded,DEMO-o4.4.1-example
B-P04,dyad,B-P04-M2,W4,4,validity,validity,16,1,14,224,person,seeded,DEMO-o4.4.1-example
B-P05,dyad,B-P05-M1,V1,1,profile_menu,selection,1,1,60,60,dyad,fixed,DEMO-o4.4.1-example
B-P05,dyad,B-P05-M1,V1,2,atom_menus,selection,8,1,45,360,dyad,stored,DEMO-o4.4.1-example
B-P05,dyad,B-P05-M1,V1,3,atomic_lessons,teaching,8,1,20,160,dyad,stored,DEMO-o4.4.1-example
B-P05,dyad,B-P05-M1,V1,4,message_lessons,teaching,8,2,24,192,dyad,seeded,DEMO-o4.4.1-example
B-P05,dyad,B-P05-M1,V1,5,trained,protected,4,1,14,56,person,seeded,DEMO-o4.4.1-example
B-P05,dyad,B-P05-M1,V1,6,novel,protected,2,1,14,28,person,seeded,DEMO-o4.4.1-example
B-P05,dyad,B-P05-M1,V1,7,atomic,protected,8,1,9,72,person,seeded,DEMO-o4.4.1-example
B-P05,dyad,B-P05-M1,V2,1,pre_old,pre_test,4,1,14,56,person,seeded,DEMO-o4.4.1-example
B-P05,dyad,B-P05-M1,V2,2,atom_menus,selection,4,1,45,180,dyad,stored,DEMO-o4.4.1-example
B-P05,dyad,B-P05-M1,V2,3,atomic_lessons,teaching,4,1,20,80,dyad,stored,DEMO-o4.4.1-example
B-P05,dyad,B-P05-M1,V2,4,message_lessons,teaching,12,2,24,288,dyad,seeded,DEMO-o4.4.1-example
B-P05,dyad,B-P05-M1,V2,5,trained,protected,10,1,14,140,person,seeded,DEMO-o4.4.1-example
B-P05,dyad,B-P05-M1,V2,6,novel,protected,2,1,14,28,person,seeded,DEMO-o4.4.1-example
B-P05,dyad,B-P05-M1,V2,7,atomic,protected,12,1,9,108,person,seeded,DEMO-o4.4.1-example
B-P05,dyad,B-P05-M1,V3,1,pre_old,pre_test,10,1,14,140,person,seeded,DEMO-o4.4.1-example
B-P05,dyad,B-P05-M1,V3,2,atom_menus,selection,4,1,45,180,dyad,stored,DEMO-o4.4.1-example
B-P05,dyad,B-P05-M1,V3,3,atomic_lessons,teaching,4,1,20,80,dyad,stored,DEMO-o4.4.1-example
B-P05,dyad,B-P05-M1,V3,4,message_lessons,teaching,16,2,24,384,dyad,seeded,DEMO-o4.4.1-example
B-P05,dyad,B-P05-M1,V3,5,trained,protected,18,1,14,252,person,seeded,DEMO-o4.4.1-example
B-P05,dyad,B-P05-M1,V3,6,novel,protected,2,1,14,28,person,seeded,DEMO-o4.4.1-example
B-P05,dyad,B-P05-M1,V3,7,atomic,protected,16,1,9,144,person,seeded,DEMO-o4.4.1-example
B-P05,dyad,B-P05-M1,W1,1,trained,protected,36,2,14,504,person,seeded,DEMO-o4.4.1-example
B-P05,dyad,B-P05-M1,W1,2,novel,protected,4,1,14,56,person,seeded,DEMO-o4.4.1-example
B-P05,dyad,B-P05-M1,W1,3,atomic,protected,16,1,9,144,person,seeded,DEMO-o4.4.1-example
B-P05,dyad,B-P05-M1,W4,1,trained,protected,36,2,14,504,person,seeded,DEMO-o4.4.1-example
B-P05,dyad,B-P05-M1,W4,2,novel,protected,4,1,14,56,person,seeded,DEMO-o4.4.1-example
B-P05,dyad,B-P05-M1,W4,3,atomic,protected,16,1,9,144,person,seeded,DEMO-o4.4.1-example
B-P05,dyad,B-P05-M1,W4,4,validity,validity,16,1,14,224,person,seeded,DEMO-o4.4.1-example
B-P05,dyad,B-P05-M2,V1,1,profile_menu,selection,1,1,60,60,dyad,fixed,DEMO-o4.4.1-example
B-P05,dyad,B-P05-M2,V1,2,atom_menus,selection,8,1,45,360,dyad,stored,DEMO-o4.4.1-example
B-P05,dyad,B-P05-M2,V1,3,atomic_lessons,teaching,8,1,20,160,dyad,stored,DEMO-o4.4.1-example
B-P05,dyad,B-P05-M2,V1,4,message_lessons,teaching,8,2,24,192,dyad,seeded,DEMO-o4.4.1-example
B-P05,dyad,B-P05-M2,V1,5,trained,protected,4,1,14,56,person,seeded,DEMO-o4.4.1-example
B-P05,dyad,B-P05-M2,V1,6,novel,protected,2,1,14,28,person,seeded,DEMO-o4.4.1-example
B-P05,dyad,B-P05-M2,V1,7,atomic,protected,8,1,9,72,person,seeded,DEMO-o4.4.1-example
B-P05,dyad,B-P05-M2,V2,1,pre_old,pre_test,4,1,14,56,person,seeded,DEMO-o4.4.1-example
B-P05,dyad,B-P05-M2,V2,2,atom_menus,selection,4,1,45,180,dyad,stored,DEMO-o4.4.1-example
B-P05,dyad,B-P05-M2,V2,3,atomic_lessons,teaching,4,1,20,80,dyad,stored,DEMO-o4.4.1-example
B-P05,dyad,B-P05-M2,V2,4,message_lessons,teaching,12,2,24,288,dyad,seeded,DEMO-o4.4.1-example
B-P05,dyad,B-P05-M2,V2,5,trained,protected,10,1,14,140,person,seeded,DEMO-o4.4.1-example
B-P05,dyad,B-P05-M2,V2,6,novel,protected,2,1,14,28,person,seeded,DEMO-o4.4.1-example
B-P05,dyad,B-P05-M2,V2,7,atomic,protected,12,1,9,108,person,seeded,DEMO-o4.4.1-example
B-P05,dyad,B-P05-M2,V3,1,pre_old,pre_test,10,1,14,140,person,seeded,DEMO-o4.4.1-example
B-P05,dyad,B-P05-M2,V3,2,atom_menus,selection,4,1,45,180,dyad,stored,DEMO-o4.4.1-example
B-P05,dyad,B-P05-M2,V3,3,atomic_lessons,teaching,4,1,20,80,dyad,stored,DEMO-o4.4.1-example
B-P05,dyad,B-P05-M2,V3,4,message_lessons,teaching,16,2,24,384,dyad,seeded,DEMO-o4.4.1-example
B-P05,dyad,B-P05-M2,V3,5,trained,protected,18,1,14,252,person,seeded,DEMO-o4.4.1-example
B-P05,dyad,B-P05-M2,V3,6,novel,protected,2,1,14,28,person,seeded,DEMO-o4.4.1-example
B-P05,dyad,B-P05-M2,V3,7,atomic,protected,16,1,9,144,person,seeded,DEMO-o4.4.1-example
B-P05,dyad,B-P05-M2,W1,1,trained,protected,36,2,14,504,person,seeded,DEMO-o4.4.1-example
B-P05,dyad,B-P05-M2,W1,2,novel,protected,4,1,14,56,person,seeded,DEMO-o4.4.1-example
B-P05,dyad,B-P05-M2,W1,3,atomic,protected,16,1,9,144,person,seeded,DEMO-o4.4.1-example
B-P05,dyad,B-P05-M2,W4,1,trained,protected,36,2,14,504,person,seeded,DEMO-o4.4.1-example
B-P05,dyad,B-P05-M2,W4,2,novel,protected,4,1,14,56,person,seeded,DEMO-o4.4.1-example
B-P05,dyad,B-P05-M2,W4,3,atomic,protected,16,1,9,144,person,seeded,DEMO-o4.4.1-example
B-P05,dyad,B-P05-M2,W4,4,validity,validity,16,1,14,224,person,seeded,DEMO-o4.4.1-example
B-P06,dyad,B-P06-M1,V1,1,profile_menu,selection,1,1,60,60,dyad,fixed,DEMO-o4.4.1-example
B-P06,dyad,B-P06-M1,V1,2,atom_menus,selection,8,1,45,360,dyad,stored,DEMO-o4.4.1-example
B-P06,dyad,B-P06-M1,V1,3,atomic_lessons,teaching,8,1,20,160,dyad,stored,DEMO-o4.4.1-example
B-P06,dyad,B-P06-M1,V1,4,message_lessons,teaching,8,2,24,192,dyad,seeded,DEMO-o4.4.1-example
B-P06,dyad,B-P06-M1,V1,5,trained,protected,4,1,14,56,person,seeded,DEMO-o4.4.1-example
B-P06,dyad,B-P06-M1,V1,6,novel,protected,2,1,14,28,person,seeded,DEMO-o4.4.1-example
B-P06,dyad,B-P06-M1,V1,7,atomic,protected,8,1,9,72,person,seeded,DEMO-o4.4.1-example
B-P06,dyad,B-P06-M1,V2,1,pre_old,pre_test,4,1,14,56,person,seeded,DEMO-o4.4.1-example
B-P06,dyad,B-P06-M1,V2,2,atom_menus,selection,4,1,45,180,dyad,stored,DEMO-o4.4.1-example
B-P06,dyad,B-P06-M1,V2,3,atomic_lessons,teaching,4,1,20,80,dyad,stored,DEMO-o4.4.1-example
B-P06,dyad,B-P06-M1,V2,4,message_lessons,teaching,12,2,24,288,dyad,seeded,DEMO-o4.4.1-example
B-P06,dyad,B-P06-M1,V2,5,trained,protected,10,1,14,140,person,seeded,DEMO-o4.4.1-example
B-P06,dyad,B-P06-M1,V2,6,novel,protected,2,1,14,28,person,seeded,DEMO-o4.4.1-example
B-P06,dyad,B-P06-M1,V2,7,atomic,protected,12,1,9,108,person,seeded,DEMO-o4.4.1-example
B-P06,dyad,B-P06-M1,V3,1,pre_old,pre_test,10,1,14,140,person,seeded,DEMO-o4.4.1-example
B-P06,dyad,B-P06-M1,V3,2,atom_menus,selection,4,1,45,180,dyad,stored,DEMO-o4.4.1-example
B-P06,dyad,B-P06-M1,V3,3,atomic_lessons,teaching,4,1,20,80,dyad,stored,DEMO-o4.4.1-example
B-P06,dyad,B-P06-M1,V3,4,message_lessons,teaching,16,2,24,384,dyad,seeded,DEMO-o4.4.1-example
B-P06,dyad,B-P06-M1,V3,5,trained,protected,18,1,14,252,person,seeded,DEMO-o4.4.1-example
B-P06,dyad,B-P06-M1,V3,6,novel,protected,2,1,14,28,person,seeded,DEMO-o4.4.1-example
B-P06,dyad,B-P06-M1,V3,7,atomic,protected,16,1,9,144,person,seeded,DEMO-o4.4.1-example
B-P06,dyad,B-P06-M1,W1,1,trained,protected,36,2,14,504,person,seeded,DEMO-o4.4.1-example
B-P06,dyad,B-P06-M1,W1,2,novel,protected,4,1,14,56,person,seeded,DEMO-o4.4.1-example
B-P06,dyad,B-P06-M1,W1,3,atomic,protected,16,1,9,144,person,seeded,DEMO-o4.4.1-example
B-P06,dyad,B-P06-M1,W4,1,trained,protected,36,2,14,504,person,seeded,DEMO-o4.4.1-example
B-P06,dyad,B-P06-M1,W4,2,novel,protected,4,1,14,56,person,seeded,DEMO-o4.4.1-example
B-P06,dyad,B-P06-M1,W4,3,atomic,protected,16,1,9,144,person,seeded,DEMO-o4.4.1-example
B-P06,dyad,B-P06-M1,W4,4,validity,validity,16,1,14,224,person,seeded,DEMO-o4.4.1-example
B-P06,dyad,B-P06-M2,V1,1,profile_menu,selection,1,1,60,60,dyad,fixed,DEMO-o4.4.1-example
B-P06,dyad,B-P06-M2,V1,2,atom_menus,selection,8,1,45,360,dyad,stored,DEMO-o4.4.1-example
B-P06,dyad,B-P06-M2,V1,3,atomic_lessons,teaching,8,1,20,160,dyad,stored,DEMO-o4.4.1-example
B-P06,dyad,B-P06-M2,V1,4,message_lessons,teaching,8,2,24,192,dyad,seeded,DEMO-o4.4.1-example
B-P06,dyad,B-P06-M2,V1,5,trained,protected,4,1,14,56,person,seeded,DEMO-o4.4.1-example
B-P06,dyad,B-P06-M2,V1,6,novel,protected,2,1,14,28,person,seeded,DEMO-o4.4.1-example
B-P06,dyad,B-P06-M2,V1,7,atomic,protected,8,1,9,72,person,seeded,DEMO-o4.4.1-example
B-P06,dyad,B-P06-M2,V2,1,pre_old,pre_test,4,1,14,56,person,seeded,DEMO-o4.4.1-example
B-P06,dyad,B-P06-M2,V2,2,atom_menus,selection,4,1,45,180,dyad,stored,DEMO-o4.4.1-example
B-P06,dyad,B-P06-M2,V2,3,atomic_lessons,teaching,4,1,20,80,dyad,stored,DEMO-o4.4.1-example
B-P06,dyad,B-P06-M2,V2,4,message_lessons,teaching,12,2,24,288,dyad,seeded,DEMO-o4.4.1-example
B-P06,dyad,B-P06-M2,V2,5,trained,protected,10,1,14,140,person,seeded,DEMO-o4.4.1-example
B-P06,dyad,B-P06-M2,V2,6,novel,protected,2,1,14,28,person,seeded,DEMO-o4.4.1-example
B-P06,dyad,B-P06-M2,V2,7,atomic,protected,12,1,9,108,person,seeded,DEMO-o4.4.1-example
B-P06,dyad,B-P06-M2,V3,1,pre_old,pre_test,10,1,14,140,person,seeded,DEMO-o4.4.1-example
B-P06,dyad,B-P06-M2,V3,2,atom_menus,selection,4,1,45,180,dyad,stored,DEMO-o4.4.1-example
B-P06,dyad,B-P06-M2,V3,3,atomic_lessons,teaching,4,1,20,80,dyad,stored,DEMO-o4.4.1-example
B-P06,dyad,B-P06-M2,V3,4,message_lessons,teaching,16,2,24,384,dyad,seeded,DEMO-o4.4.1-example
B-P06,dyad,B-P06-M2,V3,5,trained,protected,18,1,14,252,person,seeded,DEMO-o4.4.1-example
B-P06,dyad,B-P06-M2,V3,6,novel,protected,2,1,14,28,person,seeded,DEMO-o4.4.1-example
B-P06,dyad,B-P06-M2,V3,7,atomic,protected,16,1,9,144,person,seeded,DEMO-o4.4.1-example
B-P06,dyad,B-P06-M2,W1,1,trained,protected,36,2,14,504,person,seeded,DEMO-o4.4.1-example
B-P06,dyad,B-P06-M2,W1,2,novel,protected,4,1,14,56,person,seeded,DEMO-o4.4.1-example
B-P06,dyad,B-P06-M2,W1,3,atomic,protected,16,1,9,144,person,seeded,DEMO-o4.4.1-example
B-P06,dyad,B-P06-M2,W4,1,trained,protected,36,2,14,504,person,seeded,DEMO-o4.4.1-example
B-P06,dyad,B-P06-M2,W4,2,novel,protected,4,1,14,56,person,seeded,DEMO-o4.4.1-example
B-P06,dyad,B-P06-M2,W4,3,atomic,protected,16,1,9,144,person,seeded,DEMO-o4.4.1-example
B-P06,dyad,B-P06-M2,W4,4,validity,validity,16,1,14,224,person,seeded,DEMO-o4.4.1-example
B-P07,dyad,B-P07-M1,V1,1,profile_menu,selection,1,1,60,60,dyad,fixed,DEMO-o4.4.1-example
B-P07,dyad,B-P07-M1,V1,2,atom_menus,selection,8,1,45,360,dyad,stored,DEMO-o4.4.1-example
B-P07,dyad,B-P07-M1,V1,3,atomic_lessons,teaching,8,1,20,160,dyad,stored,DEMO-o4.4.1-example
B-P07,dyad,B-P07-M1,V1,4,message_lessons,teaching,8,2,24,192,dyad,seeded,DEMO-o4.4.1-example
B-P07,dyad,B-P07-M1,V1,5,trained,protected,4,1,14,56,person,seeded,DEMO-o4.4.1-example
B-P07,dyad,B-P07-M1,V1,6,novel,protected,2,1,14,28,person,seeded,DEMO-o4.4.1-example
B-P07,dyad,B-P07-M1,V1,7,atomic,protected,8,1,9,72,person,seeded,DEMO-o4.4.1-example
B-P07,dyad,B-P07-M1,V2,1,pre_old,pre_test,4,1,14,56,person,seeded,DEMO-o4.4.1-example
B-P07,dyad,B-P07-M1,V2,2,atom_menus,selection,4,1,45,180,dyad,stored,DEMO-o4.4.1-example
B-P07,dyad,B-P07-M1,V2,3,atomic_lessons,teaching,4,1,20,80,dyad,stored,DEMO-o4.4.1-example
B-P07,dyad,B-P07-M1,V2,4,message_lessons,teaching,12,2,24,288,dyad,seeded,DEMO-o4.4.1-example
B-P07,dyad,B-P07-M1,V2,5,trained,protected,10,1,14,140,person,seeded,DEMO-o4.4.1-example
B-P07,dyad,B-P07-M1,V2,6,novel,protected,2,1,14,28,person,seeded,DEMO-o4.4.1-example
B-P07,dyad,B-P07-M1,V2,7,atomic,protected,12,1,9,108,person,seeded,DEMO-o4.4.1-example
B-P07,dyad,B-P07-M1,V3,1,pre_old,pre_test,10,1,14,140,person,seeded,DEMO-o4.4.1-example
B-P07,dyad,B-P07-M1,V3,2,atom_menus,selection,4,1,45,180,dyad,stored,DEMO-o4.4.1-example
B-P07,dyad,B-P07-M1,V3,3,atomic_lessons,teaching,4,1,20,80,dyad,stored,DEMO-o4.4.1-example
B-P07,dyad,B-P07-M1,V3,4,message_lessons,teaching,16,2,24,384,dyad,seeded,DEMO-o4.4.1-example
B-P07,dyad,B-P07-M1,V3,5,trained,protected,18,1,14,252,person,seeded,DEMO-o4.4.1-example
B-P07,dyad,B-P07-M1,V3,6,novel,protected,2,1,14,28,person,seeded,DEMO-o4.4.1-example
B-P07,dyad,B-P07-M1,V3,7,atomic,protected,16,1,9,144,person,seeded,DEMO-o4.4.1-example
B-P07,dyad,B-P07-M1,W1,1,trained,protected,36,2,14,504,person,seeded,DEMO-o4.4.1-example
B-P07,dyad,B-P07-M1,W1,2,novel,protected,4,1,14,56,person,seeded,DEMO-o4.4.1-example
B-P07,dyad,B-P07-M1,W1,3,atomic,protected,16,1,9,144,person,seeded,DEMO-o4.4.1-example
B-P07,dyad,B-P07-M1,W4,1,trained,protected,36,2,14,504,person,seeded,DEMO-o4.4.1-example
B-P07,dyad,B-P07-M1,W4,2,novel,protected,4,1,14,56,person,seeded,DEMO-o4.4.1-example
B-P07,dyad,B-P07-M1,W4,3,atomic,protected,16,1,9,144,person,seeded,DEMO-o4.4.1-example
B-P07,dyad,B-P07-M1,W4,4,validity,validity,16,1,14,224,person,seeded,DEMO-o4.4.1-example
B-P07,dyad,B-P07-M2,V1,1,profile_menu,selection,1,1,60,60,dyad,fixed,DEMO-o4.4.1-example
B-P07,dyad,B-P07-M2,V1,2,atom_menus,selection,8,1,45,360,dyad,stored,DEMO-o4.4.1-example
B-P07,dyad,B-P07-M2,V1,3,atomic_lessons,teaching,8,1,20,160,dyad,stored,DEMO-o4.4.1-example
B-P07,dyad,B-P07-M2,V1,4,message_lessons,teaching,8,2,24,192,dyad,seeded,DEMO-o4.4.1-example
B-P07,dyad,B-P07-M2,V1,5,trained,protected,4,1,14,56,person,seeded,DEMO-o4.4.1-example
B-P07,dyad,B-P07-M2,V1,6,novel,protected,2,1,14,28,person,seeded,DEMO-o4.4.1-example
B-P07,dyad,B-P07-M2,V1,7,atomic,protected,8,1,9,72,person,seeded,DEMO-o4.4.1-example
B-P07,dyad,B-P07-M2,V2,1,pre_old,pre_test,4,1,14,56,person,seeded,DEMO-o4.4.1-example
B-P07,dyad,B-P07-M2,V2,2,atom_menus,selection,4,1,45,180,dyad,stored,DEMO-o4.4.1-example
B-P07,dyad,B-P07-M2,V2,3,atomic_lessons,teaching,4,1,20,80,dyad,stored,DEMO-o4.4.1-example
B-P07,dyad,B-P07-M2,V2,4,message_lessons,teaching,12,2,24,288,dyad,seeded,DEMO-o4.4.1-example
B-P07,dyad,B-P07-M2,V2,5,trained,protected,10,1,14,140,person,seeded,DEMO-o4.4.1-example
B-P07,dyad,B-P07-M2,V2,6,novel,protected,2,1,14,28,person,seeded,DEMO-o4.4.1-example
B-P07,dyad,B-P07-M2,V2,7,atomic,protected,12,1,9,108,person,seeded,DEMO-o4.4.1-example
B-P07,dyad,B-P07-M2,V3,1,pre_old,pre_test,10,1,14,140,person,seeded,DEMO-o4.4.1-example
B-P07,dyad,B-P07-M2,V3,2,atom_menus,selection,4,1,45,180,dyad,stored,DEMO-o4.4.1-example
B-P07,dyad,B-P07-M2,V3,3,atomic_lessons,teaching,4,1,20,80,dyad,stored,DEMO-o4.4.1-example
B-P07,dyad,B-P07-M2,V3,4,message_lessons,teaching,16,2,24,384,dyad,seeded,DEMO-o4.4.1-example
B-P07,dyad,B-P07-M2,V3,5,trained,protected,18,1,14,252,person,seeded,DEMO-o4.4.1-example
B-P07,dyad,B-P07-M2,V3,6,novel,protected,2,1,14,28,person,seeded,DEMO-o4.4.1-example
B-P07,dyad,B-P07-M2,V3,7,atomic,protected,16,1,9,144,person,seeded,DEMO-o4.4.1-example
B-P07,dyad,B-P07-M2,W1,1,trained,protected,36,2,14,504,person,seeded,DEMO-o4.4.1-example
B-P07,dyad,B-P07-M2,W1,2,novel,protected,4,1,14,56,person,seeded,DEMO-o4.4.1-example
B-P07,dyad,B-P07-M2,W1,3,atomic,protected,16,1,9,144,person,seeded,DEMO-o4.4.1-example
B-P07,dyad,B-P07-M2,W4,1,trained,protected,36,2,14,504,person,seeded,DEMO-o4.4.1-example
B-P07,dyad,B-P07-M2,W4,2,novel,protected,4,1,14,56,person,seeded,DEMO-o4.4.1-example
B-P07,dyad,B-P07-M2,W4,3,atomic,protected,16,1,9,144,person,seeded,DEMO-o4.4.1-example
B-P07,dyad,B-P07-M2,W4,4,validity,validity,16,1,14,224,person,seeded,DEMO-o4.4.1-example
B-P08,dyad,B-P08-M1,V1,1,profile_menu,selection,1,1,60,60,dyad,fixed,DEMO-o4.4.1-example
B-P08,dyad,B-P08-M1,V1,2,atom_menus,selection,8,1,45,360,dyad,stored,DEMO-o4.4.1-example
B-P08,dyad,B-P08-M1,V1,3,atomic_lessons,teaching,8,1,20,160,dyad,stored,DEMO-o4.4.1-example
B-P08,dyad,B-P08-M1,V1,4,message_lessons,teaching,8,2,24,192,dyad,seeded,DEMO-o4.4.1-example
B-P08,dyad,B-P08-M1,V1,5,trained,protected,4,1,14,56,person,seeded,DEMO-o4.4.1-example
B-P08,dyad,B-P08-M1,V1,6,novel,protected,2,1,14,28,person,seeded,DEMO-o4.4.1-example
B-P08,dyad,B-P08-M1,V1,7,atomic,protected,8,1,9,72,person,seeded,DEMO-o4.4.1-example
B-P08,dyad,B-P08-M1,V2,1,pre_old,pre_test,4,1,14,56,person,seeded,DEMO-o4.4.1-example
B-P08,dyad,B-P08-M1,V2,2,atom_menus,selection,4,1,45,180,dyad,stored,DEMO-o4.4.1-example
B-P08,dyad,B-P08-M1,V2,3,atomic_lessons,teaching,4,1,20,80,dyad,stored,DEMO-o4.4.1-example
B-P08,dyad,B-P08-M1,V2,4,message_lessons,teaching,12,2,24,288,dyad,seeded,DEMO-o4.4.1-example
B-P08,dyad,B-P08-M1,V2,5,trained,protected,10,1,14,140,person,seeded,DEMO-o4.4.1-example
B-P08,dyad,B-P08-M1,V2,6,novel,protected,2,1,14,28,person,seeded,DEMO-o4.4.1-example
B-P08,dyad,B-P08-M1,V2,7,atomic,protected,12,1,9,108,person,seeded,DEMO-o4.4.1-example
B-P08,dyad,B-P08-M1,V3,1,pre_old,pre_test,10,1,14,140,person,seeded,DEMO-o4.4.1-example
B-P08,dyad,B-P08-M1,V3,2,atom_menus,selection,4,1,45,180,dyad,stored,DEMO-o4.4.1-example
B-P08,dyad,B-P08-M1,V3,3,atomic_lessons,teaching,4,1,20,80,dyad,stored,DEMO-o4.4.1-example
B-P08,dyad,B-P08-M1,V3,4,message_lessons,teaching,16,2,24,384,dyad,seeded,DEMO-o4.4.1-example
B-P08,dyad,B-P08-M1,V3,5,trained,protected,18,1,14,252,person,seeded,DEMO-o4.4.1-example
B-P08,dyad,B-P08-M1,V3,6,novel,protected,2,1,14,28,person,seeded,DEMO-o4.4.1-example
B-P08,dyad,B-P08-M1,V3,7,atomic,protected,16,1,9,144,person,seeded,DEMO-o4.4.1-example
B-P08,dyad,B-P08-M1,W1,1,trained,protected,36,2,14,504,person,seeded,DEMO-o4.4.1-example
B-P08,dyad,B-P08-M1,W1,2,novel,protected,4,1,14,56,person,seeded,DEMO-o4.4.1-example
B-P08,dyad,B-P08-M1,W1,3,atomic,protected,16,1,9,144,person,seeded,DEMO-o4.4.1-example
B-P08,dyad,B-P08-M1,W4,1,trained,protected,36,2,14,504,person,seeded,DEMO-o4.4.1-example
B-P08,dyad,B-P08-M1,W4,2,novel,protected,4,1,14,56,person,seeded,DEMO-o4.4.1-example
B-P08,dyad,B-P08-M1,W4,3,atomic,protected,16,1,9,144,person,seeded,DEMO-o4.4.1-example
B-P08,dyad,B-P08-M1,W4,4,validity,validity,16,1,14,224,person,seeded,DEMO-o4.4.1-example
B-P08,dyad,B-P08-M2,V1,1,profile_menu,selection,1,1,60,60,dyad,fixed,DEMO-o4.4.1-example
B-P08,dyad,B-P08-M2,V1,2,atom_menus,selection,8,1,45,360,dyad,stored,DEMO-o4.4.1-example
B-P08,dyad,B-P08-M2,V1,3,atomic_lessons,teaching,8,1,20,160,dyad,stored,DEMO-o4.4.1-example
B-P08,dyad,B-P08-M2,V1,4,message_lessons,teaching,8,2,24,192,dyad,seeded,DEMO-o4.4.1-example
B-P08,dyad,B-P08-M2,V1,5,trained,protected,4,1,14,56,person,seeded,DEMO-o4.4.1-example
B-P08,dyad,B-P08-M2,V1,6,novel,protected,2,1,14,28,person,seeded,DEMO-o4.4.1-example
B-P08,dyad,B-P08-M2,V1,7,atomic,protected,8,1,9,72,person,seeded,DEMO-o4.4.1-example
B-P08,dyad,B-P08-M2,V2,1,pre_old,pre_test,4,1,14,56,person,seeded,DEMO-o4.4.1-example
B-P08,dyad,B-P08-M2,V2,2,atom_menus,selection,4,1,45,180,dyad,stored,DEMO-o4.4.1-example
B-P08,dyad,B-P08-M2,V2,3,atomic_lessons,teaching,4,1,20,80,dyad,stored,DEMO-o4.4.1-example
B-P08,dyad,B-P08-M2,V2,4,message_lessons,teaching,12,2,24,288,dyad,seeded,DEMO-o4.4.1-example
B-P08,dyad,B-P08-M2,V2,5,trained,protected,10,1,14,140,person,seeded,DEMO-o4.4.1-example
B-P08,dyad,B-P08-M2,V2,6,novel,protected,2,1,14,28,person,seeded,DEMO-o4.4.1-example
B-P08,dyad,B-P08-M2,V2,7,atomic,protected,12,1,9,108,person,seeded,DEMO-o4.4.1-example
B-P08,dyad,B-P08-M2,V3,1,pre_old,pre_test,10,1,14,140,person,seeded,DEMO-o4.4.1-example
B-P08,dyad,B-P08-M2,V3,2,atom_menus,selection,4,1,45,180,dyad,stored,DEMO-o4.4.1-example
B-P08,dyad,B-P08-M2,V3,3,atomic_lessons,teaching,4,1,20,80,dyad,stored,DEMO-o4.4.1-example
B-P08,dyad,B-P08-M2,V3,4,message_lessons,teaching,16,2,24,384,dyad,seeded,DEMO-o4.4.1-example
B-P08,dyad,B-P08-M2,V3,5,trained,protected,18,1,14,252,person,seeded,DEMO-o4.4.1-example
B-P08,dyad,B-P08-M2,V3,6,novel,protected,2,1,14,28,person,seeded,DEMO-o4.4.1-example
B-P08,dyad,B-P08-M2,V3,7,atomic,protected,16,1,9,144,person,seeded,DEMO-o4.4.1-example
B-P08,dyad,B-P08-M2,W1,1,trained,protected,36,2,14,504,person,seeded,DEMO-o4.4.1-example
B-P08,dyad,B-P08-M2,W1,2,novel,protected,4,1,14,56,person,seeded,DEMO-o4.4.1-example
B-P08,dyad,B-P08-M2,W1,3,atomic,protected,16,1,9,144,person,seeded,DEMO-o4.4.1-example
B-P08,dyad,B-P08-M2,W4,1,trained,protected,36,2,14,504,person,seeded,DEMO-o4.4.1-example
B-P08,dyad,B-P08-M2,W4,2,novel,protected,4,1,14,56,person,seeded,DEMO-o4.4.1-example
B-P08,dyad,B-P08-M2,W4,3,atomic,protected,16,1,9,144,person,seeded,DEMO-o4.4.1-example
B-P08,dyad,B-P08-M2,W4,4,validity,validity,16,1,14,224,person,seeded,DEMO-o4.4.1-example
