panel_id,batch_id,profile,order_index,order,seed_key,seed,aliases_seed_key
DEMO-A-C01-N1,DEMO-A-C01,P1,1,A1|A2|A3,PANEL|DEMO-A-C|orders,275756660255916115,PANEL|DEMO-A-C|aliases|DEMO-A-C01-N1
DEMO-A-C02-N1,DEMO-A-C02,P1,5,A3|A1|A2,PANEL|DEMO-A-C|orders,275756660255916115,PANEL|DEMO-A-C|aliases|DEMO-A-C02-N1
DEMO-A-C03-N1,DEMO-A-C03,P1,2,A1|A3|A2,PANEL|DEMO-A-C|orders,275756660255916115,PANEL|DEMO-A-C|aliases|DEMO-A-C03-N1
DEMO-A-C04-N1,DEMO-A-C04,P1,4,A2|A3|A1,PANEL|DEMO-A-C|orders,275756660255916115,PANEL|DEMO-A-C|aliases|DEMO-A-C04-N1
DEMO-A-C05-N1,DEMO-A-C05,P2,2,A1|A3|A2,PANEL|DEMO-A-C|orders,275756660255916115,PANEL|DEMO-A-C|aliases|DEMO-A-C05-N1
DEMO-A-C06-N1,DEMO-A-C06,P2,1,A1|A2|A3,PANEL|DEMO-A-C|orders,275756660255916115,PANEL|DEMO-A-C|aliases|DEMO-A-C06-N1
DEMO-A-C07-N1,DEMO-A-C07,P2,3,A2|A1|A3,PANEL|DEMO-A-C|orders,275756660255916115,PANEL|DEMO-A-C|aliases|DEMO-A-C07-N1
DEMO-A-C08-N1,DEMO-A-C08,P2,5,A3|A1|A2,PANEL|DEMO-A-C|orders,275756660255916115,PANEL|DEMO-A-C|aliases|DEMO-A-C08-N1
DEMO-A-C09-N1,DEMO-A-C09,P3,4,A2|A3|A1,PANEL|DEMO-A-C|orders,275756660255916115,PANEL|DEMO-A-C|aliases|DEMO-A-C09-N1
DEMO-A-C10-N1,DEMO-A-C10,P3,6,A3|A2|A1,PANEL|DEMO-A-C|orders,275756660255916115,PANEL|DEMO-A-C|aliases|DEMO-A-C10-N1
DEMO-A-C11-N1,DEMO-A-C11,P3,5,A3|A1|A2,PANEL|DEMO-A-C|orders,275756660255916115,PANEL|DEMO-A-C|aliases|DEMO-A-C11-N1
DEMO-A-C12-N1,DEMO-A-C12,P3,3,A2|A1|A3,PANEL|DEMO-A-C|orders,275756660255916115,PANEL|DEMO-A-C|aliases|DEMO-A-C12-N1
DEMO-A-C13-N1,DEMO-A-C13,P2,6,A3|A2|A1,PANEL|DEMO-A-C|orders,275756660255916115,PANEL|DEMO-A-C|aliases|DEMO-A-C13-N1
DEMO-A-C14-N1,DEMO-A-C14,P2,4,A2|A3|A1,PANEL|DEMO-A-C|orders,275756660255916115,PANEL|DEMO-A-C|aliases|DEMO-A-C14-N1
DEMO-A-C15-N1,DEMO-A-C15,P1,3,A2|A1|A3,PANEL|DEMO-A-C|orders,275756660255916115,PANEL|DEMO-A-C|aliases|DEMO-A-C15-N1
DEMO-A-C16-N1,DEMO-A-C16,P1,6,A3|A2|A1,PANEL|DEMO-A-C|orders,275756660255916115,PANEL|DEMO-A-C|aliases|DEMO-A-C16-N1
DEMO-A-C17-N1,DEMO-A-C17,P3,2,A1|A3|A2,PANEL|DEMO-A-C|orders,275756660255916115,PANEL|DEMO-A-C|aliases|DEMO-A-C17-N1
DEMO-A-C18-N1,DEMO-A-C18,P3,1,A1|A2|A3,PANEL|DEMO-A-C|orders,275756660255916115,PANEL|DEMO-A-C|aliases|DEMO-A-C18-N1
