family,action_index,referent_index,message_id,components_available_wave,training_wave,B_first_novel_visit_default,A_novel_default,counterbalance,unit_id,semantic_action,semantic_referent,heldout_set,swap_w1_w4,seed,novel_visit,seed_label
K,1,1,K-a1-r1,1,1,,,A-C-blk01,A-C01,REMOVE_ONE,A,,0,2ba3a1fcc7d2177e70824137bbbd60c0e0970d899cb46440002622e3181736ab,,DEMO-o4.4.1-example
K,1,2,K-a1-r2,1,,V1,unused,A-C-blk01,A-C01,REMOVE_ONE,D,H-V1,0,2ba3a1fcc7d2177e70824137bbbd60c0e0970d899cb46440002622e3181736ab,unused,DEMO-o4.4.1-example
K,1,3,K-a1-r3,2,2,,,A-C-blk01,A-C01,REMOVE_ONE,C,,0,2ba3a1fcc7d2177e70824137bbbd60c0e0970d899cb46440002622e3181736ab,,DEMO-o4.4.1-example
K,1,4,K-a1-r4,3,,W1,immediate,A-C-blk01,A-C01,REMOVE_ONE,B,H-W1,0,2ba3a1fcc7d2177e70824137bbbd60c0e0970d899cb46440002622e3181736ab,D0,DEMO-o4.4.1-example
K,2,1,K-a2-r1,1,,W4,delayed,A-C-blk01,A-C01,ALIGN_ARROW,A,H-W4,0,2ba3a1fcc7d2177e70824137bbbd60c0e0970d899cb46440002622e3181736ab,D7,DEMO-o4.4.1-example
K,2,2,K-a2-r2,1,1,,,A-C-blk01,A-C01,ALIGN_ARROW,D,,0,2ba3a1fcc7d2177e70824137bbbd60c0e0970d899cb46440002622e3181736ab,,DEMO-o4.4.1-example
K,2,3,K-a2-r3,2,,V2,unused,A-C-blk01,A-C01,ALIGN_ARROW,C,H-V2,0,2ba3a1fcc7d2177e70824137bbbd60c0e0970d899cb46440002622e3181736ab,unused,DEMO-o4.4.1-example
K,2,4,K-a2-r4,3,3,,,A-C-blk01,A-C01,ALIGN_ARROW,B,,0,2ba3a1fcc7d2177e70824137bbbd60c0e0970d899cb46440002622e3181736ab,,DEMO-o4.4.1-example
K,3,1,K-a3-r1,2,2,,,A-C-blk01,A-C01,FLIP_CARD,A,,0,2ba3a1fcc7d2177e70824137bbbd60c0e0970d899cb46440002622e3181736ab,,DEMO-o4.4.1-example
K,3,2,K-a3-r2,2,,W1,immediate,A-C-blk01,A-C01,FLIP_CARD,D,H-W1,0,2ba3a1fcc7d2177e70824137bbbd60c0e0970d899cb46440002622e3181736ab,D0,DEMO-o4.4.1-example
K,3,3,K-a3-r3,2,2,,,A-C-blk01,A-C01,FLIP_CARD,C,,0,2ba3a1fcc7d2177e70824137bbbd60c0e0970d899cb46440002622e3181736ab,,DEMO-o4.4.1-example
K,3,4,K-a3-r4,3,3,,,A-C-blk01,A-C01,FLIP_CARD,B,,0,2ba3a1fcc7d2177e70824137bbbd60c0e0970d899cb46440002622e3181736ab,,DEMO-o4.4.1-example
K,4,1,K-a4-r1,3,,V3,unused,A-C-blk01,A-C01,ADD_ONE,A,H-V3,0,2ba3a1fcc7d2177e70824137bbbd60c0e0970d899cb46440002622e3181736ab,unused,DEMO-o4.4.1-example
K,4,2,K-a4-r2,3,3,,,A-C-blk01,A-C01,ADD_ONE,D,,0,2ba3a1fcc7d2177e70824137bbbd60c0e0970d899cb46440002622e3181736ab,,DEMO-o4.4.1-example
K,4,3,K-a4-r3,3,3,,,A-C-blk01,A-C01,ADD_ONE,C,,0,2ba3a1fcc7d2177e70824137bbbd60c0e0970d899cb46440002622e3181736ab,,DEMO-o4.4.1-example
K,4,4,K-a4-r4,3,,W4,delayed,A-C-blk01,A-C01,ADD_ONE,B,H-W4,0,2ba3a1fcc7d2177e70824137bbbd60c0e0970d899cb46440002622e3181736ab,D7,DEMO-o4.4.1-example
Q,1,1,Q-a1-r1,1,1,,,A-C-blk01,A-C01,CLOSE,F,,0,2ba3a1fcc7d2177e70824137bbbd60c0e0970d899cb46440002622e3181736ab,,DEMO-o4.4.1-example
Q,1,2,Q-a1-r2,1,,V1,unused,A-C-blk01,A-C01,CLOSE,E,H-V1,0,2ba3a1fcc7d2177e70824137bbbd60c0e0970d899cb46440002622e3181736ab,unused,DEMO-o4.4.1-example
Q,1,3,Q-a1-r3,2,2,,,A-C-blk01,A-C01,CLOSE,H,,0,2ba3a1fcc7d2177e70824137bbbd60c0e0970d899cb46440002622e3181736ab,,DEMO-o4.4.1-example
Q,1,4,Q-a1-r4,3,,W1,immediate,A-C-blk01,A-C01,CLOSE,G,H-W1,0,2ba3a1fcc7d2177e70824137bbbd60c0e0970d899cb46440002622e3181736ab,D0,DEMO-o4.4.1-example
Q,2,1,Q-a2-r1,1,,W4,delayed,A-C-blk01,A-C01,QUARANTINE,F,H-W4,0,2ba3a1fcc7d2177e70824137bbbd60c0e0970d899cb46440002622e3181736ab,D7,DEMO-o4.4.1-example
Q,2,2,Q-a2-r2,1,1,,,A-C-blk01,A-C01,QUARANTINE,E,,0,2ba3a1fcc7d2177e70824137bbbd60c0e0970d899cb46440002622e3181736ab,,DEMO-o4.4.1-example
Q,2,3,Q-a2-r3,2,,V2,unused,A-C-blk01,A-C01,QUARANTINE,H,H-V2,0,2ba3a1fcc7d2177e70824137bbbd60c0e0970d899cb46440002622e3181736ab,unused,DEMO-o4.4.1-example
Q,2,4,Q-a2-r4,3,3,,,A-C-blk01,A-C01,QUARANTINE,G,,0,2ba3a1fcc7d2177e70824137bbbd60c0e0970d899cb46440002622e3181736ab,,DEMO-o4.4.1-example
Q,3,1,Q-a3-r1,2,2,,,A-C-blk01,A-C01,TAG,F,,0,2ba3a1fcc7d2177e70824137bbbd60c0e0970d899cb46440002622e3181736ab,,DEMO-o4.4.1-example
Q,3,2,Q-a3-r2,2,,W1,immediate,A-C-blk01,A-C01,TAG,E,H-W1,0,2ba3a1fcc7d2177e70824137bbbd60c0e0970d899cb46440002622e3181736ab,D0,DEMO-o4.4.1-example
Q,3,3,Q-a3-r3,2,2,,,A-C-blk01,A-C01,TAG,H,,0,2ba3a1fcc7d2177e70824137bbbd60c0e0970d899cb46440002622e3181736ab,,DEMO-o4.4.1-example
Q,3,4,Q-a3-r4,3,3,,,A-C-blk01,A-C01,TAG,G,,0,2ba3a1fcc7d2177e70824137bbbd60c0e0970d899cb46440002622e3181736ab,,DEMO-o4.4.1-example
Q,4,1,Q-a4-r1,3,,V3,unused,A-C-blk01,A-C01,SCAN,F,H-V3,0,2ba3a1fcc7d2177e70824137bbbd60c0e0970d899cb46440002622e3181736ab,unused,DEMO-o4.4.1-example
Q,4,2,Q-a4-r2,3,3,,,A-C-blk01,A-C01,SCAN,E,,0,2ba3a1fcc7d2177e70824137bbbd60c0e0970d899cb46440002622e3181736ab,,DEMO-o4.4.1-example
Q,4,3,Q-a4-r3,3,3,,,A-C-blk01,A-C01,SCAN,H,,0,2ba3a1fcc7d2177e70824137bbbd60c0e0970d899cb46440002622e3181736ab,,DEMO-o4.4.1-example
Q,4,4,Q-a4-r4,3,,W4,delayed,A-C-blk01,A-C01,SCAN,G,H-W4,0,2ba3a1fcc7d2177e70824137bbbd60c0e0970d899cb46440002622e3181736ab,D7,DEMO-o4.4.1-example
