cycle,reset_ok,elapsed_ms_including_log,sim_time,joint_rad,position_m,orientation_rad,linear_velocity_m_s,angular_velocity_rad_s,environment_absolute
0,True,137.07396,0.03333333507180214,0.0,1.192092895533904e-07,0.0,0.0,0.0,0.0
1,True,136.532378,0.03333333507180214,0.0,1.192092895533904e-07,0.0,0.0,0.0,0.0
2,True,137.090808,0.03333333507180214,0.0,1.192092895533904e-07,0.0,0.0,0.0,0.0
3,True,137.702875,0.03333333507180214,0.0,1.192092895533904e-07,0.0,0.0,0.0,0.0
4,True,136.932327,0.03333333507180214,0.0,1.192092895533904e-07,0.0,0.0,0.0,0.0
5,True,136.497035,0.03333333507180214,0.0,1.192092895533904e-07,0.0,0.0,0.0,0.0
6,True,136.357646,0.03333333507180214,0.0,1.192092895533904e-07,0.0,0.0,0.0,0.0
7,True,139.964338,0.03333333507180214,0.0,1.192092895533904e-07,0.0,0.0,0.0,0.0
8,True,136.737662,0.03333333507180214,0.0,1.192092895533904e-07,0.0,0.0,0.0,0.0
9,True,136.83415,0.03333333507180214,0.0,1.192092895533904e-07,0.0,0.0,0.0,0.0
10,True,136.161958,0.03333333507180214,0.0,1.192092895533904e-07,0.0,0.0,0.0,0.0
11,True,138.510818,0.03333333507180214,0.0,1.192092895533904e-07,0.0,0.0,0.0,0.0
12,True,138.439106,0.03333333507180214,0.0,1.192092895533904e-07,0.0,0.0,0.0,0.0
13,True,137.800022,0.03333333507180214,0.0,1.192092895533904e-07,0.0,0.0,0.0,0.0
14,True,136.960843,0.03333333507180214,0.0,1.192092895533904e-07,0.0,0.0,0.0,0.0
15,True,138.774059,0.03333333507180214,0.0,1.192092895533904e-07,0.0,0.0,0.0,0.0
16,True,140.330537,0.03333333507180214,0.0,1.192092895533904e-07,0.0,0.0,0.0,0.0
17,True,137.115791,0.03333333507180214,0.0,1.192092895533904e-07,0.0,0.0,0.0,0.0
18,True,137.398694,0.03333333507180214,0.0,1.192092895533904e-07,0.0,0.0,0.0,0.0
19,True,135.065473,0.03333333507180214,0.0,1.192092895533904e-07,0.0,0.0,0.0,0.0
20,True,140.876599,0.03333333507180214,0.0,1.192092895533904e-07,0.0,0.0,0.0,0.0
21,True,135.648192,0.03333333507180214,0.0,1.192092895533904e-07,0.0,0.0,0.0,0.0
22,True,137.522594,0.03333333507180214,0.0,1.192092895533904e-07,0.0,0.0,0.0,0.0
23,True,137.256408,0.03333333507180214,0.0,1.192092895533904e-07,0.0,0.0,0.0,0.0
24,True,139.595887,0.03333333507180214,0.0,1.192092895533904e-07,0.0,0.0,0.0,0.0
25,True,135.771807,0.03333333507180214,0.0,1.192092895533904e-07,0.0,0.0,0.0,0.0
26,True,139.985904,0.03333333507180214,0.0,1.192092895533904e-07,0.0,0.0,0.0,0.0
27,True,136.144632,0.03333333507180214,0.0,1.192092895533904e-07,0.0,0.0,0.0,0.0
28,True,142.841942,0.03333333507180214,0.0,1.192092895533904e-07,0.0,0.0,0.0,0.0
29,True,135.782851,0.03333333507180214,0.0,1.192092895533904e-07,0.0,0.0,0.0,0.0
30,True,139.584806,0.03333333507180214,0.0,1.192092895533904e-07,0.0,0.0,0.0,0.0
31,True,137.628973,0.03333333507180214,0.0,1.192092895533904e-07,0.0,0.0,0.0,0.0
32,True,144.810453,0.03333333507180214,0.0,1.192092895533904e-07,0.0,0.0,0.0,0.0
33,True,138.206057,0.03333333507180214,0.0,1.192092895533904e-07,0.0,0.0,0.0,0.0
34,True,138.827212,0.03333333507180214,0.0,1.192092895533904e-07,0.0,0.0,0.0,0.0
35,True,138.185549,0.03333333507180214,0.0,1.192092895533904e-07,0.0,0.0,0.0,0.0
36,True,142.983651,0.03333333507180214,0.0,1.192092895533904e-07,0.0,0.0,0.0,0.0
37,True,139.685883,0.03333333507180214,0.0,1.192092895533904e-07,0.0,0.0,0.0,0.0
38,True,138.763949,0.03333333507180214,0.0,1.192092895533904e-07,0.0,0.0,0.0,0.0
39,True,139.678059,0.03333333507180214,0.0,1.192092895533904e-07,0.0,0.0,0.0,0.0
40,True,139.158716,0.03333333507180214,0.0,1.192092895533904e-07,0.0,0.0,0.0,0.0
41,True,138.96446,0.03333333507180214,0.0,1.192092895533904e-07,0.0,0.0,0.0,0.0
42,True,140.311531,0.03333333507180214,0.0,1.192092895533904e-07,0.0,0.0,0.0,0.0
43,True,138.881316,0.03333333507180214,0.0,1.192092895533904e-07,0.0,0.0,0.0,0.0
44,True,557.44491,0.03333333507180214,0.0,1.192092895533904e-07,0.0,0.0,0.0,0.0
45,True,139.033871,0.03333333507180214,0.0,1.192092895533904e-07,0.0,0.0,0.0,0.0
46,True,142.473893,0.03333333507180214,0.0,1.192092895533904e-07,0.0,0.0,0.0,0.0
47,True,140.17651,0.03333333507180214,0.0,1.192092895533904e-07,0.0,0.0,0.0,0.0
48,True,140.427737,0.03333333507180214,0.0,1.192092895533904e-07,0.0,0.0,0.0,0.0
49,True,139.175154,0.03333333507180214,0.0,1.192092895533904e-07,0.0,0.0,0.0,0.0
50,True,146.254733,0.03333333507180214,0.0,1.192092895533904e-07,0.0,0.0,0.0,0.0
51,True,139.886545,0.03333333507180214,0.0,1.192092895533904e-07,0.0,0.0,0.0,0.0
52,True,140.627177,0.03333333507180214,0.0,1.192092895533904e-07,0.0,0.0,0.0,0.0
53,True,139.54231,0.03333333507180214,0.0,1.192092895533904e-07,0.0,0.0,0.0,0.0
54,True,139.80172,0.03333333507180214,0.0,1.192092895533904e-07,0.0,0.0,0.0,0.0
55,True,142.441451,0.03333333507180214,0.0,1.192092895533904e-07,0.0,0.0,0.0,0.0
56,True,143.004033,0.03333333507180214,0.0,1.192092895533904e-07,0.0,0.0,0.0,0.0
57,True,140.457545,0.03333333507180214,0.0,1.192092895533904e-07,0.0,0.0,0.0,0.0
58,True,136.242152,0.03333333507180214,0.0,1.192092895533904e-07,0.0,0.0,0.0,0.0
59,True,136.494112,0.03333333507180214,0.0,1.192092895533904e-07,0.0,0.0,0.0,0.0
60,True,140.011083,0.03333333507180214,0.0,1.192092895533904e-07,0.0,0.0,0.0,0.0
61,True,137.795024,0.03333333507180214,0.0,1.192092895533904e-07,0.0,0.0,0.0,0.0
62,True,137.363233,0.03333333507180214,0.0,1.192092895533904e-07,0.0,0.0,0.0,0.0
63,True,137.208557,0.03333333507180214,0.0,1.192092895533904e-07,0.0,0.0,0.0,0.0
64,True,139.905145,0.03333333507180214,0.0,1.192092895533904e-07,0.0,0.0,0.0,0.0
65,True,138.751881,0.03333333507180214,0.0,1.192092895533904e-07,0.0,0.0,0.0,0.0
66,True,137.000502,0.03333333507180214,0.0,1.192092895533904e-07,0.0,0.0,0.0,0.0
67,True,136.700139,0.03333333507180214,0.0,1.192092895533904e-07,0.0,0.0,0.0,0.0
68,True,139.086278,0.03333333507180214,0.0,1.192092895533904e-07,0.0,0.0,0.0,0.0
69,True,137.462366,0.03333333507180214,0.0,1.192092895533904e-07,0.0,0.0,0.0,0.0
70,True,137.23005,0.03333333507180214,0.0,1.192092895533904e-07,0.0,0.0,0.0,0.0
71,True,138.52602,0.03333333507180214,0.0,1.192092895533904e-07,0.0,0.0,0.0,0.0
72,True,135.529173,0.03333333507180214,0.0,1.192092895533904e-07,0.0,0.0,0.0,0.0
73,True,140.708759,0.03333333507180214,0.0,1.192092895533904e-07,0.0,0.0,0.0,0.0
74,True,136.721996,0.03333333507180214,0.0,1.192092895533904e-07,0.0,0.0,0.0,0.0
75,True,137.710603,0.03333333507180214,0.0,1.192092895533904e-07,0.0,0.0,0.0,0.0
76,True,139.792015,0.03333333507180214,0.0,1.192092895533904e-07,0.0,0.0,0.0,0.0
77,True,142.986568,0.03333333507180214,0.0,1.192092895533904e-07,0.0,0.0,0.0,0.0
78,True,137.419107,0.03333333507180214,0.0,1.192092895533904e-07,0.0,0.0,0.0,0.0
79,True,138.22568,0.03333333507180214,0.0,1.192092895533904e-07,0.0,0.0,0.0,0.0
80,True,137.222255,0.03333333507180214,0.0,1.192092895533904e-07,0.0,0.0,0.0,0.0
81,True,142.923042,0.03333333507180214,0.0,1.192092895533904e-07,0.0,0.0,0.0,0.0
82,True,137.43765,0.03333333507180214,0.0,1.192092895533904e-07,0.0,0.0,0.0,0.0
83,True,139.651798,0.03333333507180214,0.0,1.192092895533904e-07,0.0,0.0,0.0,0.0
84,True,138.459015,0.03333333507180214,0.0,1.192092895533904e-07,0.0,0.0,0.0,0.0
85,True,142.563312,0.03333333507180214,0.0,1.192092895533904e-07,0.0,0.0,0.0,0.0
86,True,140.731067,0.03333333507180214,0.0,1.192092895533904e-07,0.0,0.0,0.0,0.0
87,True,146.250914,0.03333333507180214,0.0,1.192092895533904e-07,0.0,0.0,0.0,0.0
88,True,141.284671,0.03333333507180214,0.0,1.192092895533904e-07,0.0,0.0,0.0,0.0
89,True,145.185971,0.03333333507180214,0.0,1.192092895533904e-07,0.0,0.0,0.0,0.0
90,True,140.385129,0.03333333507180214,0.0,1.192092895533904e-07,0.0,0.0,0.0,0.0
91,True,144.664444,0.03333333507180214,0.0,1.192092895533904e-07,0.0,0.0,0.0,0.0
92,True,141.808319,0.03333333507180214,0.0,1.192092895533904e-07,0.0,0.0,0.0,0.0
93,True,142.758411,0.03333333507180214,0.0,1.192092895533904e-07,0.0,0.0,0.0,0.0
94,True,141.137207,0.03333333507180214,0.0,1.192092895533904e-07,0.0,0.0,0.0,0.0
95,True,140.712493,0.03333333507180214,0.0,1.192092895533904e-07,0.0,0.0,0.0,0.0
96,True,142.758543,0.03333333507180214,0.0,1.192092895533904e-07,0.0,0.0,0.0,0.0
97,True,143.553054,0.03333333507180214,0.0,1.192092895533904e-07,0.0,0.0,0.0,0.0
98,True,141.540709,0.03333333507180214,0.0,1.192092895533904e-07,0.0,0.0,0.0,0.0
99,True,145.064721,0.03333333507180214,0.0,1.192092895533904e-07,0.0,0.0,0.0,0.0
100,True,142.254717,0.03333333507180214,0.0,1.192092895533904e-07,0.0,0.0,0.0,0.0
101,True,157.114355,0.03333333507180214,0.0,1.192092895533904e-07,0.0,0.0,0.0,0.0
102,True,142.044329,0.03333333507180214,0.0,1.192092895533904e-07,0.0,0.0,0.0,0.0
103,True,139.962769,0.03333333507180214,0.0,1.192092895533904e-07,0.0,0.0,0.0,0.0
104,True,144.438102,0.03333333507180214,0.0,1.192092895533904e-07,0.0,0.0,0.0,0.0
105,True,139.02788,0.03333333507180214,0.0,1.192092895533904e-07,0.0,0.0,0.0,0.0
106,True,142.576702,0.03333333507180214,0.0,1.192092895533904e-07,0.0,0.0,0.0,0.0
107,True,142.014029,0.03333333507180214,0.0,1.192092895533904e-07,0.0,0.0,0.0,0.0
108,True,144.199,0.03333333507180214,0.0,1.192092895533904e-07,0.0,0.0,0.0,0.0
109,True,142.053712,0.03333333507180214,0.0,1.192092895533904e-07,0.0,0.0,0.0,0.0
110,True,142.344519,0.03333333507180214,0.0,1.192092895533904e-07,0.0,0.0,0.0,0.0
111,True,142.753585,0.03333333507180214,0.0,1.192092895533904e-07,0.0,0.0,0.0,0.0
112,True,145.917371,0.03333333507180214,0.0,1.192092895533904e-07,0.0,0.0,0.0,0.0
113,True,141.893084,0.03333333507180214,0.0,1.192092895533904e-07,0.0,0.0,0.0,0.0
114,True,141.291541,0.03333333507180214,0.0,1.192092895533904e-07,0.0,0.0,0.0,0.0
115,True,140.887421,0.03333333507180214,0.0,1.192092895533904e-07,0.0,0.0,0.0,0.0
116,True,140.738821,0.03333333507180214,0.0,1.192092895533904e-07,0.0,0.0,0.0,0.0
117,True,139.462183,0.03333333507180214,0.0,1.192092895533904e-07,0.0,0.0,0.0,0.0
118,True,140.567542,0.03333333507180214,0.0,1.192092895533904e-07,0.0,0.0,0.0,0.0
119,True,140.235343,0.03333333507180214,0.0,1.192092895533904e-07,0.0,0.0,0.0,0.0
120,True,141.889355,0.03333333507180214,0.0,1.192092895533904e-07,0.0,0.0,0.0,0.0
121,True,142.825715,0.03333333507180214,0.0,1.192092895533904e-07,0.0,0.0,0.0,0.0
122,True,143.906777,0.03333333507180214,0.0,1.192092895533904e-07,0.0,0.0,0.0,0.0
123,True,142.195123,0.03333333507180214,0.0,1.192092895533904e-07,0.0,0.0,0.0,0.0
124,True,141.411749,0.03333333507180214,0.0,1.192092895533904e-07,0.0,0.0,0.0,0.0
125,True,141.486324,0.03333333507180214,0.0,1.192092895533904e-07,0.0,0.0,0.0,0.0
126,True,140.420105,0.03333333507180214,0.0,1.192092895533904e-07,0.0,0.0,0.0,0.0
127,True,145.482357,0.03333333507180214,0.0,1.192092895533904e-07,0.0,0.0,0.0,0.0
128,True,141.322495,0.03333333507180214,0.0,1.192092895533904e-07,0.0,0.0,0.0,0.0
129,True,142.427554,0.03333333507180214,0.0,1.192092895533904e-07,0.0,0.0,0.0,0.0
130,True,143.150169,0.03333333507180214,0.0,1.192092895533904e-07,0.0,0.0,0.0,0.0
131,True,148.090315,0.03333333507180214,0.0,1.192092895533904e-07,0.0,0.0,0.0,0.0
132,True,143.817639,0.03333333507180214,0.0,1.192092895533904e-07,0.0,0.0,0.0,0.0
133,True,138.552025,0.03333333507180214,0.0,1.192092895533904e-07,0.0,0.0,0.0,0.0
134,True,138.906739,0.03333333507180214,0.0,1.192092895533904e-07,0.0,0.0,0.0,0.0
135,True,141.574461,0.03333333507180214,0.0,1.192092895533904e-07,0.0,0.0,0.0,0.0
136,True,138.967055,0.03333333507180214,0.0,1.192092895533904e-07,0.0,0.0,0.0,0.0
137,True,138.784266,0.03333333507180214,0.0,1.192092895533904e-07,0.0,0.0,0.0,0.0
138,True,138.869218,0.03333333507180214,0.0,1.192092895533904e-07,0.0,0.0,0.0,0.0
139,True,139.020262,0.03333333507180214,0.0,1.192092895533904e-07,0.0,0.0,0.0,0.0
140,True,139.051515,0.03333333507180214,0.0,1.192092895533904e-07,0.0,0.0,0.0,0.0
141,True,147.214417,0.03333333507180214,0.0,1.192092895533904e-07,0.0,0.0,0.0,0.0
142,True,138.317108,0.03333333507180214,0.0,1.192092895533904e-07,0.0,0.0,0.0,0.0
143,True,138.77953,0.03333333507180214,0.0,1.192092895533904e-07,0.0,0.0,0.0,0.0
144,True,139.250379,0.03333333507180214,0.0,1.192092895533904e-07,0.0,0.0,0.0,0.0
145,True,143.076872,0.03333333507180214,0.0,1.192092895533904e-07,0.0,0.0,0.0,0.0
146,True,139.564398,0.03333333507180214,0.0,1.192092895533904e-07,0.0,0.0,0.0,0.0
147,True,138.466005,0.03333333507180214,0.0,1.192092895533904e-07,0.0,0.0,0.0,0.0
148,True,138.392056,0.03333333507180214,0.0,1.192092895533904e-07,0.0,0.0,0.0,0.0
149,True,143.278618,0.03333333507180214,0.0,1.192092895533904e-07,0.0,0.0,0.0,0.0
150,True,139.294214,0.03333333507180214,0.0,1.192092895533904e-07,0.0,0.0,0.0,0.0
151,True,137.523645,0.03333333507180214,0.0,1.192092895533904e-07,0.0,0.0,0.0,0.0
152,True,139.863545,0.03333333507180214,0.0,1.192092895533904e-07,0.0,0.0,0.0,0.0
153,True,142.232814,0.03333333507180214,0.0,1.192092895533904e-07,0.0,0.0,0.0,0.0
154,True,148.137475,0.03333333507180214,0.0,1.192092895533904e-07,0.0,0.0,0.0,0.0
155,True,139.503682,0.03333333507180214,0.0,1.192092895533904e-07,0.0,0.0,0.0,0.0
156,True,138.711934,0.03333333507180214,0.0,1.192092895533904e-07,0.0,0.0,0.0,0.0
157,True,138.925909,0.03333333507180214,0.0,1.192092895533904e-07,0.0,0.0,0.0,0.0
158,True,144.232291,0.03333333507180214,0.0,1.192092895533904e-07,0.0,0.0,0.0,0.0
159,True,139.433808,0.03333333507180214,0.0,1.192092895533904e-07,0.0,0.0,0.0,0.0
160,True,140.854229,0.03333333507180214,0.0,1.192092895533904e-07,0.0,0.0,0.0,0.0
161,True,140.561168,0.03333333507180214,0.0,1.192092895533904e-07,0.0,0.0,0.0,0.0
162,True,144.650997,0.03333333507180214,0.0,1.192092895533904e-07,0.0,0.0,0.0,0.0
163,True,140.949471,0.03333333507180214,0.0,1.192092895533904e-07,0.0,0.0,0.0,0.0
164,True,141.060724,0.03333333507180214,0.0,1.192092895533904e-07,0.0,0.0,0.0,0.0
165,True,140.204772,0.03333333507180214,0.0,1.192092895533904e-07,0.0,0.0,0.0,0.0
166,True,144.346097,0.03333333507180214,0.0,1.192092895533904e-07,0.0,0.0,0.0,0.0
167,True,139.975421,0.03333333507180214,0.0,1.192092895533904e-07,0.0,0.0,0.0,0.0
168,True,141.265039,0.03333333507180214,0.0,1.192092895533904e-07,0.0,0.0,0.0,0.0
169,True,141.019868,0.03333333507180214,0.0,1.192092895533904e-07,0.0,0.0,0.0,0.0
170,True,142.016506,0.03333333507180214,0.0,1.192092895533904e-07,0.0,0.0,0.0,0.0
171,True,140.41436,0.03333333507180214,0.0,1.192092895533904e-07,0.0,0.0,0.0,0.0
172,True,141.103726,0.03333333507180214,0.0,1.192092895533904e-07,0.0,0.0,0.0,0.0
173,True,142.392994,0.03333333507180214,0.0,1.192092895533904e-07,0.0,0.0,0.0,0.0
174,True,142.331704,0.03333333507180214,0.0,1.192092895533904e-07,0.0,0.0,0.0,0.0
175,True,142.811397,0.03333333507180214,0.0,1.192092895533904e-07,0.0,0.0,0.0,0.0
176,True,143.397118,0.03333333507180214,0.0,1.192092895533904e-07,0.0,0.0,0.0,0.0
177,True,141.798093,0.03333333507180214,0.0,1.192092895533904e-07,0.0,0.0,0.0,0.0
178,True,140.760981,0.03333333507180214,0.0,1.192092895533904e-07,0.0,0.0,0.0,0.0
179,True,141.121659,0.03333333507180214,0.0,1.192092895533904e-07,0.0,0.0,0.0,0.0
180,True,139.093333,0.03333333507180214,0.0,1.192092895533904e-07,0.0,0.0,0.0,0.0
181,True,145.337524,0.03333333507180214,0.0,1.192092895533904e-07,0.0,0.0,0.0,0.0
182,True,140.235192,0.03333333507180214,0.0,1.192092895533904e-07,0.0,0.0,0.0,0.0
183,True,148.949332,0.03333333507180214,0.0,1.192092895533904e-07,0.0,0.0,0.0,0.0
184,True,141.640681,0.03333333507180214,0.0,1.192092895533904e-07,0.0,0.0,0.0,0.0
185,True,144.416235,0.03333333507180214,0.0,1.192092895533904e-07,0.0,0.0,0.0,0.0
186,True,141.951332,0.03333333507180214,0.0,1.192092895533904e-07,0.0,0.0,0.0,0.0
187,True,144.524474,0.03333333507180214,0.0,1.192092895533904e-07,0.0,0.0,0.0,0.0
188,True,145.314584,0.03333333507180214,0.0,1.192092895533904e-07,0.0,0.0,0.0,0.0
189,True,147.61219,0.03333333507180214,0.0,1.192092895533904e-07,0.0,0.0,0.0,0.0
190,True,140.305173,0.03333333507180214,0.0,1.192092895533904e-07,0.0,0.0,0.0,0.0
191,True,138.621447,0.03333333507180214,0.0,1.192092895533904e-07,0.0,0.0,0.0,0.0
192,True,139.484088,0.03333333507180214,0.0,1.192092895533904e-07,0.0,0.0,0.0,0.0
193,True,143.118011,0.03333333507180214,0.0,1.192092895533904e-07,0.0,0.0,0.0,0.0
194,True,140.243315,0.03333333507180214,0.0,1.192092895533904e-07,0.0,0.0,0.0,0.0
195,True,142.202264,0.03333333507180214,0.0,1.192092895533904e-07,0.0,0.0,0.0,0.0
196,True,140.447566,0.03333333507180214,0.0,1.192092895533904e-07,0.0,0.0,0.0,0.0
197,True,140.640858,0.03333333507180214,0.0,1.192092895533904e-07,0.0,0.0,0.0,0.0
198,True,140.265477,0.03333333507180214,0.0,1.192092895533904e-07,0.0,0.0,0.0,0.0
199,True,141.830789,0.03333333507180214,0.0,1.192092895533904e-07,0.0,0.0,0.0,0.0
200,True,141.244046,0.03333333507180214,0.0,1.192092895533904e-07,0.0,0.0,0.0,0.0
201,True,141.780121,0.03333333507180214,0.0,1.192092895533904e-07,0.0,0.0,0.0,0.0
202,True,141.463724,0.03333333507180214,0.0,1.192092895533904e-07,0.0,0.0,0.0,0.0
203,True,139.996034,0.03333333507180214,0.0,1.192092895533904e-07,0.0,0.0,0.0,0.0
204,True,144.114571,0.03333333507180214,0.0,1.192092895533904e-07,0.0,0.0,0.0,0.0
205,True,139.098799,0.03333333507180214,0.0,1.192092895533904e-07,0.0,0.0,0.0,0.0
206,True,140.661011,0.03333333507180214,0.0,1.192092895533904e-07,0.0,0.0,0.0,0.0
207,True,141.510157,0.03333333507180214,0.0,1.192092895533904e-07,0.0,0.0,0.0,0.0
208,True,144.266839,0.03333333507180214,0.0,1.192092895533904e-07,0.0,0.0,0.0,0.0
209,True,139.728886,0.03333333507180214,0.0,1.192092895533904e-07,0.0,0.0,0.0,0.0
210,True,142.398385,0.03333333507180214,0.0,1.192092895533904e-07,0.0,0.0,0.0,0.0
211,True,141.063338,0.03333333507180214,0.0,1.192092895533904e-07,0.0,0.0,0.0,0.0
212,True,145.595701,0.03333333507180214,0.0,1.192092895533904e-07,0.0,0.0,0.0,0.0
213,True,141.705019,0.03333333507180214,0.0,1.192092895533904e-07,0.0,0.0,0.0,0.0
214,True,141.35976,0.03333333507180214,0.0,1.192092895533904e-07,0.0,0.0,0.0,0.0
215,True,141.753195,0.03333333507180214,0.0,1.192092895533904e-07,0.0,0.0,0.0,0.0
216,True,145.727793,0.03333333507180214,0.0,1.192092895533904e-07,0.0,0.0,0.0,0.0
217,True,142.126438,0.03333333507180214,0.0,1.192092895533904e-07,0.0,0.0,0.0,0.0
218,True,142.218199,0.03333333507180214,0.0,1.192092895533904e-07,0.0,0.0,0.0,0.0
219,True,142.263715,0.03333333507180214,0.0,1.192092895533904e-07,0.0,0.0,0.0,0.0
220,True,143.356414,0.03333333507180214,0.0,1.192092895533904e-07,0.0,0.0,0.0,0.0
221,True,142.730351,0.03333333507180214,0.0,1.192092895533904e-07,0.0,0.0,0.0,0.0
222,True,143.793794,0.03333333507180214,0.0,1.192092895533904e-07,0.0,0.0,0.0,0.0
223,True,145.628999,0.03333333507180214,0.0,1.192092895533904e-07,0.0,0.0,0.0,0.0
224,True,145.212893,0.03333333507180214,0.0,1.192092895533904e-07,0.0,0.0,0.0,0.0
225,True,147.034306,0.03333333507180214,0.0,1.192092895533904e-07,0.0,0.0,0.0,0.0
226,True,137.322782,0.03333333507180214,0.0,1.192092895533904e-07,0.0,0.0,0.0,0.0
227,True,142.489096,0.03333333507180214,0.0,1.192092895533904e-07,0.0,0.0,0.0,0.0
228,True,137.308324,0.03333333507180214,0.0,1.192092895533904e-07,0.0,0.0,0.0,0.0
229,True,139.396262,0.03333333507180214,0.0,1.192092895533904e-07,0.0,0.0,0.0,0.0
230,True,155.198901,0.03333333507180214,0.0,1.192092895533904e-07,0.0,0.0,0.0,0.0
231,True,158.503935,0.03333333507180214,0.0,1.192092895533904e-07,0.0,0.0,0.0,0.0
232,True,156.785823,0.03333333507180214,0.0,1.192092895533904e-07,0.0,0.0,0.0,0.0
233,True,147.824428,0.03333333507180214,0.0,1.192092895533904e-07,0.0,0.0,0.0,0.0
234,True,139.672935,0.03333333507180214,0.0,1.192092895533904e-07,0.0,0.0,0.0,0.0
235,True,139.299263,0.03333333507180214,0.0,1.192092895533904e-07,0.0,0.0,0.0,0.0
236,True,139.202367,0.03333333507180214,0.0,1.192092895533904e-07,0.0,0.0,0.0,0.0
237,True,139.430349,0.03333333507180214,0.0,1.192092895533904e-07,0.0,0.0,0.0,0.0
238,True,138.683984,0.03333333507180214,0.0,1.192092895533904e-07,0.0,0.0,0.0,0.0
239,True,139.77836,0.03333333507180214,0.0,1.192092895533904e-07,0.0,0.0,0.0,0.0
240,True,140.100063,0.03333333507180214,0.0,1.192092895533904e-07,0.0,0.0,0.0,0.0
241,True,140.947519,0.03333333507180214,0.0,1.192092895533904e-07,0.0,0.0,0.0,0.0
242,True,143.168515,0.03333333507180214,0.0,1.192092895533904e-07,0.0,0.0,0.0,0.0
243,True,138.962098,0.03333333507180214,0.0,1.192092895533904e-07,0.0,0.0,0.0,0.0
244,True,139.644015,0.03333333507180214,0.0,1.192092895533904e-07,0.0,0.0,0.0,0.0
245,True,140.654089,0.03333333507180214,0.0,1.192092895533904e-07,0.0,0.0,0.0,0.0
246,True,141.392922,0.03333333507180214,0.0,1.192092895533904e-07,0.0,0.0,0.0,0.0
247,True,138.161955,0.03333333507180214,0.0,1.192092895533904e-07,0.0,0.0,0.0,0.0
248,True,139.688991,0.03333333507180214,0.0,1.192092895533904e-07,0.0,0.0,0.0,0.0
249,True,148.422958,0.03333333507180214,0.0,1.192092895533904e-07,0.0,0.0,0.0,0.0
250,True,143.485222,0.03333333507180214,0.0,1.192092895533904e-07,0.0,0.0,0.0,0.0
251,True,141.056683,0.03333333507180214,0.0,1.192092895533904e-07,0.0,0.0,0.0,0.0
252,True,140.01446,0.03333333507180214,0.0,1.192092895533904e-07,0.0,0.0,0.0,0.0
253,True,142.059896,0.03333333507180214,0.0,1.192092895533904e-07,0.0,0.0,0.0,0.0
254,True,143.987767,0.03333333507180214,0.0,1.192092895533904e-07,0.0,0.0,0.0,0.0
255,True,141.236386,0.03333333507180214,0.0,1.192092895533904e-07,0.0,0.0,0.0,0.0
256,True,142.35615,0.03333333507180214,0.0,1.192092895533904e-07,0.0,0.0,0.0,0.0
257,True,141.679326,0.03333333507180214,0.0,1.192092895533904e-07,0.0,0.0,0.0,0.0
258,True,141.904377,0.03333333507180214,0.0,1.192092895533904e-07,0.0,0.0,0.0,0.0
259,True,142.12877,0.03333333507180214,0.0,1.192092895533904e-07,0.0,0.0,0.0,0.0
260,True,144.772092,0.03333333507180214,0.0,1.192092895533904e-07,0.0,0.0,0.0,0.0
261,True,144.518802,0.03333333507180214,0.0,1.192092895533904e-07,0.0,0.0,0.0,0.0
262,True,141.0883,0.03333333507180214,0.0,1.192092895533904e-07,0.0,0.0,0.0,0.0
263,True,145.538787,0.03333333507180214,0.0,1.192092895533904e-07,0.0,0.0,0.0,0.0
264,True,142.598287,0.03333333507180214,0.0,1.192092895533904e-07,0.0,0.0,0.0,0.0
265,True,144.872588,0.03333333507180214,0.0,1.192092895533904e-07,0.0,0.0,0.0,0.0
266,True,140.002284,0.03333333507180214,0.0,1.192092895533904e-07,0.0,0.0,0.0,0.0
267,True,139.514609,0.03333333507180214,0.0,1.192092895533904e-07,0.0,0.0,0.0,0.0
268,True,139.769246,0.03333333507180214,0.0,1.192092895533904e-07,0.0,0.0,0.0,0.0
269,True,141.318402,0.03333333507180214,0.0,1.192092895533904e-07,0.0,0.0,0.0,0.0
270,True,138.411565,0.03333333507180214,0.0,1.192092895533904e-07,0.0,0.0,0.0,0.0
271,True,138.407452,0.03333333507180214,0.0,1.192092895533904e-07,0.0,0.0,0.0,0.0
272,True,137.220162,0.03333333507180214,0.0,1.192092895533904e-07,0.0,0.0,0.0,0.0
273,True,140.795794,0.03333333507180214,0.0,1.192092895533904e-07,0.0,0.0,0.0,0.0
274,True,136.902061,0.03333333507180214,0.0,1.192092895533904e-07,0.0,0.0,0.0,0.0
275,True,138.071471,0.03333333507180214,0.0,1.192092895533904e-07,0.0,0.0,0.0,0.0
276,True,139.519138,0.03333333507180214,0.0,1.192092895533904e-07,0.0,0.0,0.0,0.0
277,True,141.502983,0.03333333507180214,0.0,1.192092895533904e-07,0.0,0.0,0.0,0.0
278,True,138.555913,0.03333333507180214,0.0,1.192092895533904e-07,0.0,0.0,0.0,0.0
279,True,138.390901,0.03333333507180214,0.0,1.192092895533904e-07,0.0,0.0,0.0,0.0
280,True,138.549181,0.03333333507180214,0.0,1.192092895533904e-07,0.0,0.0,0.0,0.0
281,True,142.309447,0.03333333507180214,0.0,1.192092895533904e-07,0.0,0.0,0.0,0.0
282,True,139.792163,0.03333333507180214,0.0,1.192092895533904e-07,0.0,0.0,0.0,0.0
283,True,139.60725,0.03333333507180214,0.0,1.192092895533904e-07,0.0,0.0,0.0,0.0
284,True,138.949281,0.03333333507180214,0.0,1.192092895533904e-07,0.0,0.0,0.0,0.0
285,True,142.756091,0.03333333507180214,0.0,1.192092895533904e-07,0.0,0.0,0.0,0.0
286,True,141.238703,0.03333333507180214,0.0,1.192092895533904e-07,0.0,0.0,0.0,0.0
287,True,140.357511,0.03333333507180214,0.0,1.192092895533904e-07,0.0,0.0,0.0,0.0
288,True,140.629926,0.03333333507180214,0.0,1.192092895533904e-07,0.0,0.0,0.0,0.0
289,True,140.395081,0.03333333507180214,0.0,1.192092895533904e-07,0.0,0.0,0.0,0.0
290,True,140.517068,0.03333333507180214,0.0,1.192092895533904e-07,0.0,0.0,0.0,0.0
291,True,141.062169,0.03333333507180214,0.0,1.192092895533904e-07,0.0,0.0,0.0,0.0
292,True,141.051369,0.03333333507180214,0.0,1.192092895533904e-07,0.0,0.0,0.0,0.0
293,True,142.210665,0.03333333507180214,0.0,1.192092895533904e-07,0.0,0.0,0.0,0.0
294,True,139.260047,0.03333333507180214,0.0,1.192092895533904e-07,0.0,0.0,0.0,0.0
295,True,142.56982,0.03333333507180214,0.0,1.192092895533904e-07,0.0,0.0,0.0,0.0
296,True,141.578671,0.03333333507180214,0.0,1.192092895533904e-07,0.0,0.0,0.0,0.0
297,True,138.575643,0.03333333507180214,0.0,1.192092895533904e-07,0.0,0.0,0.0,0.0
298,True,140.68557,0.03333333507180214,0.0,1.192092895533904e-07,0.0,0.0,0.0,0.0
299,True,142.333659,0.03333333507180214,0.0,1.192092895533904e-07,0.0,0.0,0.0,0.0
300,True,143.371338,0.03333333507180214,0.0,1.192092895533904e-07,0.0,0.0,0.0,0.0
301,True,139.802487,0.03333333507180214,0.0,1.192092895533904e-07,0.0,0.0,0.0,0.0
302,True,140.505284,0.03333333507180214,0.0,1.192092895533904e-07,0.0,0.0,0.0,0.0
303,True,140.001009,0.03333333507180214,0.0,1.192092895533904e-07,0.0,0.0,0.0,0.0
304,True,143.696078,0.03333333507180214,0.0,1.192092895533904e-07,0.0,0.0,0.0,0.0
305,True,140.249039,0.03333333507180214,0.0,1.192092895533904e-07,0.0,0.0,0.0,0.0
306,True,141.641208,0.03333333507180214,0.0,1.192092895533904e-07,0.0,0.0,0.0,0.0
307,True,139.219751,0.03333333507180214,0.0,1.192092895533904e-07,0.0,0.0,0.0,0.0
308,True,143.964298,0.03333333507180214,0.0,1.192092895533904e-07,0.0,0.0,0.0,0.0
309,True,140.49788,0.03333333507180214,0.0,1.192092895533904e-07,0.0,0.0,0.0,0.0
310,True,139.884384,0.03333333507180214,0.0,1.192092895533904e-07,0.0,0.0,0.0,0.0
311,True,141.210633,0.03333333507180214,0.0,1.192092895533904e-07,0.0,0.0,0.0,0.0
312,True,143.804108,0.03333333507180214,0.0,1.192092895533904e-07,0.0,0.0,0.0,0.0
313,True,141.395684,0.03333333507180214,0.0,1.192092895533904e-07,0.0,0.0,0.0,0.0
314,True,137.934876,0.03333333507180214,0.0,1.192092895533904e-07,0.0,0.0,0.0,0.0
315,True,137.985174,0.03333333507180214,0.0,1.192092895533904e-07,0.0,0.0,0.0,0.0
316,True,138.366765,0.03333333507180214,0.0,1.192092895533904e-07,0.0,0.0,0.0,0.0
317,True,138.52822,0.03333333507180214,0.0,1.192092895533904e-07,0.0,0.0,0.0,0.0
318,True,138.796652,0.03333333507180214,0.0,1.192092895533904e-07,0.0,0.0,0.0,0.0
319,True,137.64077,0.03333333507180214,0.0,1.192092895533904e-07,0.0,0.0,0.0,0.0
320,True,139.912828,0.03333333507180214,0.0,1.192092895533904e-07,0.0,0.0,0.0,0.0
321,True,138.852885,0.03333333507180214,0.0,1.192092895533904e-07,0.0,0.0,0.0,0.0
322,True,140.294899,0.03333333507180214,0.0,1.192092895533904e-07,0.0,0.0,0.0,0.0
323,True,137.496518,0.03333333507180214,0.0,1.192092895533904e-07,0.0,0.0,0.0,0.0
324,True,138.351507,0.03333333507180214,0.0,1.192092895533904e-07,0.0,0.0,0.0,0.0
325,True,139.097761,0.03333333507180214,0.0,1.192092895533904e-07,0.0,0.0,0.0,0.0
326,True,139.961748,0.03333333507180214,0.0,1.192092895533904e-07,0.0,0.0,0.0,0.0
327,True,140.780144,0.03333333507180214,0.0,1.192092895533904e-07,0.0,0.0,0.0,0.0
328,True,140.312702,0.03333333507180214,0.0,1.192092895533904e-07,0.0,0.0,0.0,0.0
329,True,140.170698,0.03333333507180214,0.0,1.192092895533904e-07,0.0,0.0,0.0,0.0
330,True,142.325087,0.03333333507180214,0.0,1.192092895533904e-07,0.0,0.0,0.0,0.0
331,True,143.546043,0.03333333507180214,0.0,1.192092895533904e-07,0.0,0.0,0.0,0.0
332,True,139.504401,0.03333333507180214,0.0,1.192092895533904e-07,0.0,0.0,0.0,0.0
333,True,140.245568,0.03333333507180214,0.0,1.192092895533904e-07,0.0,0.0,0.0,0.0
334,True,138.804222,0.03333333507180214,0.0,1.192092895533904e-07,0.0,0.0,0.0,0.0
335,True,144.473844,0.03333333507180214,0.0,1.192092895533904e-07,0.0,0.0,0.0,0.0
336,True,138.187081,0.03333333507180214,0.0,1.192092895533904e-07,0.0,0.0,0.0,0.0
337,True,140.658601,0.03333333507180214,0.0,1.192092895533904e-07,0.0,0.0,0.0,0.0
338,True,140.753974,0.03333333507180214,0.0,1.192092895533904e-07,0.0,0.0,0.0,0.0
339,True,142.254094,0.03333333507180214,0.0,1.192092895533904e-07,0.0,0.0,0.0,0.0
340,True,140.643861,0.03333333507180214,0.0,1.192092895533904e-07,0.0,0.0,0.0,0.0
341,True,144.459833,0.03333333507180214,0.0,1.192092895533904e-07,0.0,0.0,0.0,0.0
342,True,140.899669,0.03333333507180214,0.0,1.192092895533904e-07,0.0,0.0,0.0,0.0
343,True,142.667324,0.03333333507180214,0.0,1.192092895533904e-07,0.0,0.0,0.0,0.0
344,True,140.534595,0.03333333507180214,0.0,1.192092895533904e-07,0.0,0.0,0.0,0.0
345,True,140.81035,0.03333333507180214,0.0,1.192092895533904e-07,0.0,0.0,0.0,0.0
346,True,143.544058,0.03333333507180214,0.0,1.192092895533904e-07,0.0,0.0,0.0,0.0
347,True,141.556135,0.03333333507180214,0.0,1.192092895533904e-07,0.0,0.0,0.0,0.0
348,True,140.976874,0.03333333507180214,0.0,1.192092895533904e-07,0.0,0.0,0.0,0.0
349,True,144.316576,0.03333333507180214,0.0,1.192092895533904e-07,0.0,0.0,0.0,0.0
350,True,140.830962,0.03333333507180214,0.0,1.192092895533904e-07,0.0,0.0,0.0,0.0
351,True,141.648292,0.03333333507180214,0.0,1.192092895533904e-07,0.0,0.0,0.0,0.0
352,True,141.593094,0.03333333507180214,0.0,1.192092895533904e-07,0.0,0.0,0.0,0.0
353,True,145.496449,0.03333333507180214,0.0,1.192092895533904e-07,0.0,0.0,0.0,0.0
354,True,141.242983,0.03333333507180214,0.0,1.192092895533904e-07,0.0,0.0,0.0,0.0
355,True,140.413636,0.03333333507180214,0.0,1.192092895533904e-07,0.0,0.0,0.0,0.0
356,True,142.042805,0.03333333507180214,0.0,1.192092895533904e-07,0.0,0.0,0.0,0.0
357,True,141.973073,0.03333333507180214,0.0,1.192092895533904e-07,0.0,0.0,0.0,0.0
358,True,148.443912,0.03333333507180214,0.0,1.192092895533904e-07,0.0,0.0,0.0,0.0
359,True,139.070175,0.03333333507180214,0.0,1.192092895533904e-07,0.0,0.0,0.0,0.0
360,True,139.346755,0.03333333507180214,0.0,1.192092895533904e-07,0.0,0.0,0.0,0.0
361,True,139.349283,0.03333333507180214,0.0,1.192092895533904e-07,0.0,0.0,0.0,0.0
362,True,142.482986,0.03333333507180214,0.0,1.192092895533904e-07,0.0,0.0,0.0,0.0
363,True,138.449737,0.03333333507180214,0.0,1.192092895533904e-07,0.0,0.0,0.0,0.0
364,True,139.766948,0.03333333507180214,0.0,1.192092895533904e-07,0.0,0.0,0.0,0.0
365,True,137.114332,0.03333333507180214,0.0,1.192092895533904e-07,0.0,0.0,0.0,0.0
366,True,143.295188,0.03333333507180214,0.0,1.192092895533904e-07,0.0,0.0,0.0,0.0
367,True,137.952883,0.03333333507180214,0.0,1.192092895533904e-07,0.0,0.0,0.0,0.0
368,True,139.690935,0.03333333507180214,0.0,1.192092895533904e-07,0.0,0.0,0.0,0.0
369,True,138.913816,0.03333333507180214,0.0,1.192092895533904e-07,0.0,0.0,0.0,0.0
370,True,143.014259,0.03333333507180214,0.0,1.192092895533904e-07,0.0,0.0,0.0,0.0
371,True,137.562833,0.03333333507180214,0.0,1.192092895533904e-07,0.0,0.0,0.0,0.0
372,True,139.220482,0.03333333507180214,0.0,1.192092895533904e-07,0.0,0.0,0.0,0.0
373,True,137.853043,0.03333333507180214,0.0,1.192092895533904e-07,0.0,0.0,0.0,0.0
374,True,143.605817,0.03333333507180214,0.0,1.192092895533904e-07,0.0,0.0,0.0,0.0
375,True,140.021308,0.03333333507180214,0.0,1.192092895533904e-07,0.0,0.0,0.0,0.0
376,True,140.814028,0.03333333507180214,0.0,1.192092895533904e-07,0.0,0.0,0.0,0.0
377,True,139.940626,0.03333333507180214,0.0,1.192092895533904e-07,0.0,0.0,0.0,0.0
378,True,142.187623,0.03333333507180214,0.0,1.192092895533904e-07,0.0,0.0,0.0,0.0
379,True,139.847424,0.03333333507180214,0.0,1.192092895533904e-07,0.0,0.0,0.0,0.0
380,True,140.982613,0.03333333507180214,0.0,1.192092895533904e-07,0.0,0.0,0.0,0.0
381,True,141.159898,0.03333333507180214,0.0,1.192092895533904e-07,0.0,0.0,0.0,0.0
382,True,140.910969,0.03333333507180214,0.0,1.192092895533904e-07,0.0,0.0,0.0,0.0
383,True,140.901615,0.03333333507180214,0.0,1.192092895533904e-07,0.0,0.0,0.0,0.0
384,True,142.504229,0.03333333507180214,0.0,1.192092895533904e-07,0.0,0.0,0.0,0.0
385,True,140.015238,0.03333333507180214,0.0,1.192092895533904e-07,0.0,0.0,0.0,0.0
386,True,141.51819,0.03333333507180214,0.0,1.192092895533904e-07,0.0,0.0,0.0,0.0
387,True,139.223822,0.03333333507180214,0.0,1.192092895533904e-07,0.0,0.0,0.0,0.0
388,True,139.568139,0.03333333507180214,0.0,1.192092895533904e-07,0.0,0.0,0.0,0.0
389,True,144.266141,0.03333333507180214,0.0,1.192092895533904e-07,0.0,0.0,0.0,0.0
390,True,141.275103,0.03333333507180214,0.0,1.192092895533904e-07,0.0,0.0,0.0,0.0
391,True,143.032957,0.03333333507180214,0.0,1.192092895533904e-07,0.0,0.0,0.0,0.0
392,True,141.94486,0.03333333507180214,0.0,1.192092895533904e-07,0.0,0.0,0.0,0.0
393,True,143.939672,0.03333333507180214,0.0,1.192092895533904e-07,0.0,0.0,0.0,0.0
394,True,147.951976,0.03333333507180214,0.0,1.192092895533904e-07,0.0,0.0,0.0,0.0
395,True,141.133057,0.03333333507180214,0.0,1.192092895533904e-07,0.0,0.0,0.0,0.0
396,True,142.909956,0.03333333507180214,0.0,1.192092895533904e-07,0.0,0.0,0.0,0.0
397,True,145.096699,0.03333333507180214,0.0,1.192092895533904e-07,0.0,0.0,0.0,0.0
398,True,141.553635,0.03333333507180214,0.0,1.192092895533904e-07,0.0,0.0,0.0,0.0
399,True,142.697959,0.03333333507180214,0.0,1.192092895533904e-07,0.0,0.0,0.0,0.0
400,True,141.962882,0.03333333507180214,0.0,1.192092895533904e-07,0.0,0.0,0.0,0.0
401,True,141.70123,0.03333333507180214,0.0,1.192092895533904e-07,0.0,0.0,0.0,0.0
402,True,141.535018,0.03333333507180214,0.0,1.192092895533904e-07,0.0,0.0,0.0,0.0
403,True,144.388473,0.03333333507180214,0.0,1.192092895533904e-07,0.0,0.0,0.0,0.0
404,True,143.593774,0.03333333507180214,0.0,1.192092895533904e-07,0.0,0.0,0.0,0.0
405,True,141.495571,0.03333333507180214,0.0,1.192092895533904e-07,0.0,0.0,0.0,0.0
406,True,138.837267,0.03333333507180214,0.0,1.192092895533904e-07,0.0,0.0,0.0,0.0
407,True,140.614054,0.03333333507180214,0.0,1.192092895533904e-07,0.0,0.0,0.0,0.0
408,True,138.28675,0.03333333507180214,0.0,1.192092895533904e-07,0.0,0.0,0.0,0.0
409,True,138.590493,0.03333333507180214,0.0,1.192092895533904e-07,0.0,0.0,0.0,0.0
410,True,141.171466,0.03333333507180214,0.0,1.192092895533904e-07,0.0,0.0,0.0,0.0
411,True,139.174669,0.03333333507180214,0.0,1.192092895533904e-07,0.0,0.0,0.0,0.0
412,True,140.061335,0.03333333507180214,0.0,1.192092895533904e-07,0.0,0.0,0.0,0.0
413,True,139.234988,0.03333333507180214,0.0,1.192092895533904e-07,0.0,0.0,0.0,0.0
414,True,137.879952,0.03333333507180214,0.0,1.192092895533904e-07,0.0,0.0,0.0,0.0
415,True,140.232723,0.03333333507180214,0.0,1.192092895533904e-07,0.0,0.0,0.0,0.0
416,True,140.040433,0.03333333507180214,0.0,1.192092895533904e-07,0.0,0.0,0.0,0.0
417,True,138.767921,0.03333333507180214,0.0,1.192092895533904e-07,0.0,0.0,0.0,0.0
418,True,138.437823,0.03333333507180214,0.0,1.192092895533904e-07,0.0,0.0,0.0,0.0
419,True,136.81213,0.03333333507180214,0.0,1.192092895533904e-07,0.0,0.0,0.0,0.0
420,True,141.184165,0.03333333507180214,0.0,1.192092895533904e-07,0.0,0.0,0.0,0.0
421,True,136.899768,0.03333333507180214,0.0,1.192092895533904e-07,0.0,0.0,0.0,0.0
422,True,138.533793,0.03333333507180214,0.0,1.192092895533904e-07,0.0,0.0,0.0,0.0
423,True,140.418934,0.03333333507180214,0.0,1.192092895533904e-07,0.0,0.0,0.0,0.0
424,True,140.896897,0.03333333507180214,0.0,1.192092895533904e-07,0.0,0.0,0.0,0.0
425,True,137.739456,0.03333333507180214,0.0,1.192092895533904e-07,0.0,0.0,0.0,0.0
426,True,138.722018,0.03333333507180214,0.0,1.192092895533904e-07,0.0,0.0,0.0,0.0
427,True,138.503572,0.03333333507180214,0.0,1.192092895533904e-07,0.0,0.0,0.0,0.0
428,True,142.823951,0.03333333507180214,0.0,1.192092895533904e-07,0.0,0.0,0.0,0.0
429,True,140.019076,0.03333333507180214,0.0,1.192092895533904e-07,0.0,0.0,0.0,0.0
430,True,138.921815,0.03333333507180214,0.0,1.192092895533904e-07,0.0,0.0,0.0,0.0
431,True,139.993788,0.03333333507180214,0.0,1.192092895533904e-07,0.0,0.0,0.0,0.0
432,True,142.322368,0.03333333507180214,0.0,1.192092895533904e-07,0.0,0.0,0.0,0.0
433,True,140.844264,0.03333333507180214,0.0,1.192092895533904e-07,0.0,0.0,0.0,0.0
434,True,139.797163,0.03333333507180214,0.0,1.192092895533904e-07,0.0,0.0,0.0,0.0
435,True,140.488882,0.03333333507180214,0.0,1.192092895533904e-07,0.0,0.0,0.0,0.0
436,True,140.005832,0.03333333507180214,0.0,1.192092895533904e-07,0.0,0.0,0.0,0.0
437,True,140.077502,0.03333333507180214,0.0,1.192092895533904e-07,0.0,0.0,0.0,0.0
438,True,140.214312,0.03333333507180214,0.0,1.192092895533904e-07,0.0,0.0,0.0,0.0
439,True,139.836638,0.03333333507180214,0.0,1.192092895533904e-07,0.0,0.0,0.0,0.0
440,True,140.884708,0.03333333507180214,0.0,1.192092895533904e-07,0.0,0.0,0.0,0.0
441,True,140.721538,0.03333333507180214,0.0,1.192092895533904e-07,0.0,0.0,0.0,0.0
442,True,143.509307,0.03333333507180214,0.0,1.192092895533904e-07,0.0,0.0,0.0,0.0
443,True,141.508383,0.03333333507180214,0.0,1.192092895533904e-07,0.0,0.0,0.0,0.0
444,True,141.123629,0.03333333507180214,0.0,1.192092895533904e-07,0.0,0.0,0.0,0.0
445,True,141.151375,0.03333333507180214,0.0,1.192092895533904e-07,0.0,0.0,0.0,0.0
446,True,142.427413,0.03333333507180214,0.0,1.192092895533904e-07,0.0,0.0,0.0,0.0
447,True,143.33491,0.03333333507180214,0.0,1.192092895533904e-07,0.0,0.0,0.0,0.0
448,True,142.06414,0.03333333507180214,0.0,1.192092895533904e-07,0.0,0.0,0.0,0.0
449,True,140.532461,0.03333333507180214,0.0,1.192092895533904e-07,0.0,0.0,0.0,0.0
450,True,140.818723,0.03333333507180214,0.0,1.192092895533904e-07,0.0,0.0,0.0,0.0
451,True,158.754066,0.03333333507180214,0.0,1.192092895533904e-07,0.0,0.0,0.0,0.0
452,True,140.874979,0.03333333507180214,0.0,1.192092895533904e-07,0.0,0.0,0.0,0.0
453,True,141.691853,0.03333333507180214,0.0,1.192092895533904e-07,0.0,0.0,0.0,0.0
454,True,139.415117,0.03333333507180214,0.0,1.192092895533904e-07,0.0,0.0,0.0,0.0
455,True,146.885268,0.03333333507180214,0.0,1.192092895533904e-07,0.0,0.0,0.0,0.0
456,True,138.784454,0.03333333507180214,0.0,1.192092895533904e-07,0.0,0.0,0.0,0.0
457,True,140.94182,0.03333333507180214,0.0,1.192092895533904e-07,0.0,0.0,0.0,0.0
458,True,139.872784,0.03333333507180214,0.0,1.192092895533904e-07,0.0,0.0,0.0,0.0
459,True,142.904153,0.03333333507180214,0.0,1.192092895533904e-07,0.0,0.0,0.0,0.0
460,True,142.627164,0.03333333507180214,0.0,1.192092895533904e-07,0.0,0.0,0.0,0.0
461,True,140.253763,0.03333333507180214,0.0,1.192092895533904e-07,0.0,0.0,0.0,0.0
462,True,141.04548,0.03333333507180214,0.0,1.192092895533904e-07,0.0,0.0,0.0,0.0
463,True,140.743495,0.03333333507180214,0.0,1.192092895533904e-07,0.0,0.0,0.0,0.0
464,True,140.047979,0.03333333507180214,0.0,1.192092895533904e-07,0.0,0.0,0.0,0.0
465,True,140.844647,0.03333333507180214,0.0,1.192092895533904e-07,0.0,0.0,0.0,0.0
466,True,141.164441,0.03333333507180214,0.0,1.192092895533904e-07,0.0,0.0,0.0,0.0
467,True,140.596793,0.03333333507180214,0.0,1.192092895533904e-07,0.0,0.0,0.0,0.0
468,True,139.615285,0.03333333507180214,0.0,1.192092895533904e-07,0.0,0.0,0.0,0.0
469,True,143.334639,0.03333333507180214,0.0,1.192092895533904e-07,0.0,0.0,0.0,0.0
470,True,141.881272,0.03333333507180214,0.0,1.192092895533904e-07,0.0,0.0,0.0,0.0
471,True,142.415032,0.03333333507180214,0.0,1.192092895533904e-07,0.0,0.0,0.0,0.0
472,True,142.49086,0.03333333507180214,0.0,1.192092895533904e-07,0.0,0.0,0.0,0.0
473,True,140.655074,0.03333333507180214,0.0,1.192092895533904e-07,0.0,0.0,0.0,0.0
474,True,144.821795,0.03333333507180214,0.0,1.192092895533904e-07,0.0,0.0,0.0,0.0
475,True,141.53513,0.03333333507180214,0.0,1.192092895533904e-07,0.0,0.0,0.0,0.0
476,True,143.800265,0.03333333507180214,0.0,1.192092895533904e-07,0.0,0.0,0.0,0.0
477,True,143.682763,0.03333333507180214,0.0,1.192092895533904e-07,0.0,0.0,0.0,0.0
478,True,140.856338,0.03333333507180214,0.0,1.192092895533904e-07,0.0,0.0,0.0,0.0
479,True,136.969983,0.03333333507180214,0.0,1.192092895533904e-07,0.0,0.0,0.0,0.0
480,True,138.810534,0.03333333507180214,0.0,1.192092895533904e-07,0.0,0.0,0.0,0.0
481,True,137.775598,0.03333333507180214,0.0,1.192092895533904e-07,0.0,0.0,0.0,0.0
482,True,144.332905,0.03333333507180214,0.0,1.192092895533904e-07,0.0,0.0,0.0,0.0
483,True,137.271891,0.03333333507180214,0.0,1.192092895533904e-07,0.0,0.0,0.0,0.0
484,True,140.064929,0.03333333507180214,0.0,1.192092895533904e-07,0.0,0.0,0.0,0.0
485,True,139.433006,0.03333333507180214,0.0,1.192092895533904e-07,0.0,0.0,0.0,0.0
486,True,149.202266,0.03333333507180214,0.0,1.192092895533904e-07,0.0,0.0,0.0,0.0
487,True,146.399626,0.03333333507180214,0.0,1.192092895533904e-07,0.0,0.0,0.0,0.0
488,True,199.81301,0.03333333507180214,0.0,1.192092895533904e-07,0.0,0.0,0.0,0.0
489,True,144.254157,0.03333333507180214,0.0,1.192092895533904e-07,0.0,0.0,0.0,0.0
490,True,151.84026,0.03333333507180214,0.0,1.192092895533904e-07,0.0,0.0,0.0,0.0
491,True,139.536403,0.03333333507180214,0.0,1.192092895533904e-07,0.0,0.0,0.0,0.0
492,True,140.132622,0.03333333507180214,0.0,1.192092895533904e-07,0.0,0.0,0.0,0.0
493,True,141.889411,0.03333333507180214,0.0,1.192092895533904e-07,0.0,0.0,0.0,0.0
494,True,137.371762,0.03333333507180214,0.0,1.192092895533904e-07,0.0,0.0,0.0,0.0
495,True,138.511021,0.03333333507180214,0.0,1.192092895533904e-07,0.0,0.0,0.0,0.0
496,True,137.97924,0.03333333507180214,0.0,1.192092895533904e-07,0.0,0.0,0.0,0.0
497,True,142.006546,0.03333333507180214,0.0,1.192092895533904e-07,0.0,0.0,0.0,0.0
498,True,140.297697,0.03333333507180214,0.0,1.192092895533904e-07,0.0,0.0,0.0,0.0
499,True,141.31228,0.03333333507180214,0.0,1.192092895533904e-07,0.0,0.0,0.0,0.0
500,True,139.807338,0.03333333507180214,0.0,1.192092895533904e-07,0.0,0.0,0.0,0.0
501,True,143.51457,0.03333333507180214,0.0,1.192092895533904e-07,0.0,0.0,0.0,0.0
502,True,141.298187,0.03333333507180214,0.0,1.192092895533904e-07,0.0,0.0,0.0,0.0
503,True,139.669005,0.03333333507180214,0.0,1.192092895533904e-07,0.0,0.0,0.0,0.0
504,True,139.832749,0.03333333507180214,0.0,1.192092895533904e-07,0.0,0.0,0.0,0.0
505,True,140.352347,0.03333333507180214,0.0,1.192092895533904e-07,0.0,0.0,0.0,0.0
506,True,140.144985,0.03333333507180214,0.0,1.192092895533904e-07,0.0,0.0,0.0,0.0
507,True,140.657894,0.03333333507180214,0.0,1.192092895533904e-07,0.0,0.0,0.0,0.0
508,True,139.966846,0.03333333507180214,0.0,1.192092895533904e-07,0.0,0.0,0.0,0.0
509,True,140.415174,0.03333333507180214,0.0,1.192092895533904e-07,0.0,0.0,0.0,0.0
510,True,140.220335,0.03333333507180214,0.0,1.192092895533904e-07,0.0,0.0,0.0,0.0
511,True,141.943855,0.03333333507180214,0.0,1.192092895533904e-07,0.0,0.0,0.0,0.0
512,True,141.385741,0.03333333507180214,0.0,1.192092895533904e-07,0.0,0.0,0.0,0.0
513,True,140.564294,0.03333333507180214,0.0,1.192092895533904e-07,0.0,0.0,0.0,0.0
514,True,141.892059,0.03333333507180214,0.0,1.192092895533904e-07,0.0,0.0,0.0,0.0
515,True,143.445054,0.03333333507180214,0.0,1.192092895533904e-07,0.0,0.0,0.0,0.0
516,True,143.436737,0.03333333507180214,0.0,1.192092895533904e-07,0.0,0.0,0.0,0.0
517,True,140.618151,0.03333333507180214,0.0,1.192092895533904e-07,0.0,0.0,0.0,0.0
518,True,140.513261,0.03333333507180214,0.0,1.192092895533904e-07,0.0,0.0,0.0,0.0
519,True,139.762938,0.03333333507180214,0.0,1.192092895533904e-07,0.0,0.0,0.0,0.0
520,True,144.077058,0.03333333507180214,0.0,1.192092895533904e-07,0.0,0.0,0.0,0.0
521,True,139.229076,0.03333333507180214,0.0,1.192092895533904e-07,0.0,0.0,0.0,0.0
522,True,140.96718,0.03333333507180214,0.0,1.192092895533904e-07,0.0,0.0,0.0,0.0
523,True,141.145259,0.03333333507180214,0.0,1.192092895533904e-07,0.0,0.0,0.0,0.0
524,True,144.604478,0.03333333507180214,0.0,1.192092895533904e-07,0.0,0.0,0.0,0.0
525,True,141.634552,0.03333333507180214,0.0,1.192092895533904e-07,0.0,0.0,0.0,0.0
526,True,143.156448,0.03333333507180214,0.0,1.192092895533904e-07,0.0,0.0,0.0,0.0
527,True,138.984082,0.03333333507180214,0.0,1.192092895533904e-07,0.0,0.0,0.0,0.0
528,True,139.777384,0.03333333507180214,0.0,1.192092895533904e-07,0.0,0.0,0.0,0.0
529,True,137.940387,0.03333333507180214,0.0,1.192092895533904e-07,0.0,0.0,0.0,0.0
530,True,137.310384,0.03333333507180214,0.0,1.192092895533904e-07,0.0,0.0,0.0,0.0
531,True,138.002119,0.03333333507180214,0.0,1.192092895533904e-07,0.0,0.0,0.0,0.0
532,True,140.553895,0.03333333507180214,0.0,1.192092895533904e-07,0.0,0.0,0.0,0.0
533,True,140.589113,0.03333333507180214,0.0,1.192092895533904e-07,0.0,0.0,0.0,0.0
534,True,136.936682,0.03333333507180214,0.0,1.192092895533904e-07,0.0,0.0,0.0,0.0
535,True,139.181624,0.03333333507180214,0.0,1.192092895533904e-07,0.0,0.0,0.0,0.0
536,True,137.485951,0.03333333507180214,0.0,1.192092895533904e-07,0.0,0.0,0.0,0.0
537,True,149.146268,0.03333333507180214,0.0,1.192092895533904e-07,0.0,0.0,0.0,0.0
538,True,138.824474,0.03333333507180214,0.0,1.192092895533904e-07,0.0,0.0,0.0,0.0
539,True,143.354674,0.03333333507180214,0.0,1.192092895533904e-07,0.0,0.0,0.0,0.0
540,True,139.024577,0.03333333507180214,0.0,1.192092895533904e-07,0.0,0.0,0.0,0.0
541,True,137.728783,0.03333333507180214,0.0,1.192092895533904e-07,0.0,0.0,0.0,0.0
542,True,137.512792,0.03333333507180214,0.0,1.192092895533904e-07,0.0,0.0,0.0,0.0
543,True,140.047614,0.03333333507180214,0.0,1.192092895533904e-07,0.0,0.0,0.0,0.0
544,True,138.924541,0.03333333507180214,0.0,1.192092895533904e-07,0.0,0.0,0.0,0.0
545,True,138.305664,0.03333333507180214,0.0,1.192092895533904e-07,0.0,0.0,0.0,0.0
546,True,143.718652,0.03333333507180214,0.0,1.192092895533904e-07,0.0,0.0,0.0,0.0
547,True,139.672808,0.03333333507180214,0.0,1.192092895533904e-07,0.0,0.0,0.0,0.0
548,True,139.955764,0.03333333507180214,0.0,1.192092895533904e-07,0.0,0.0,0.0,0.0
549,True,139.885655,0.03333333507180214,0.0,1.192092895533904e-07,0.0,0.0,0.0,0.0
550,True,140.729017,0.03333333507180214,0.0,1.192092895533904e-07,0.0,0.0,0.0,0.0
551,True,142.711952,0.03333333507180214,0.0,1.192092895533904e-07,0.0,0.0,0.0,0.0
552,True,138.510962,0.03333333507180214,0.0,1.192092895533904e-07,0.0,0.0,0.0,0.0
553,True,140.958545,0.03333333507180214,0.0,1.192092895533904e-07,0.0,0.0,0.0,0.0
554,True,142.358293,0.03333333507180214,0.0,1.192092895533904e-07,0.0,0.0,0.0,0.0
555,True,142.768399,0.03333333507180214,0.0,1.192092895533904e-07,0.0,0.0,0.0,0.0
556,True,137.064456,0.03333333507180214,0.0,1.192092895533904e-07,0.0,0.0,0.0,0.0
557,True,138.237885,0.03333333507180214,0.0,1.192092895533904e-07,0.0,0.0,0.0,0.0
558,True,137.321283,0.03333333507180214,0.0,1.192092895533904e-07,0.0,0.0,0.0,0.0
559,True,142.576161,0.03333333507180214,0.0,1.192092895533904e-07,0.0,0.0,0.0,0.0
560,True,138.070958,0.03333333507180214,0.0,1.192092895533904e-07,0.0,0.0,0.0,0.0
561,True,139.97316,0.03333333507180214,0.0,1.192092895533904e-07,0.0,0.0,0.0,0.0
562,True,137.467873,0.03333333507180214,0.0,1.192092895533904e-07,0.0,0.0,0.0,0.0
563,True,142.177304,0.03333333507180214,0.0,1.192092895533904e-07,0.0,0.0,0.0,0.0
564,True,137.951196,0.03333333507180214,0.0,1.192092895533904e-07,0.0,0.0,0.0,0.0
565,True,138.180325,0.03333333507180214,0.0,1.192092895533904e-07,0.0,0.0,0.0,0.0
566,True,138.019924,0.03333333507180214,0.0,1.192092895533904e-07,0.0,0.0,0.0,0.0
567,True,141.523649,0.03333333507180214,0.0,1.192092895533904e-07,0.0,0.0,0.0,0.0
568,True,138.087276,0.03333333507180214,0.0,1.192092895533904e-07,0.0,0.0,0.0,0.0
569,True,138.409898,0.03333333507180214,0.0,1.192092895533904e-07,0.0,0.0,0.0,0.0
570,True,139.873596,0.03333333507180214,0.0,1.192092895533904e-07,0.0,0.0,0.0,0.0
571,True,140.831103,0.03333333507180214,0.0,1.192092895533904e-07,0.0,0.0,0.0,0.0
572,True,140.135433,0.03333333507180214,0.0,1.192092895533904e-07,0.0,0.0,0.0,0.0
573,True,138.383022,0.03333333507180214,0.0,1.192092895533904e-07,0.0,0.0,0.0,0.0
574,True,139.558185,0.03333333507180214,0.0,1.192092895533904e-07,0.0,0.0,0.0,0.0
575,True,139.69335,0.03333333507180214,0.0,1.192092895533904e-07,0.0,0.0,0.0,0.0
576,True,139.835729,0.03333333507180214,0.0,1.192092895533904e-07,0.0,0.0,0.0,0.0
577,True,141.350125,0.03333333507180214,0.0,1.192092895533904e-07,0.0,0.0,0.0,0.0
578,True,138.482394,0.03333333507180214,0.0,1.192092895533904e-07,0.0,0.0,0.0,0.0
579,True,139.166764,0.03333333507180214,0.0,1.192092895533904e-07,0.0,0.0,0.0,0.0
580,True,139.67535,0.03333333507180214,0.0,1.192092895533904e-07,0.0,0.0,0.0,0.0
581,True,139.399392,0.03333333507180214,0.0,1.192092895533904e-07,0.0,0.0,0.0,0.0
582,True,141.255687,0.03333333507180214,0.0,1.192092895533904e-07,0.0,0.0,0.0,0.0
583,True,139.942267,0.03333333507180214,0.0,1.192092895533904e-07,0.0,0.0,0.0,0.0
584,True,139.510774,0.03333333507180214,0.0,1.192092895533904e-07,0.0,0.0,0.0,0.0
585,True,142.080168,0.03333333507180214,0.0,1.192092895533904e-07,0.0,0.0,0.0,0.0
586,True,143.55592,0.03333333507180214,0.0,1.192092895533904e-07,0.0,0.0,0.0,0.0
587,True,140.292999,0.03333333507180214,0.0,1.192092895533904e-07,0.0,0.0,0.0,0.0
588,True,140.723233,0.03333333507180214,0.0,1.192092895533904e-07,0.0,0.0,0.0,0.0
589,True,139.381015,0.03333333507180214,0.0,1.192092895533904e-07,0.0,0.0,0.0,0.0
590,True,144.053546,0.03333333507180214,0.0,1.192092895533904e-07,0.0,0.0,0.0,0.0
591,True,139.216407,0.03333333507180214,0.0,1.192092895533904e-07,0.0,0.0,0.0,0.0
592,True,141.340437,0.03333333507180214,0.0,1.192092895533904e-07,0.0,0.0,0.0,0.0
593,True,140.557384,0.03333333507180214,0.0,1.192092895533904e-07,0.0,0.0,0.0,0.0
594,True,144.848974,0.03333333507180214,0.0,1.192092895533904e-07,0.0,0.0,0.0,0.0
595,True,138.967028,0.03333333507180214,0.0,1.192092895533904e-07,0.0,0.0,0.0,0.0
596,True,139.952996,0.03333333507180214,0.0,1.192092895533904e-07,0.0,0.0,0.0,0.0
597,True,139.843191,0.03333333507180214,0.0,1.192092895533904e-07,0.0,0.0,0.0,0.0
598,True,144.158734,0.03333333507180214,0.0,1.192092895533904e-07,0.0,0.0,0.0,0.0
599,True,140.891595,0.03333333507180214,0.0,1.192092895533904e-07,0.0,0.0,0.0,0.0
600,True,141.96446,0.03333333507180214,0.0,1.192092895533904e-07,0.0,0.0,0.0,0.0
601,True,141.118996,0.03333333507180214,0.0,1.192092895533904e-07,0.0,0.0,0.0,0.0
602,True,141.537547,0.03333333507180214,0.0,1.192092895533904e-07,0.0,0.0,0.0,0.0
603,True,148.770438,0.03333333507180214,0.0,1.192092895533904e-07,0.0,0.0,0.0,0.0
604,True,141.655069,0.03333333507180214,0.0,1.192092895533904e-07,0.0,0.0,0.0,0.0
605,True,143.852845,0.03333333507180214,0.0,1.192092895533904e-07,0.0,0.0,0.0,0.0
606,True,144.880743,0.03333333507180214,0.0,1.192092895533904e-07,0.0,0.0,0.0,0.0
607,True,138.089438,0.03333333507180214,0.0,1.192092895533904e-07,0.0,0.0,0.0,0.0
608,True,139.670812,0.03333333507180214,0.0,1.192092895533904e-07,0.0,0.0,0.0,0.0
609,True,138.77526,0.03333333507180214,0.0,1.192092895533904e-07,0.0,0.0,0.0,0.0
610,True,136.960316,0.03333333507180214,0.0,1.192092895533904e-07,0.0,0.0,0.0,0.0
611,True,140.87964,0.03333333507180214,0.0,1.192092895533904e-07,0.0,0.0,0.0,0.0
612,True,141.166105,0.03333333507180214,0.0,1.192092895533904e-07,0.0,0.0,0.0,0.0
613,True,141.393392,0.03333333507180214,0.0,1.192092895533904e-07,0.0,0.0,0.0,0.0
614,True,140.884715,0.03333333507180214,0.0,1.192092895533904e-07,0.0,0.0,0.0,0.0
615,True,144.748858,0.03333333507180214,0.0,1.192092895533904e-07,0.0,0.0,0.0,0.0
616,True,161.38891,0.03333333507180214,0.0,1.192092895533904e-07,0.0,0.0,0.0,0.0
617,True,163.735704,0.03333333507180214,0.0,1.192092895533904e-07,0.0,0.0,0.0,0.0
618,True,142.017151,0.03333333507180214,0.0,1.192092895533904e-07,0.0,0.0,0.0,0.0
619,True,139.259053,0.03333333507180214,0.0,1.192092895533904e-07,0.0,0.0,0.0,0.0
620,True,138.199604,0.03333333507180214,0.0,1.192092895533904e-07,0.0,0.0,0.0,0.0
621,True,156.150655,0.03333333507180214,0.0,1.192092895533904e-07,0.0,0.0,0.0,0.0
622,True,139.654829,0.03333333507180214,0.0,1.192092895533904e-07,0.0,0.0,0.0,0.0
623,True,157.381116,0.03333333507180214,0.0,1.192092895533904e-07,0.0,0.0,0.0,0.0
624,True,158.120093,0.03333333507180214,0.0,1.192092895533904e-07,0.0,0.0,0.0,0.0
625,True,137.691803,0.03333333507180214,0.0,1.192092895533904e-07,0.0,0.0,0.0,0.0
626,True,138.560385,0.03333333507180214,0.0,1.192092895533904e-07,0.0,0.0,0.0,0.0
627,True,147.544332,0.03333333507180214,0.0,1.192092895533904e-07,0.0,0.0,0.0,0.0
628,True,154.273719,0.03333333507180214,0.0,1.192092895533904e-07,0.0,0.0,0.0,0.0
629,True,144.400187,0.03333333507180214,0.0,1.192092895533904e-07,0.0,0.0,0.0,0.0
630,True,155.550367,0.03333333507180214,0.0,1.192092895533904e-07,0.0,0.0,0.0,0.0
631,True,139.75025,0.03333333507180214,0.0,1.192092895533904e-07,0.0,0.0,0.0,0.0
632,True,139.011594,0.03333333507180214,0.0,1.192092895533904e-07,0.0,0.0,0.0,0.0
633,True,139.654642,0.03333333507180214,0.0,1.192092895533904e-07,0.0,0.0,0.0,0.0
634,True,140.327401,0.03333333507180214,0.0,1.192092895533904e-07,0.0,0.0,0.0,0.0
635,True,142.321097,0.03333333507180214,0.0,1.192092895533904e-07,0.0,0.0,0.0,0.0
636,True,141.104805,0.03333333507180214,0.0,1.192092895533904e-07,0.0,0.0,0.0,0.0
637,True,155.934554,0.03333333507180214,0.0,1.192092895533904e-07,0.0,0.0,0.0,0.0
638,True,141.213758,0.03333333507180214,0.0,1.192092895533904e-07,0.0,0.0,0.0,0.0
639,True,139.912753,0.03333333507180214,0.0,1.192092895533904e-07,0.0,0.0,0.0,0.0
640,True,140.290875,0.03333333507180214,0.0,1.192092895533904e-07,0.0,0.0,0.0,0.0
641,True,140.19508,0.03333333507180214,0.0,1.192092895533904e-07,0.0,0.0,0.0,0.0
642,True,144.643492,0.03333333507180214,0.0,1.192092895533904e-07,0.0,0.0,0.0,0.0
643,True,143.305671,0.03333333507180214,0.0,1.192092895533904e-07,0.0,0.0,0.0,0.0
644,True,140.684741,0.03333333507180214,0.0,1.192092895533904e-07,0.0,0.0,0.0,0.0
645,True,140.670515,0.03333333507180214,0.0,1.192092895533904e-07,0.0,0.0,0.0,0.0
646,True,143.239829,0.03333333507180214,0.0,1.192092895533904e-07,0.0,0.0,0.0,0.0
647,True,142.475071,0.03333333507180214,0.0,1.192092895533904e-07,0.0,0.0,0.0,0.0
648,True,136.763406,0.03333333507180214,0.0,1.192092895533904e-07,0.0,0.0,0.0,0.0
649,True,139.176724,0.03333333507180214,0.0,1.192092895533904e-07,0.0,0.0,0.0,0.0
650,True,138.715749,0.03333333507180214,0.0,1.192092895533904e-07,0.0,0.0,0.0,0.0
651,True,145.209966,0.03333333507180214,0.0,1.192092895533904e-07,0.0,0.0,0.0,0.0
652,True,139.687675,0.03333333507180214,0.0,1.192092895533904e-07,0.0,0.0,0.0,0.0
653,True,142.074643,0.03333333507180214,0.0,1.192092895533904e-07,0.0,0.0,0.0,0.0
654,True,139.550215,0.03333333507180214,0.0,1.192092895533904e-07,0.0,0.0,0.0,0.0
655,True,143.271619,0.03333333507180214,0.0,1.192092895533904e-07,0.0,0.0,0.0,0.0
656,True,140.938905,0.03333333507180214,0.0,1.192092895533904e-07,0.0,0.0,0.0,0.0
657,True,139.403809,0.03333333507180214,0.0,1.192092895533904e-07,0.0,0.0,0.0,0.0
658,True,140.575055,0.03333333507180214,0.0,1.192092895533904e-07,0.0,0.0,0.0,0.0
659,True,141.324142,0.03333333507180214,0.0,1.192092895533904e-07,0.0,0.0,0.0,0.0
660,True,140.827499,0.03333333507180214,0.0,1.192092895533904e-07,0.0,0.0,0.0,0.0
661,True,142.007487,0.03333333507180214,0.0,1.192092895533904e-07,0.0,0.0,0.0,0.0
662,True,141.076869,0.03333333507180214,0.0,1.192092895533904e-07,0.0,0.0,0.0,0.0
663,True,142.289812,0.03333333507180214,0.0,1.192092895533904e-07,0.0,0.0,0.0,0.0
664,True,144.292674,0.03333333507180214,0.0,1.192092895533904e-07,0.0,0.0,0.0,0.0
665,True,143.697878,0.03333333507180214,0.0,1.192092895533904e-07,0.0,0.0,0.0,0.0
666,True,142.834892,0.03333333507180214,0.0,1.192092895533904e-07,0.0,0.0,0.0,0.0
667,True,140.985806,0.03333333507180214,0.0,1.192092895533904e-07,0.0,0.0,0.0,0.0
668,True,137.768625,0.03333333507180214,0.0,1.192092895533904e-07,0.0,0.0,0.0,0.0
669,True,142.471956,0.03333333507180214,0.0,1.192092895533904e-07,0.0,0.0,0.0,0.0
670,True,138.365866,0.03333333507180214,0.0,1.192092895533904e-07,0.0,0.0,0.0,0.0
671,True,138.029646,0.03333333507180214,0.0,1.192092895533904e-07,0.0,0.0,0.0,0.0
672,True,138.970437,0.03333333507180214,0.0,1.192092895533904e-07,0.0,0.0,0.0,0.0
673,True,139.425178,0.03333333507180214,0.0,1.192092895533904e-07,0.0,0.0,0.0,0.0
674,True,144.69441,0.03333333507180214,0.0,1.192092895533904e-07,0.0,0.0,0.0,0.0
675,True,139.132314,0.03333333507180214,0.0,1.192092895533904e-07,0.0,0.0,0.0,0.0
676,True,139.384697,0.03333333507180214,0.0,1.192092895533904e-07,0.0,0.0,0.0,0.0
677,True,141.675434,0.03333333507180214,0.0,1.192092895533904e-07,0.0,0.0,0.0,0.0
678,True,140.83402,0.03333333507180214,0.0,1.192092895533904e-07,0.0,0.0,0.0,0.0
679,True,138.864756,0.03333333507180214,0.0,1.192092895533904e-07,0.0,0.0,0.0,0.0
680,True,138.309937,0.03333333507180214,0.0,1.192092895533904e-07,0.0,0.0,0.0,0.0
681,True,137.430089,0.03333333507180214,0.0,1.192092895533904e-07,0.0,0.0,0.0,0.0
682,True,142.558382,0.03333333507180214,0.0,1.192092895533904e-07,0.0,0.0,0.0,0.0
683,True,138.834469,0.03333333507180214,0.0,1.192092895533904e-07,0.0,0.0,0.0,0.0
684,True,140.804962,0.03333333507180214,0.0,1.192092895533904e-07,0.0,0.0,0.0,0.0
685,True,139.528234,0.03333333507180214,0.0,1.192092895533904e-07,0.0,0.0,0.0,0.0
686,True,142.687563,0.03333333507180214,0.0,1.192092895533904e-07,0.0,0.0,0.0,0.0
687,True,140.175173,0.03333333507180214,0.0,1.192092895533904e-07,0.0,0.0,0.0,0.0
688,True,142.348535,0.03333333507180214,0.0,1.192092895533904e-07,0.0,0.0,0.0,0.0
689,True,140.463465,0.03333333507180214,0.0,1.192092895533904e-07,0.0,0.0,0.0,0.0
690,True,140.510232,0.03333333507180214,0.0,1.192092895533904e-07,0.0,0.0,0.0,0.0
691,True,140.277957,0.03333333507180214,0.0,1.192092895533904e-07,0.0,0.0,0.0,0.0
692,True,140.412993,0.03333333507180214,0.0,1.192092895533904e-07,0.0,0.0,0.0,0.0
693,True,140.600507,0.03333333507180214,0.0,1.192092895533904e-07,0.0,0.0,0.0,0.0
694,True,141.498637,0.03333333507180214,0.0,1.192092895533904e-07,0.0,0.0,0.0,0.0
695,True,139.813272,0.03333333507180214,0.0,1.192092895533904e-07,0.0,0.0,0.0,0.0
696,True,140.023179,0.03333333507180214,0.0,1.192092895533904e-07,0.0,0.0,0.0,0.0
697,True,140.211408,0.03333333507180214,0.0,1.192092895533904e-07,0.0,0.0,0.0,0.0
698,True,142.994576,0.03333333507180214,0.0,1.192092895533904e-07,0.0,0.0,0.0,0.0
699,True,140.398821,0.03333333507180214,0.0,1.192092895533904e-07,0.0,0.0,0.0,0.0
700,True,142.095905,0.03333333507180214,0.0,1.192092895533904e-07,0.0,0.0,0.0,0.0
701,True,140.652773,0.03333333507180214,0.0,1.192092895533904e-07,0.0,0.0,0.0,0.0
702,True,140.639023,0.03333333507180214,0.0,1.192092895533904e-07,0.0,0.0,0.0,0.0
703,True,141.434078,0.03333333507180214,0.0,1.192092895533904e-07,0.0,0.0,0.0,0.0
704,True,141.250485,0.03333333507180214,0.0,1.192092895533904e-07,0.0,0.0,0.0,0.0
705,True,143.567712,0.03333333507180214,0.0,1.192092895533904e-07,0.0,0.0,0.0,0.0
706,True,143.332043,0.03333333507180214,0.0,1.192092895533904e-07,0.0,0.0,0.0,0.0
707,True,142.782984,0.03333333507180214,0.0,1.192092895533904e-07,0.0,0.0,0.0,0.0
708,True,141.534583,0.03333333507180214,0.0,1.192092895533904e-07,0.0,0.0,0.0,0.0
709,True,142.649549,0.03333333507180214,0.0,1.192092895533904e-07,0.0,0.0,0.0,0.0
710,True,138.822623,0.03333333507180214,0.0,1.192092895533904e-07,0.0,0.0,0.0,0.0
711,True,140.84974,0.03333333507180214,0.0,1.192092895533904e-07,0.0,0.0,0.0,0.0
712,True,141.255448,0.03333333507180214,0.0,1.192092895533904e-07,0.0,0.0,0.0,0.0
713,True,144.57399,0.03333333507180214,0.0,1.192092895533904e-07,0.0,0.0,0.0,0.0
714,True,140.550484,0.03333333507180214,0.0,1.192092895533904e-07,0.0,0.0,0.0,0.0
715,True,141.943243,0.03333333507180214,0.0,1.192092895533904e-07,0.0,0.0,0.0,0.0
716,True,140.672747,0.03333333507180214,0.0,1.192092895533904e-07,0.0,0.0,0.0,0.0
717,True,145.973192,0.03333333507180214,0.0,1.192092895533904e-07,0.0,0.0,0.0,0.0
718,True,144.174845,0.03333333507180214,0.0,1.192092895533904e-07,0.0,0.0,0.0,0.0
719,True,137.489616,0.03333333507180214,0.0,1.192092895533904e-07,0.0,0.0,0.0,0.0
720,True,138.587414,0.03333333507180214,0.0,1.192092895533904e-07,0.0,0.0,0.0,0.0
721,True,137.620137,0.03333333507180214,0.0,1.192092895533904e-07,0.0,0.0,0.0,0.0
722,True,138.35498,0.03333333507180214,0.0,1.192092895533904e-07,0.0,0.0,0.0,0.0
723,True,138.647399,0.03333333507180214,0.0,1.192092895533904e-07,0.0,0.0,0.0,0.0
724,True,137.330517,0.03333333507180214,0.0,1.192092895533904e-07,0.0,0.0,0.0,0.0
725,True,138.376469,0.03333333507180214,0.0,1.192092895533904e-07,0.0,0.0,0.0,0.0
726,True,138.111912,0.03333333507180214,0.0,1.192092895533904e-07,0.0,0.0,0.0,0.0
727,True,138.636733,0.03333333507180214,0.0,1.192092895533904e-07,0.0,0.0,0.0,0.0
728,True,137.813841,0.03333333507180214,0.0,1.192092895533904e-07,0.0,0.0,0.0,0.0
729,True,137.756094,0.03333333507180214,0.0,1.192092895533904e-07,0.0,0.0,0.0,0.0
730,True,137.795384,0.03333333507180214,0.0,1.192092895533904e-07,0.0,0.0,0.0,0.0
731,True,142.380011,0.03333333507180214,0.0,1.192092895533904e-07,0.0,0.0,0.0,0.0
732,True,140.524897,0.03333333507180214,0.0,1.192092895533904e-07,0.0,0.0,0.0,0.0
733,True,139.539868,0.03333333507180214,0.0,1.192092895533904e-07,0.0,0.0,0.0,0.0
734,True,139.461587,0.03333333507180214,0.0,1.192092895533904e-07,0.0,0.0,0.0,0.0
735,True,140.590885,0.03333333507180214,0.0,1.192092895533904e-07,0.0,0.0,0.0,0.0
736,True,142.655169,0.03333333507180214,0.0,1.192092895533904e-07,0.0,0.0,0.0,0.0
737,True,139.521253,0.03333333507180214,0.0,1.192092895533904e-07,0.0,0.0,0.0,0.0
738,True,140.562684,0.03333333507180214,0.0,1.192092895533904e-07,0.0,0.0,0.0,0.0
739,True,141.755437,0.03333333507180214,0.0,1.192092895533904e-07,0.0,0.0,0.0,0.0
740,True,142.731336,0.03333333507180214,0.0,1.192092895533904e-07,0.0,0.0,0.0,0.0
741,True,139.94092,0.03333333507180214,0.0,1.192092895533904e-07,0.0,0.0,0.0,0.0
742,True,139.236631,0.03333333507180214,0.0,1.192092895533904e-07,0.0,0.0,0.0,0.0
743,True,138.252601,0.03333333507180214,0.0,1.192092895533904e-07,0.0,0.0,0.0,0.0
744,True,144.493152,0.03333333507180214,0.0,1.192092895533904e-07,0.0,0.0,0.0,0.0
745,True,137.796463,0.03333333507180214,0.0,1.192092895533904e-07,0.0,0.0,0.0,0.0
746,True,139.96449,0.03333333507180214,0.0,1.192092895533904e-07,0.0,0.0,0.0,0.0
747,True,137.712098,0.03333333507180214,0.0,1.192092895533904e-07,0.0,0.0,0.0,0.0
748,True,144.394351,0.03333333507180214,0.0,1.192092895533904e-07,0.0,0.0,0.0,0.0
749,True,139.07151,0.03333333507180214,0.0,1.192092895533904e-07,0.0,0.0,0.0,0.0
750,True,140.131162,0.03333333507180214,0.0,1.192092895533904e-07,0.0,0.0,0.0,0.0
751,True,140.323377,0.03333333507180214,0.0,1.192092895533904e-07,0.0,0.0,0.0,0.0
752,True,143.13436,0.03333333507180214,0.0,1.192092895533904e-07,0.0,0.0,0.0,0.0
753,True,140.904247,0.03333333507180214,0.0,1.192092895533904e-07,0.0,0.0,0.0,0.0
754,True,142.004557,0.03333333507180214,0.0,1.192092895533904e-07,0.0,0.0,0.0,0.0
755,True,141.786315,0.03333333507180214,0.0,1.192092895533904e-07,0.0,0.0,0.0,0.0
756,True,142.29987,0.03333333507180214,0.0,1.192092895533904e-07,0.0,0.0,0.0,0.0
757,True,140.930097,0.03333333507180214,0.0,1.192092895533904e-07,0.0,0.0,0.0,0.0
758,True,140.853554,0.03333333507180214,0.0,1.192092895533904e-07,0.0,0.0,0.0,0.0
759,True,142.135809,0.03333333507180214,0.0,1.192092895533904e-07,0.0,0.0,0.0,0.0
760,True,141.024089,0.03333333507180214,0.0,1.192092895533904e-07,0.0,0.0,0.0,0.0
761,True,142.696645,0.03333333507180214,0.0,1.192092895533904e-07,0.0,0.0,0.0,0.0
762,True,142.967354,0.03333333507180214,0.0,1.192092895533904e-07,0.0,0.0,0.0,0.0
763,True,145.744227,0.03333333507180214,0.0,1.192092895533904e-07,0.0,0.0,0.0,0.0
764,True,144.747004,0.03333333507180214,0.0,1.192092895533904e-07,0.0,0.0,0.0,0.0
765,True,141.893994,0.03333333507180214,0.0,1.192092895533904e-07,0.0,0.0,0.0,0.0
766,True,138.669458,0.03333333507180214,0.0,1.192092895533904e-07,0.0,0.0,0.0,0.0
767,True,140.417778,0.03333333507180214,0.0,1.192092895533904e-07,0.0,0.0,0.0,0.0
768,True,136.939672,0.03333333507180214,0.0,1.192092895533904e-07,0.0,0.0,0.0,0.0
769,True,137.970303,0.03333333507180214,0.0,1.192092895533904e-07,0.0,0.0,0.0,0.0
770,True,142.837213,0.03333333507180214,0.0,1.192092895533904e-07,0.0,0.0,0.0,0.0
771,True,140.395728,0.03333333507180214,0.0,1.192092895533904e-07,0.0,0.0,0.0,0.0
772,True,137.328312,0.03333333507180214,0.0,1.192092895533904e-07,0.0,0.0,0.0,0.0
773,True,137.547026,0.03333333507180214,0.0,1.192092895533904e-07,0.0,0.0,0.0,0.0
774,True,136.739078,0.03333333507180214,0.0,1.192092895533904e-07,0.0,0.0,0.0,0.0
775,True,141.203246,0.03333333507180214,0.0,1.192092895533904e-07,0.0,0.0,0.0,0.0
776,True,138.676126,0.03333333507180214,0.0,1.192092895533904e-07,0.0,0.0,0.0,0.0
777,True,139.232704,0.03333333507180214,0.0,1.192092895533904e-07,0.0,0.0,0.0,0.0
778,True,138.013566,0.03333333507180214,0.0,1.192092895533904e-07,0.0,0.0,0.0,0.0
779,True,141.51365,0.03333333507180214,0.0,1.192092895533904e-07,0.0,0.0,0.0,0.0
780,True,135.121101,0.03333333507180214,0.0,1.192092895533904e-07,0.0,0.0,0.0,0.0
781,True,137.154877,0.03333333507180214,0.0,1.192092895533904e-07,0.0,0.0,0.0,0.0
782,True,135.991527,0.03333333507180214,0.0,1.192092895533904e-07,0.0,0.0,0.0,0.0
783,True,142.221443,0.03333333507180214,0.0,1.192092895533904e-07,0.0,0.0,0.0,0.0
784,True,136.386354,0.03333333507180214,0.0,1.192092895533904e-07,0.0,0.0,0.0,0.0
785,True,138.771787,0.03333333507180214,0.0,1.192092895533904e-07,0.0,0.0,0.0,0.0
786,True,135.990386,0.03333333507180214,0.0,1.192092895533904e-07,0.0,0.0,0.0,0.0
787,True,142.037739,0.03333333507180214,0.0,1.192092895533904e-07,0.0,0.0,0.0,0.0
788,True,137.680235,0.03333333507180214,0.0,1.192092895533904e-07,0.0,0.0,0.0,0.0
789,True,138.909032,0.03333333507180214,0.0,1.192092895533904e-07,0.0,0.0,0.0,0.0
790,True,138.052526,0.03333333507180214,0.0,1.192092895533904e-07,0.0,0.0,0.0,0.0
791,True,142.418239,0.03333333507180214,0.0,1.192092895533904e-07,0.0,0.0,0.0,0.0
792,True,139.963398,0.03333333507180214,0.0,1.192092895533904e-07,0.0,0.0,0.0,0.0
793,True,139.617778,0.03333333507180214,0.0,1.192092895533904e-07,0.0,0.0,0.0,0.0
794,True,138.7131,0.03333333507180214,0.0,1.192092895533904e-07,0.0,0.0,0.0,0.0
795,True,139.056686,0.03333333507180214,0.0,1.192092895533904e-07,0.0,0.0,0.0,0.0
796,True,139.222893,0.03333333507180214,0.0,1.192092895533904e-07,0.0,0.0,0.0,0.0
797,True,139.246872,0.03333333507180214,0.0,1.192092895533904e-07,0.0,0.0,0.0,0.0
798,True,138.638089,0.03333333507180214,0.0,1.192092895533904e-07,0.0,0.0,0.0,0.0
799,True,139.417368,0.03333333507180214,0.0,1.192092895533904e-07,0.0,0.0,0.0,0.0
800,True,140.540892,0.03333333507180214,0.0,1.192092895533904e-07,0.0,0.0,0.0,0.0
801,True,141.46385,0.03333333507180214,0.0,1.192092895533904e-07,0.0,0.0,0.0,0.0
802,True,140.246003,0.03333333507180214,0.0,1.192092895533904e-07,0.0,0.0,0.0,0.0
803,True,139.515493,0.03333333507180214,0.0,1.192092895533904e-07,0.0,0.0,0.0,0.0
804,True,141.061603,0.03333333507180214,0.0,1.192092895533904e-07,0.0,0.0,0.0,0.0
805,True,139.854183,0.03333333507180214,0.0,1.192092895533904e-07,0.0,0.0,0.0,0.0
806,True,141.517571,0.03333333507180214,0.0,1.192092895533904e-07,0.0,0.0,0.0,0.0
807,True,139.845015,0.03333333507180214,0.0,1.192092895533904e-07,0.0,0.0,0.0,0.0
808,True,141.384692,0.03333333507180214,0.0,1.192092895533904e-07,0.0,0.0,0.0,0.0
809,True,143.372005,0.03333333507180214,0.0,1.192092895533904e-07,0.0,0.0,0.0,0.0
810,True,143.56817,0.03333333507180214,0.0,1.192092895533904e-07,0.0,0.0,0.0,0.0
811,True,140.495918,0.03333333507180214,0.0,1.192092895533904e-07,0.0,0.0,0.0,0.0
812,True,140.495588,0.03333333507180214,0.0,1.192092895533904e-07,0.0,0.0,0.0,0.0
813,True,139.564545,0.03333333507180214,0.0,1.192092895533904e-07,0.0,0.0,0.0,0.0
814,True,143.27054,0.03333333507180214,0.0,1.192092895533904e-07,0.0,0.0,0.0,0.0
815,True,144.385921,0.03333333507180214,0.0,1.192092895533904e-07,0.0,0.0,0.0,0.0
816,True,141.310089,0.03333333507180214,0.0,1.192092895533904e-07,0.0,0.0,0.0,0.0
817,True,139.729972,0.03333333507180214,0.0,1.192092895533904e-07,0.0,0.0,0.0,0.0
818,True,141.212769,0.03333333507180214,0.0,1.192092895533904e-07,0.0,0.0,0.0,0.0
819,True,135.770164,0.03333333507180214,0.0,1.192092895533904e-07,0.0,0.0,0.0,0.0
820,True,139.131595,0.03333333507180214,0.0,1.192092895533904e-07,0.0,0.0,0.0,0.0
821,True,135.57367,0.03333333507180214,0.0,1.192092895533904e-07,0.0,0.0,0.0,0.0
822,True,141.20331,0.03333333507180214,0.0,1.192092895533904e-07,0.0,0.0,0.0,0.0
823,True,137.756711,0.03333333507180214,0.0,1.192092895533904e-07,0.0,0.0,0.0,0.0
824,True,139.435168,0.03333333507180214,0.0,1.192092895533904e-07,0.0,0.0,0.0,0.0
825,True,140.164708,0.03333333507180214,0.0,1.192092895533904e-07,0.0,0.0,0.0,0.0
826,True,143.15966,0.03333333507180214,0.0,1.192092895533904e-07,0.0,0.0,0.0,0.0
827,True,137.696609,0.03333333507180214,0.0,1.192092895533904e-07,0.0,0.0,0.0,0.0
828,True,142.173484,0.03333333507180214,0.0,1.192092895533904e-07,0.0,0.0,0.0,0.0
829,True,141.10684,0.03333333507180214,0.0,1.192092895533904e-07,0.0,0.0,0.0,0.0
830,True,140.448596,0.03333333507180214,0.0,1.192092895533904e-07,0.0,0.0,0.0,0.0
831,True,139.351504,0.03333333507180214,0.0,1.192092895533904e-07,0.0,0.0,0.0,0.0
832,True,138.779105,0.03333333507180214,0.0,1.192092895533904e-07,0.0,0.0,0.0,0.0
833,True,140.197502,0.03333333507180214,0.0,1.192092895533904e-07,0.0,0.0,0.0,0.0
834,True,140.945954,0.03333333507180214,0.0,1.192092895533904e-07,0.0,0.0,0.0,0.0
835,True,138.855115,0.03333333507180214,0.0,1.192092895533904e-07,0.0,0.0,0.0,0.0
836,True,138.600905,0.03333333507180214,0.0,1.192092895533904e-07,0.0,0.0,0.0,0.0
837,True,141.056419,0.03333333507180214,0.0,1.192092895533904e-07,0.0,0.0,0.0,0.0
838,True,138.984517,0.03333333507180214,0.0,1.192092895533904e-07,0.0,0.0,0.0,0.0
839,True,139.171899,0.03333333507180214,0.0,1.192092895533904e-07,0.0,0.0,0.0,0.0
840,True,142.799205,0.03333333507180214,0.0,1.192092895533904e-07,0.0,0.0,0.0,0.0
841,True,141.631749,0.03333333507180214,0.0,1.192092895533904e-07,0.0,0.0,0.0,0.0
842,True,140.411008,0.03333333507180214,0.0,1.192092895533904e-07,0.0,0.0,0.0,0.0
843,True,139.706149,0.03333333507180214,0.0,1.192092895533904e-07,0.0,0.0,0.0,0.0
844,True,140.866689,0.03333333507180214,0.0,1.192092895533904e-07,0.0,0.0,0.0,0.0
845,True,141.971537,0.03333333507180214,0.0,1.192092895533904e-07,0.0,0.0,0.0,0.0
846,True,139.54694,0.03333333507180214,0.0,1.192092895533904e-07,0.0,0.0,0.0,0.0
847,True,141.630853,0.03333333507180214,0.0,1.192092895533904e-07,0.0,0.0,0.0,0.0
848,True,144.743238,0.03333333507180214,0.0,1.192092895533904e-07,0.0,0.0,0.0,0.0
849,True,143.678483,0.03333333507180214,0.0,1.192092895533904e-07,0.0,0.0,0.0,0.0
850,True,146.705199,0.03333333507180214,0.0,1.192092895533904e-07,0.0,0.0,0.0,0.0
851,True,140.155663,0.03333333507180214,0.0,1.192092895533904e-07,0.0,0.0,0.0,0.0
852,True,137.882123,0.03333333507180214,0.0,1.192092895533904e-07,0.0,0.0,0.0,0.0
853,True,142.918762,0.03333333507180214,0.0,1.192092895533904e-07,0.0,0.0,0.0,0.0
854,True,136.818642,0.03333333507180214,0.0,1.192092895533904e-07,0.0,0.0,0.0,0.0
855,True,138.043041,0.03333333507180214,0.0,1.192092895533904e-07,0.0,0.0,0.0,0.0
856,True,141.051061,0.03333333507180214,0.0,1.192092895533904e-07,0.0,0.0,0.0,0.0
857,True,141.853958,0.03333333507180214,0.0,1.192092895533904e-07,0.0,0.0,0.0,0.0
858,True,138.840567,0.03333333507180214,0.0,1.192092895533904e-07,0.0,0.0,0.0,0.0
859,True,137.509375,0.03333333507180214,0.0,1.192092895533904e-07,0.0,0.0,0.0,0.0
860,True,137.944782,0.03333333507180214,0.0,1.192092895533904e-07,0.0,0.0,0.0,0.0
861,True,142.193976,0.03333333507180214,0.0,1.192092895533904e-07,0.0,0.0,0.0,0.0
862,True,137.869191,0.03333333507180214,0.0,1.192092895533904e-07,0.0,0.0,0.0,0.0
863,True,137.664514,0.03333333507180214,0.0,1.192092895533904e-07,0.0,0.0,0.0,0.0
864,True,138.1544,0.03333333507180214,0.0,1.192092895533904e-07,0.0,0.0,0.0,0.0
865,True,141.166266,0.03333333507180214,0.0,1.192092895533904e-07,0.0,0.0,0.0,0.0
866,True,137.003239,0.03333333507180214,0.0,1.192092895533904e-07,0.0,0.0,0.0,0.0
867,True,137.237142,0.03333333507180214,0.0,1.192092895533904e-07,0.0,0.0,0.0,0.0
868,True,138.98685,0.03333333507180214,0.0,1.192092895533904e-07,0.0,0.0,0.0,0.0
869,True,140.470671,0.03333333507180214,0.0,1.192092895533904e-07,0.0,0.0,0.0,0.0
870,True,140.497274,0.03333333507180214,0.0,1.192092895533904e-07,0.0,0.0,0.0,0.0
871,True,141.221642,0.03333333507180214,0.0,1.192092895533904e-07,0.0,0.0,0.0,0.0
872,True,140.153362,0.03333333507180214,0.0,1.192092895533904e-07,0.0,0.0,0.0,0.0
873,True,140.217879,0.03333333507180214,0.0,1.192092895533904e-07,0.0,0.0,0.0,0.0
874,True,140.048614,0.03333333507180214,0.0,1.192092895533904e-07,0.0,0.0,0.0,0.0
875,True,139.916124,0.03333333507180214,0.0,1.192092895533904e-07,0.0,0.0,0.0,0.0
876,True,139.851958,0.03333333507180214,0.0,1.192092895533904e-07,0.0,0.0,0.0,0.0
877,True,139.271611,0.03333333507180214,0.0,1.192092895533904e-07,0.0,0.0,0.0,0.0
878,True,139.269215,0.03333333507180214,0.0,1.192092895533904e-07,0.0,0.0,0.0,0.0
879,True,141.879236,0.03333333507180214,0.0,1.192092895533904e-07,0.0,0.0,0.0,0.0
880,True,142.914408,0.03333333507180214,0.0,1.192092895533904e-07,0.0,0.0,0.0,0.0
881,True,139.412548,0.03333333507180214,0.0,1.192092895533904e-07,0.0,0.0,0.0,0.0
882,True,138.954383,0.03333333507180214,0.0,1.192092895533904e-07,0.0,0.0,0.0,0.0
883,True,140.418796,0.03333333507180214,0.0,1.192092895533904e-07,0.0,0.0,0.0,0.0
884,True,143.131713,0.03333333507180214,0.0,1.192092895533904e-07,0.0,0.0,0.0,0.0
885,True,138.119718,0.03333333507180214,0.0,1.192092895533904e-07,0.0,0.0,0.0,0.0
886,True,140.957291,0.03333333507180214,0.0,1.192092895533904e-07,0.0,0.0,0.0,0.0
887,True,141.667354,0.03333333507180214,0.0,1.192092895533904e-07,0.0,0.0,0.0,0.0
888,True,142.269898,0.03333333507180214,0.0,1.192092895533904e-07,0.0,0.0,0.0,0.0
889,True,139.195857,0.03333333507180214,0.0,1.192092895533904e-07,0.0,0.0,0.0,0.0
890,True,140.754869,0.03333333507180214,0.0,1.192092895533904e-07,0.0,0.0,0.0,0.0
891,True,139.169721,0.03333333507180214,0.0,1.192092895533904e-07,0.0,0.0,0.0,0.0
892,True,146.339858,0.03333333507180214,0.0,1.192092895533904e-07,0.0,0.0,0.0,0.0
893,True,139.390255,0.03333333507180214,0.0,1.192092895533904e-07,0.0,0.0,0.0,0.0
894,True,143.750161,0.03333333507180214,0.0,1.192092895533904e-07,0.0,0.0,0.0,0.0
895,True,137.761271,0.03333333507180214,0.0,1.192092895533904e-07,0.0,0.0,0.0,0.0
896,True,144.063438,0.03333333507180214,0.0,1.192092895533904e-07,0.0,0.0,0.0,0.0
897,True,139.446792,0.03333333507180214,0.0,1.192092895533904e-07,0.0,0.0,0.0,0.0
898,True,142.584251,0.03333333507180214,0.0,1.192092895533904e-07,0.0,0.0,0.0,0.0
899,True,141.647366,0.03333333507180214,0.0,1.192092895533904e-07,0.0,0.0,0.0,0.0
900,True,142.685537,0.03333333507180214,0.0,1.192092895533904e-07,0.0,0.0,0.0,0.0
901,True,141.650998,0.03333333507180214,0.0,1.192092895533904e-07,0.0,0.0,0.0,0.0
902,True,147.473205,0.03333333507180214,0.0,1.192092895533904e-07,0.0,0.0,0.0,0.0
903,True,172.639402,0.03333333507180214,0.0,1.192092895533904e-07,0.0,0.0,0.0,0.0
904,True,139.502226,0.03333333507180214,0.0,1.192092895533904e-07,0.0,0.0,0.0,0.0
905,True,137.35616,0.03333333507180214,0.0,1.192092895533904e-07,0.0,0.0,0.0,0.0
906,True,137.852039,0.03333333507180214,0.0,1.192092895533904e-07,0.0,0.0,0.0,0.0
907,True,142.198332,0.03333333507180214,0.0,1.192092895533904e-07,0.0,0.0,0.0,0.0
908,True,138.652401,0.03333333507180214,0.0,1.192092895533904e-07,0.0,0.0,0.0,0.0
909,True,138.986999,0.03333333507180214,0.0,1.192092895533904e-07,0.0,0.0,0.0,0.0
910,True,137.907855,0.03333333507180214,0.0,1.192092895533904e-07,0.0,0.0,0.0,0.0
911,True,140.991058,0.03333333507180214,0.0,1.192092895533904e-07,0.0,0.0,0.0,0.0
912,True,139.776324,0.03333333507180214,0.0,1.192092895533904e-07,0.0,0.0,0.0,0.0
913,True,141.807425,0.03333333507180214,0.0,1.192092895533904e-07,0.0,0.0,0.0,0.0
914,True,137.868984,0.03333333507180214,0.0,1.192092895533904e-07,0.0,0.0,0.0,0.0
915,True,145.268044,0.03333333507180214,0.0,1.192092895533904e-07,0.0,0.0,0.0,0.0
916,True,139.702347,0.03333333507180214,0.0,1.192092895533904e-07,0.0,0.0,0.0,0.0
917,True,142.096565,0.03333333507180214,0.0,1.192092895533904e-07,0.0,0.0,0.0,0.0
918,True,144.192615,0.03333333507180214,0.0,1.192092895533904e-07,0.0,0.0,0.0,0.0
919,True,144.0464,0.03333333507180214,0.0,1.192092895533904e-07,0.0,0.0,0.0,0.0
920,True,146.319939,0.03333333507180214,0.0,1.192092895533904e-07,0.0,0.0,0.0,0.0
921,True,138.508803,0.03333333507180214,0.0,1.192092895533904e-07,0.0,0.0,0.0,0.0
922,True,139.302747,0.03333333507180214,0.0,1.192092895533904e-07,0.0,0.0,0.0,0.0
923,True,140.025438,0.03333333507180214,0.0,1.192092895533904e-07,0.0,0.0,0.0,0.0
924,True,139.762889,0.03333333507180214,0.0,1.192092895533904e-07,0.0,0.0,0.0,0.0
925,True,140.864973,0.03333333507180214,0.0,1.192092895533904e-07,0.0,0.0,0.0,0.0
926,True,139.949656,0.03333333507180214,0.0,1.192092895533904e-07,0.0,0.0,0.0,0.0
927,True,139.901192,0.03333333507180214,0.0,1.192092895533904e-07,0.0,0.0,0.0,0.0
928,True,142.754172,0.03333333507180214,0.0,1.192092895533904e-07,0.0,0.0,0.0,0.0
929,True,141.523876,0.03333333507180214,0.0,1.192092895533904e-07,0.0,0.0,0.0,0.0
930,True,140.412659,0.03333333507180214,0.0,1.192092895533904e-07,0.0,0.0,0.0,0.0
931,True,139.456321,0.03333333507180214,0.0,1.192092895533904e-07,0.0,0.0,0.0,0.0
932,True,140.621503,0.03333333507180214,0.0,1.192092895533904e-07,0.0,0.0,0.0,0.0
933,True,141.140728,0.03333333507180214,0.0,1.192092895533904e-07,0.0,0.0,0.0,0.0
934,True,141.965512,0.03333333507180214,0.0,1.192092895533904e-07,0.0,0.0,0.0,0.0
935,True,139.135149,0.03333333507180214,0.0,1.192092895533904e-07,0.0,0.0,0.0,0.0
936,True,139.618002,0.03333333507180214,0.0,1.192092895533904e-07,0.0,0.0,0.0,0.0
937,True,140.781542,0.03333333507180214,0.0,1.192092895533904e-07,0.0,0.0,0.0,0.0
938,True,143.873284,0.03333333507180214,0.0,1.192092895533904e-07,0.0,0.0,0.0,0.0
939,True,139.627566,0.03333333507180214,0.0,1.192092895533904e-07,0.0,0.0,0.0,0.0
940,True,140.053357,0.03333333507180214,0.0,1.192092895533904e-07,0.0,0.0,0.0,0.0
941,True,142.728072,0.03333333507180214,0.0,1.192092895533904e-07,0.0,0.0,0.0,0.0
942,True,144.959662,0.03333333507180214,0.0,1.192092895533904e-07,0.0,0.0,0.0,0.0
943,True,140.573381,0.03333333507180214,0.0,1.192092895533904e-07,0.0,0.0,0.0,0.0
944,True,142.765592,0.03333333507180214,0.0,1.192092895533904e-07,0.0,0.0,0.0,0.0
945,True,140.246774,0.03333333507180214,0.0,1.192092895533904e-07,0.0,0.0,0.0,0.0
946,True,145.466404,0.03333333507180214,0.0,1.192092895533904e-07,0.0,0.0,0.0,0.0
947,True,140.37863,0.03333333507180214,0.0,1.192092895533904e-07,0.0,0.0,0.0,0.0
948,True,142.2684,0.03333333507180214,0.0,1.192092895533904e-07,0.0,0.0,0.0,0.0
949,True,141.373901,0.03333333507180214,0.0,1.192092895533904e-07,0.0,0.0,0.0,0.0
950,True,141.682769,0.03333333507180214,0.0,1.192092895533904e-07,0.0,0.0,0.0,0.0
951,True,142.22246,0.03333333507180214,0.0,1.192092895533904e-07,0.0,0.0,0.0,0.0
952,True,139.096058,0.03333333507180214,0.0,1.192092895533904e-07,0.0,0.0,0.0,0.0
953,True,138.587867,0.03333333507180214,0.0,1.192092895533904e-07,0.0,0.0,0.0,0.0
954,True,142.35238,0.03333333507180214,0.0,1.192092895533904e-07,0.0,0.0,0.0,0.0
955,True,138.211882,0.03333333507180214,0.0,1.192092895533904e-07,0.0,0.0,0.0,0.0
956,True,140.348337,0.03333333507180214,0.0,1.192092895533904e-07,0.0,0.0,0.0,0.0
957,True,139.069886,0.03333333507180214,0.0,1.192092895533904e-07,0.0,0.0,0.0,0.0
958,True,141.305625,0.03333333507180214,0.0,1.192092895533904e-07,0.0,0.0,0.0,0.0
959,True,138.472973,0.03333333507180214,0.0,1.192092895533904e-07,0.0,0.0,0.0,0.0
960,True,138.445421,0.03333333507180214,0.0,1.192092895533904e-07,0.0,0.0,0.0,0.0
961,True,139.291869,0.03333333507180214,0.0,1.192092895533904e-07,0.0,0.0,0.0,0.0
962,True,138.041204,0.03333333507180214,0.0,1.192092895533904e-07,0.0,0.0,0.0,0.0
963,True,139.616603,0.03333333507180214,0.0,1.192092895533904e-07,0.0,0.0,0.0,0.0
964,True,141.195755,0.03333333507180214,0.0,1.192092895533904e-07,0.0,0.0,0.0,0.0
965,True,141.326896,0.03333333507180214,0.0,1.192092895533904e-07,0.0,0.0,0.0,0.0
966,True,142.028953,0.03333333507180214,0.0,1.192092895533904e-07,0.0,0.0,0.0,0.0
967,True,138.363598,0.03333333507180214,0.0,1.192092895533904e-07,0.0,0.0,0.0,0.0
968,True,137.945209,0.03333333507180214,0.0,1.192092895533904e-07,0.0,0.0,0.0,0.0
969,True,142.513261,0.03333333507180214,0.0,1.192092895533904e-07,0.0,0.0,0.0,0.0
970,True,140.369483,0.03333333507180214,0.0,1.192092895533904e-07,0.0,0.0,0.0,0.0
971,True,139.647934,0.03333333507180214,0.0,1.192092895533904e-07,0.0,0.0,0.0,0.0
972,True,142.39136,0.03333333507180214,0.0,1.192092895533904e-07,0.0,0.0,0.0,0.0
973,True,145.970828,0.03333333507180214,0.0,1.192092895533904e-07,0.0,0.0,0.0,0.0
974,True,143.223381,0.03333333507180214,0.0,1.192092895533904e-07,0.0,0.0,0.0,0.0
975,True,142.200923,0.03333333507180214,0.0,1.192092895533904e-07,0.0,0.0,0.0,0.0
976,True,140.555216,0.03333333507180214,0.0,1.192092895533904e-07,0.0,0.0,0.0,0.0
977,True,146.013394,0.03333333507180214,0.0,1.192092895533904e-07,0.0,0.0,0.0,0.0
978,True,142.948726,0.03333333507180214,0.0,1.192092895533904e-07,0.0,0.0,0.0,0.0
979,True,143.900483,0.03333333507180214,0.0,1.192092895533904e-07,0.0,0.0,0.0,0.0
980,True,139.466551,0.03333333507180214,0.0,1.192092895533904e-07,0.0,0.0,0.0,0.0
981,True,140.937111,0.03333333507180214,0.0,1.192092895533904e-07,0.0,0.0,0.0,0.0
982,True,141.43766,0.03333333507180214,0.0,1.192092895533904e-07,0.0,0.0,0.0,0.0
983,True,142.294582,0.03333333507180214,0.0,1.192092895533904e-07,0.0,0.0,0.0,0.0
984,True,142.686288,0.03333333507180214,0.0,1.192092895533904e-07,0.0,0.0,0.0,0.0
985,True,144.773029,0.03333333507180214,0.0,1.192092895533904e-07,0.0,0.0,0.0,0.0
986,True,144.1589,0.03333333507180214,0.0,1.192092895533904e-07,0.0,0.0,0.0,0.0
987,True,144.580545,0.03333333507180214,0.0,1.192092895533904e-07,0.0,0.0,0.0,0.0
988,True,145.357451,0.03333333507180214,0.0,1.192092895533904e-07,0.0,0.0,0.0,0.0
989,True,144.099889,0.03333333507180214,0.0,1.192092895533904e-07,0.0,0.0,0.0,0.0
990,True,145.611434,0.03333333507180214,0.0,1.192092895533904e-07,0.0,0.0,0.0,0.0
991,True,141.008057,0.03333333507180214,0.0,1.192092895533904e-07,0.0,0.0,0.0,0.0
992,True,144.84762,0.03333333507180214,0.0,1.192092895533904e-07,0.0,0.0,0.0,0.0
993,True,140.340849,0.03333333507180214,0.0,1.192092895533904e-07,0.0,0.0,0.0,0.0
994,True,146.134833,0.03333333507180214,0.0,1.192092895533904e-07,0.0,0.0,0.0,0.0
995,True,144.038171,0.03333333507180214,0.0,1.192092895533904e-07,0.0,0.0,0.0,0.0
996,True,147.844744,0.03333333507180214,0.0,1.192092895533904e-07,0.0,0.0,0.0,0.0
997,True,138.45927,0.03333333507180214,0.0,1.192092895533904e-07,0.0,0.0,0.0,0.0
998,True,139.297838,0.03333333507180214,0.0,1.192092895533904e-07,0.0,0.0,0.0,0.0
999,True,138.649603,0.03333333507180214,0.0,1.192092895533904e-07,0.0,0.0,0.0,0.0
