index,rating_slot_id,role,scheduled_ms,skew_ms,max_abs_dev_ms,within_skew,within_onset,onset_ms_S1,onset_ms_S2,onset_ms_S3
1,DEMO-A-P01.K-a1.r1p1,candidate,7298,0.0,5.0,1,1,7303.0,7303.0,7303.0
2,DEMO-A-P01.K-a1.r1p1,reference,9298,6.0,3.0,1,1,9295.0,9301.0,9300.0
3,DEMO-A-P01.K-a1.r1p2,candidate,27298,0.0,1.0,1,1,27297.0,27297.0,27297.0
4,DEMO-A-P01.K-a1.r1p2,reference,29298,5.0,3.0,1,1,29300.0,29295.0,29295.0
5,DEMO-A-P01.K-a1.r1p3,candidate,47298,6.0,5.0,1,1,47303.0,47297.0,47297.0
6,DEMO-A-P01.K-a1.r1p3,reference,49298,1.0,3.0,1,1,49300.0,49300.0,49301.0
7,DEMO-A-P01.K-a1.r1p4,candidate,67298,0.0,1.0,1,1,67297.0,67297.0,67297.0
8,DEMO-A-P01.K-a1.r1p4,reference,69298,0.0,3.0,1,1,69295.0,69295.0,69295.0
9,DEMO-A-P01.K-a1.r1p5,candidate,87298,0.0,1.0,1,1,87297.0,87297.0,87297.0
10,DEMO-A-P01.K-a1.r1p5,reference,89298,0.0,2.0,1,1,89300.0,89300.0,89300.0
11,DEMO-A-P01.K-a1.r1p6,candidate,107298,0.0,1.0,1,1,107297.0,107297.0,107297.0
12,DEMO-A-P01.K-a1.r1p6,reference,109298,0.0,3.0,1,1,109295.0,109295.0,109295.0
13,DEMO-A-P01.K-a1.r1p7,candidate,127298,0.0,1.0,1,1,127297.0,127297.0,127297.0
14,DEMO-A-P01.K-a1.r1p7,reference,129298,1.0,3.0,1,1,129300.0,129300.0,129301.0
15,DEMO-A-P01.K-a1.r1p8,candidate,147298,0.0,1.0,1,1,147297.0,147297.0,147297.0
16,DEMO-A-P01.K-a1.r1p8,reference,149298,0.0,3.0,1,1,149295.0,149295.0,149295.0
17,DEMO-A-P01.K-a1.r1p9,candidate,167298,0.0,1.0,1,1,167297.0,167297.0,167297.0
18,DEMO-A-P01.K-a1.r1p9,reference,169298,1.0,3.0,1,1,169300.0,169301.0,169301.0
19,DEMO-A-P01.K-a1.r2p1,candidate,187298,6.0,5.0,1,1,187297.0,187297.0,187303.0
20,DEMO-A-P01.K-a1.r2p1,reference,189298,5.0,3.0,1,1,189295.0,189295.0,189300.0
21,DEMO-A-P01.K-a1.r2p2,candidate,207298,0.0,1.0,1,1,207297.0,207297.0,207297.0
22,DEMO-A-P01.K-a1.r2p2,reference,209298,1.0,3.0,1,1,209301.0,209300.0,209300.0
23,DEMO-A-P01.K-a1.r2p3,candidate,227298,0.0,5.0,1,1,227303.0,227303.0,227303.0
24,DEMO-A-P01.K-a1.r2p3,reference,229298,1.0,3.0,1,1,229300.0,229301.0,229301.0
25,DEMO-A-P01.K-a1.r2p4,candidate,247298,0.0,1.0,1,1,247297.0,247297.0,247297.0
26,DEMO-A-P01.K-a1.r2p4,reference,249298,5.0,3.0,1,1,249300.0,249295.0,249295.0
27,DEMO-A-P01.K-a1.r2p5,candidate,267298,6.0,5.0,1,1,267303.0,267297.0,267297.0
28,DEMO-A-P01.K-a1.r2p5,reference,269298,0.0,2.0,1,1,269300.0,269300.0,269300.0
29,DEMO-A-P01.K-a1.r2p6,candidate,287298,0.0,1.0,1,1,287297.0,287297.0,287297.0
30,DEMO-A-P01.K-a1.r2p6,reference,289298,0.0,3.0,1,1,289295.0,289295.0,289295.0
31,DEMO-A-P01.K-a1.r2p7,candidate,307298,0.0,1.0,1,1,307297.0,307297.0,307297.0
32,DEMO-A-P01.K-a1.r2p7,reference,309298,1.0,3.0,1,1,309300.0,309300.0,309301.0
33,DEMO-A-P01.K-a1.r2p8,candidate,327298,0.0,1.0,1,1,327297.0,327297.0,327297.0
34,DEMO-A-P01.K-a1.r2p8,reference,329298,0.0,3.0,1,1,329295.0,329295.0,329295.0
35,DEMO-A-P01.K-a1.r2p9,candidate,347298,0.0,1.0,1,1,347297.0,347297.0,347297.0
36,DEMO-A-P01.K-a1.r2p9,reference,349298,1.0,3.0,1,1,349301.0,349300.0,349300.0
37,DEMO-A-P01.K-a1.r3p1,candidate,367298,0.0,1.0,1,1,367297.0,367297.0,367297.0
38,DEMO-A-P01.K-a1.r3p1,reference,369298,1.0,4.0,1,1,369295.0,369295.0,369294.0
39,DEMO-A-P01.K-a1.r3p2,candidate,387298,0.0,1.0,1,1,387297.0,387297.0,387297.0
40,DEMO-A-P01.K-a1.r3p2,reference,389298,0.0,2.0,1,1,389300.0,389300.0,389300.0
41,DEMO-A-P01.K-a1.r3p3,candidate,407298,6.0,5.0,1,1,407297.0,407303.0,407303.0
42,DEMO-A-P01.K-a1.r3p3,reference,409298,6.0,3.0,1,1,409295.0,409301.0,409300.0
43,DEMO-A-P01.K-a1.r3p4,candidate,427298,0.0,1.0,1,1,427297.0,427297.0,427297.0
44,DEMO-A-P01.K-a1.r3p4,reference,429298,5.0,3.0,1,1,429300.0,429300.0,429295.0
45,DEMO-A-P01.K-a1.r3p5,candidate,447298,6.0,5.0,1,1,447303.0,447303.0,447297.0
46,DEMO-A-P01.K-a1.r3p5,reference,449298,1.0,3.0,1,1,449301.0,449300.0,449301.0
47,DEMO-A-P01.K-a1.r3p6,candidate,467298,0.0,1.0,1,1,467297.0,467297.0,467297.0
48,DEMO-A-P01.K-a1.r3p6,reference,469298,0.0,3.0,1,1,469295.0,469295.0,469295.0
49,DEMO-A-P01.K-a1.r3p7,candidate,487298,0.0,1.0,1,1,487297.0,487297.0,487297.0
50,DEMO-A-P01.K-a1.r3p7,reference,489298,1.0,3.0,1,1,489301.0,489300.0,489301.0
51,DEMO-A-P01.K-a1.r3p8,candidate,507298,0.0,1.0,1,1,507297.0,507297.0,507297.0
52,DEMO-A-P01.K-a1.r3p8,reference,509298,0.0,3.0,1,1,509295.0,509295.0,509295.0
53,DEMO-A-P01.K-a1.r3p9,candidate,527298,0.0,1.0,1,1,527297.0,527297.0,527297.0
54,DEMO-A-P01.K-a1.r3p9,reference,529298,1.0,3.0,1,1,529301.0,529300.0,529300.0
55,DEMO-A-P01.K-a1.r4p1,candidate,547298,0.0,1.0,1,1,547297.0,547297.0,547297.0
56,DEMO-A-P01.K-a1.r4p1,reference,549298,0.0,3.0,1,1,549295.0,549295.0,549295.0
57,DEMO-A-P01.K-a1.r4p2,candidate,567298,0.0,1.0,1,1,567297.0,567297.0,567297.0
58,DEMO-A-P01.K-a1.r4p2,reference,569298,1.0,3.0,1,1,569301.0,569300.0,569300.0
59,DEMO-A-P01.K-a1.r4p3,candidate,587298,0.0,1.0,1,1,587297.0,587297.0,587297.0
60,DEMO-A-P01.K-a1.r4p3,reference,589298,0.0,3.0,1,1,589295.0,589295.0,589295.0
61,DEMO-A-P01.K-a1.r4p4,candidate,607298,0.0,1.0,1,1,607297.0,607297.0,607297.0
62,DEMO-A-P01.K-a1.r4p4,reference,609298,1.0,3.0,1,1,609300.0,609301.0,609301.0
63,DEMO-A-P01.K-a1.r4p5,candidate,627298,6.0,5.0,1,1,627297.0,627303.0,627303.0
64,DEMO-A-P01.K-a1.r4p5,reference,629298,6.0,3.0,1,1,629295.0,629301.0,629300.0
65,DEMO-A-P01.K-a1.r4p6,candidate,647298,0.0,1.0,1,1,647297.0,647297.0,647297.0
66,DEMO-A-P01.K-a1.r4p6,reference,649298,5.0,3.0,1,1,649300.0,649295.0,649295.0
67,DEMO-A-P01.K-a1.r4p7,candidate,667298,6.0,5.0,1,1,667303.0,667303.0,667297.0
68,DEMO-A-P01.K-a1.r4p7,reference,669298,0.0,2.0,1,1,669300.0,669300.0,669300.0
69,DEMO-A-P01.K-a1.r4p8,candidate,687298,0.0,1.0,1,1,687297.0,687297.0,687297.0
70,DEMO-A-P01.K-a1.r4p8,reference,689298,0.0,3.0,1,1,689295.0,689295.0,689295.0
71,DEMO-A-P01.K-a1.r4p9,candidate,707298,0.0,1.0,1,1,707297.0,707297.0,707297.0
72,DEMO-A-P01.K-a1.r4p9,reference,709298,1.0,3.0,1,1,709301.0,709300.0,709300.0
