sequence,bank_id,role,dyad_slot,bank_version,status,assignable,generation_config_sha256,config_matches_freeze,attempts,attempt_used,slots_attempt_used,max_slots_per_attempt,slots_total,crashed_versions,crashed_slots,verify,verify_report_sha256,bank_sha256
1,DEMO-C001,main,B-C01,1.0.0,complete,1,c689f6cedf6b0e9dc8cb48d8307ad9b3e2965382245598a5e64be82f68663519,1,1,1,192,192,192,0,0,ok,a2c44650999d2e4dc64cac9c0071a67eaf588f2180810d724455afecf508463e,a09096226d96d0f2925e694cda23fdd44acf30f4098fefbb8db0777c5d882200
2,DEMO-C002,main,B-C02,1.0.0,complete,1,c689f6cedf6b0e9dc8cb48d8307ad9b3e2965382245598a5e64be82f68663519,1,1,1,192,192,192,0,0,ok,06032666011d59070e5e14351fe326e415c54848d70f627aa8303977cb3565ac,8df1f66cae32113f2121b73951b5786fdab17a0749bcfb512e3f358e6b2ce93f
3,DEMO-C003,main,B-C03,1.0.0,complete,1,c689f6cedf6b0e9dc8cb48d8307ad9b3e2965382245598a5e64be82f68663519,1,1,1,193,193,193,0,0,ok,ba8e60813eb3a2b696bfd3fb03e9d6cab4d0b7306d293b03d84205ecf7ca8786,ed759e45534540058dab18cc6da7770bf7b7dd2d428692ea093d724dc94863c1
4,DEMO-C004,main,B-C04,1.0.0,complete,1,c689f6cedf6b0e9dc8cb48d8307ad9b3e2965382245598a5e64be82f68663519,1,1,1,192,192,192,0,0,ok,6784f8fd95574113c7b2ebe010df13096b6a0ada92aba45114bc7e76570a82c0,3ac6bb3813dd29278b533af4ae928f23f4d71d37cfc88d51cd6a755732ac6fb1
5,DEMO-C005,main,B-C05,1.0.0,complete,1,c689f6cedf6b0e9dc8cb48d8307ad9b3e2965382245598a5e64be82f68663519,1,1,1,192,192,192,0,0,ok,9d4ee5bc6f49da4d1214d8a5d06fe77659446f90f95acb8910988f348da6e40f,933e5aa2d6d00510d55e3566492ab51461ab78916d71a1506fb840ef35c0e192
6,DEMO-C006,main,B-C06,1.0.0,complete,1,c689f6cedf6b0e9dc8cb48d8307ad9b3e2965382245598a5e64be82f68663519,1,1,1,192,192,192,0,0,ok,cb8ea67a832063f76bbdccd6ba1144b962e4c9880243bd98b597ee1f7ce26cf7,4890aef771a3cf10162d0d7555a3ba241838990dd47149fe05c4fe4f4efb378f
7,DEMO-C007,main,B-C07,1.0.0,unavailable,0,c689f6cedf6b0e9dc8cb48d8307ad9b3e2965382245598a5e64be82f68663519,1,4,,,12,48,0,0,ok,da437fb427ce08408df35702ef15270ce6da517ac20f35829f9d6450282eef31,7ed6df80a016b47e61946f75f9b2f09ca791fdcaf722e163545257e03d8c00e5
8,DEMO-C008,main,B-C08,1.0.0,complete,1,c689f6cedf6b0e9dc8cb48d8307ad9b3e2965382245598a5e64be82f68663519,1,1,1,192,192,192,0,0,ok,48a130ee63aa5f22140694e7830baafe67e630bd8777a9d6fdd9aa8ba9562366,5c1fa08215b516a1adb43540cb3d51e2f821d3ca0a03d036f2f5c2c616e33c30
9,DEMO-C009,main,B-C09,1.0.0,complete,1,c689f6cedf6b0e9dc8cb48d8307ad9b3e2965382245598a5e64be82f68663519,1,1,1,192,192,192,0,0,ok,203059b2e9bf38ebde6783598aa7ad6ea09bf11dcce3ea863c1707db5260cad9,61263d9a08a5fbe53e3f3c4c404048b2f2489dd6a49278eabae4ec9a9710042e
10,DEMO-C010,main,B-C10,1.0.0,complete,1,c689f6cedf6b0e9dc8cb48d8307ad9b3e2965382245598a5e64be82f68663519,1,1,1,193,193,193,0,0,ok,800d8dafbc348203f4070ecc610c1201c547e6e00640378af81258623c5e5dfc,2931632bba709a375b1440c15c96a0dec11347cb688f3e7a4d91d9d053974123
11,DEMO-C011,main,B-C11,1.0.0,complete,1,c689f6cedf6b0e9dc8cb48d8307ad9b3e2965382245598a5e64be82f68663519,1,1,1,192,192,192,0,0,ok,1af7dd76a30ddb272d3928165d9e33a46e1cb7d22898dc982d3f4ced7d5bbae1,6366aa4d367fc565eb22bf2c8980c77b6d2f159c3624025a7d122b3c392f1d93
12,DEMO-C012,main,B-C12,1.0.0,complete,1,c689f6cedf6b0e9dc8cb48d8307ad9b3e2965382245598a5e64be82f68663519,1,1,1,192,192,192,0,0,ok,47fb4e1573a6192f52538af88602e40f75df6952a6ddc86fe9f0866763d4fabb,b9d409306ae450700d26003a8f43ee9f573c03cfc492cfda09677deb8e70dc3f
13,DEMO-C013,main,B-C13,1.0.0,complete,1,c689f6cedf6b0e9dc8cb48d8307ad9b3e2965382245598a5e64be82f68663519,1,1,1,192,192,192,0,0,ok,1038148182be0c8fa5ceb4a85a9324647c31224949e4e45ba504c1d56b7a054b,dc2f0555f9923006c8e0d627d515b956355a8296de3fbef5655ba27c7eca2a89
14,DEMO-C014,main,B-C14,1.0.0,complete,1,c689f6cedf6b0e9dc8cb48d8307ad9b3e2965382245598a5e64be82f68663519,1,1,1,192,192,192,0,0,ok,fe14804aa3dc5a4f96e54174fa4630b7945555ef61032550098fcd8cbd6cb813,6fee9b2e5d3541dfb52c63d7f5f9ea8750ed3f8e314846d49a594af0de33f160
15,DEMO-C015,main,B-C15,1.0.0,complete,1,c689f6cedf6b0e9dc8cb48d8307ad9b3e2965382245598a5e64be82f68663519,1,1,1,192,192,192,0,0,ok,5330a868affb024bdabb258e42a73118892199e3119546a8ffc17f62b4a87eae,3a77381e47ca81972d2094d2bac82959953a167be73ebf12c9dc99b6ccfed320
16,DEMO-C016,main,B-C16,1.0.0,complete,1,c689f6cedf6b0e9dc8cb48d8307ad9b3e2965382245598a5e64be82f68663519,1,1,1,192,192,192,0,0,ok,94d15dabdc264077260668649b4b592dac872233b7e0220ddac924325addec1d,48c8627f6e81d59d10c16ed58b1915663ba0221f6e5ca79ae0049a1ee108b553
17,DEMO-C017,main,B-C17,1.0.0,complete,1,c689f6cedf6b0e9dc8cb48d8307ad9b3e2965382245598a5e64be82f68663519,1,1,1,192,192,192,0,0,ok,51eec28d0b44543fc133255609953e164562ac794b674a11830f2b6d7fae3d85,b890856d65e2a06e422bbad22636c31fa1d3bbaf2b48776d78832676797c083f
18,DEMO-C018,main,B-C18,1.0.0,complete,1,c689f6cedf6b0e9dc8cb48d8307ad9b3e2965382245598a5e64be82f68663519,1,1,1,192,192,192,0,0,ok,cfec39c9bb981a9190543a9576e7f61b28a8a1431264beb97c1fdf6c9e9c15b3,0af27656e66521bbc8abdfd44d1a7dcc3f4ec5a9c060bd32286a4c5c87a9106a
19,DEMO-C019,main,B-C19,1.0.0,complete,1,c689f6cedf6b0e9dc8cb48d8307ad9b3e2965382245598a5e64be82f68663519,1,1,1,192,192,192,0,0,ok,b9e3f497405d600c1f90b7de979e6a111e93b9034726b8594a1f40276bbea0e2,ad8b5cde93a29e4f0228248dff1fa592c80af679affcda87c9015b806b1f48cc
20,DEMO-C020,main,B-C20,1.0.0,complete,1,c689f6cedf6b0e9dc8cb48d8307ad9b3e2965382245598a5e64be82f68663519,1,1,1,192,192,192,0,0,ok,fdb90a48634fee093196c4b1c548eac1c819d82d9791f7a119b839f9aac03ca2,ef605cc5fb59a0e94d042cb28cf2058359de395f297716f8d19c01d2c8f0b2c3
21,DEMO-C021,main,B-C21,1.0.0,complete,1,c689f6cedf6b0e9dc8cb48d8307ad9b3e2965382245598a5e64be82f68663519,1,1,1,192,192,192,0,0,ok,a6392be4e37b1deb6dbeef6b8ef15bc482c309d397a042e0bb705de068638b4f,d00d180bf6c3cbc4aa57f761bc9bf56888cc81cb1977c661d7d719d306ec2bff
22,DEMO-C022,main,B-C22,1.0.0,complete,1,c689f6cedf6b0e9dc8cb48d8307ad9b3e2965382245598a5e64be82f68663519,1,1,1,192,192,192,0,0,ok,04b07a4c39a30a9be9e40ec11bf7d65e6e436b0e8b5a54e391ea815772b0e977,462e3e711dad6cadd646813d1725aaf0fd24e39b9161c2f734cf686c299a3363
23,DEMO-C023,main,B-C23,1.0.0,complete,1,c689f6cedf6b0e9dc8cb48d8307ad9b3e2965382245598a5e64be82f68663519,1,1,1,192,192,192,0,0,ok,1f108d83568a64095bc50d59f40d680721dfc862904e8aa8726d16bf4cc2f806,5c568fa996cb14756177c716613cce936d3d9cfd1e75a9363e1838e164f84daf
24,DEMO-C024,main,B-C24,1.0.0,complete,1,c689f6cedf6b0e9dc8cb48d8307ad9b3e2965382245598a5e64be82f68663519,1,1,1,192,192,192,0,0,ok,09b02a37e091975c8965ead1a95c2e90e1f3b19c9b2ffe0cf00a420efe96e819,a81f01c412160eaafcc0dce1895a4cece13140fa00818daa858c5ef57f7c43dc
25,DEMO-C025,main,B-C25,1.0.0,complete,1,c689f6cedf6b0e9dc8cb48d8307ad9b3e2965382245598a5e64be82f68663519,1,1,1,192,192,192,0,0,ok,0809ceb1a396800ebd9f83741bb518d27c5ad3f582706588ae000e43c218c19c,ba488c99da72f120b8c1996111bfa7ae91f3ebd48e8ed0646624e55b485a068b
26,DEMO-C026,main,B-C26,1.0.0,complete,1,c689f6cedf6b0e9dc8cb48d8307ad9b3e2965382245598a5e64be82f68663519,1,1,1,192,192,192,0,0,ok,47e37d9e0aa3f448be9f55008339bd60a1ab218f908ba6f468facb76cd7c2e8c,7e7b09b287224d0731a68f141c2a77f41218e8299449b821df4b5e1747763d72
27,DEMO-C027,main,B-C27,1.0.0,complete,1,c689f6cedf6b0e9dc8cb48d8307ad9b3e2965382245598a5e64be82f68663519,1,1,1,192,192,192,0,0,ok,abdc29cb462f33664e296844acca62f1dcb1ab324a6d5a4907dc4732028c5f32,9a99e94d958a60d11921138ebf2f277289dc94b6fe83dc5bb82d09f9f095dead
28,DEMO-C028,main,B-C28,1.0.0,complete,1,c689f6cedf6b0e9dc8cb48d8307ad9b3e2965382245598a5e64be82f68663519,1,1,1,192,192,192,0,0,ok,129987d1d40efbf0ab822bfc5f9a9f84e42accdec36770469856d102573f81d2,c2dce788287f80a1cf74be58305872ec5ef9f2328937ee56f34c73411007f51c
29,DEMO-C029,main,B-C29,1.0.0,complete,1,c689f6cedf6b0e9dc8cb48d8307ad9b3e2965382245598a5e64be82f68663519,1,1,1,192,192,192,0,0,ok,fc22ac18b20dbda9b75cb10b6369620de4a481e3f958c85c935c9326f85a06d0,7061bf22957b117c209912072052d23dcab5c779b0f7c3478a9c89c1c08da273
30,DEMO-C030,main,B-C30,1.0.0,unavailable,0,c689f6cedf6b0e9dc8cb48d8307ad9b3e2965382245598a5e64be82f68663519,1,4,,,12,48,0,0,ok,d0c71e489d43b3c0fbbba48b41c947965c0c23b5c8dc4fd7585f9338884282e7,b679926c28a7728000c4c8f386eda2e49abc3d1836b5151daf630d3c1ca4bc08
31,DEMO-C031,main,B-C31,1.0.0,complete,1,c689f6cedf6b0e9dc8cb48d8307ad9b3e2965382245598a5e64be82f68663519,1,1,1,192,192,192,0,0,ok,c5a0486284a1964790408635762403fa78741751ca412cf46f56d3889efdb059,c1721700298579860f3744093d79db0f1e2d64c5d0264d340e98d60d1edd9f0a
32,DEMO-C032,main,B-C32,1.0.0,complete,1,c689f6cedf6b0e9dc8cb48d8307ad9b3e2965382245598a5e64be82f68663519,1,1,1,192,192,192,0,0,ok,feb617cae9d70895c89ab24c29a18674423f6a0374c91aff52d696c699a5aaab,4457969798892861ca161cedec4c8bf79dde38acb3b5be5e36211ad10a0de031
33,DEMO-C033,main,B-C33,1.0.0,complete,1,c689f6cedf6b0e9dc8cb48d8307ad9b3e2965382245598a5e64be82f68663519,1,1,1,192,192,192,0,0,ok,768c0254cec12ce2cee1989ebb0fde329ef23199e839da687506c48ff5332913,4fe0d65894ada4edf7c8f5e5927194127074dcb9ffd3ad38b1b5bc8486399456
34,DEMO-C034,main,B-C34,1.0.0,complete,1,c689f6cedf6b0e9dc8cb48d8307ad9b3e2965382245598a5e64be82f68663519,1,1,1,192,192,192,0,0,ok,1369f5fa9f6d59c188086326a0694035f2241d98aebede0a1d9c8d2f63011785,0a3f3756767e7ba2233f0abd95bd9c7b5196739b10145a28c4f077aeeb89fa6c
35,DEMO-C035,main,B-C35,1.0.0,complete,1,c689f6cedf6b0e9dc8cb48d8307ad9b3e2965382245598a5e64be82f68663519,1,1,1,192,192,192,0,0,ok,52d2a59b6fc24149645b68baf275cf127cc170bddae545da23d0675a9dd95743,483507940072d23786b7e0e8faf3ffb8e3bb5cbfc01a42edd6041ac5fc7e07a3
36,DEMO-C036,main,B-C36,1.0.0,complete,1,c689f6cedf6b0e9dc8cb48d8307ad9b3e2965382245598a5e64be82f68663519,1,1,1,192,192,192,0,0,ok,84e0530251c4a19137a9f77133bd922f69ae588c247935a81b5e3b40593ad818,a4773ed40299f60f2feb9af81caf154e90a30c2a771b8406c1fbcd84bbdad3e8
37,DEMO-C037,main,B-C37,1.0.0,complete,1,c689f6cedf6b0e9dc8cb48d8307ad9b3e2965382245598a5e64be82f68663519,1,1,1,192,192,192,0,0,ok,dd0a0df0e6b2a0e3d1fc263db2606a6c762726c00fb494ffa5e4f83900687970,e69ce8fde39c19a97579cf5a70ab4a38fb3ea3e6bf9a1c278c531ec89fdbdbac
38,DEMO-C038,main,B-C38,1.0.0,complete,1,c689f6cedf6b0e9dc8cb48d8307ad9b3e2965382245598a5e64be82f68663519,1,1,1,192,192,192,0,0,ok,3793899f871a15fbaeb5c3b893ea396b9be58d2bba60267d6a758c571f3b4ebd,cc6676b3adee12334d1fc321c42df07e4bda01d02bbacd068b02ea8185890366
39,DEMO-C039,main,B-C39,1.0.0,complete,1,c689f6cedf6b0e9dc8cb48d8307ad9b3e2965382245598a5e64be82f68663519,1,1,1,192,192,192,0,0,ok,30fc8228b498c25c3d0070af943c1eb3ec13599a71249f7ea372ffb7f980adbd,49490002382fe20217e5e2ff85d276743c5e2d4af2884ec20805039e081ddb1b
40,DEMO-C040,main,B-C40,1.0.0,complete,1,c689f6cedf6b0e9dc8cb48d8307ad9b3e2965382245598a5e64be82f68663519,1,1,1,192,192,192,0,0,ok,a5675729be73cac42a98aac9656274c05575447590fb1a9a2a4ed877abeb38bd,f0fec94b8ecce34b97ddc59c12f7d1c1d4ed650d8bb7040dfdbbaf6fb759bc2a
41,DEMO-C041,main,B-C41,1.0.0,complete,1,c689f6cedf6b0e9dc8cb48d8307ad9b3e2965382245598a5e64be82f68663519,1,1,1,192,192,192,0,0,ok,6ec8d4ef16c550e9b49d6706638a66d8576c7b911219ebd37b54a5226a8a9002,3ccc0a4013aff778b16fd3d5e7d321379fad6ba7276c2f64fcc99c7f886967a7
42,DEMO-C042,main,B-C42,1.0.0,complete,1,c689f6cedf6b0e9dc8cb48d8307ad9b3e2965382245598a5e64be82f68663519,1,1,1,192,192,192,0,0,ok,ad22ee812d3b43437263ab8a3ae0baa37042d8b47980a27e33ae52ebd1357ea0,a1bd6d61c6a06fd11634a758e5d6ad1ebefd153ac7e77219954719556a1438bc
43,DEMO-C043,main,B-C43,1.0.0,complete,1,c689f6cedf6b0e9dc8cb48d8307ad9b3e2965382245598a5e64be82f68663519,1,1,1,192,192,192,0,0,ok,3fc0b4afd33ffc6036e76fae3425bbc296cd14cc9aa12e704ae0772376807975,19fe7c7b8e266de29d659ae22151de39d8e202d0d7c7013fba3150604191d7dc
44,DEMO-C044,main,B-C44,1.0.0,complete,1,c689f6cedf6b0e9dc8cb48d8307ad9b3e2965382245598a5e64be82f68663519,1,1,1,193,193,193,0,0,ok,6c0da4d3044969e26188643a8064846f6645c96bf46f62a06b89a62815b5e279,10c7c99d4d3b5efdd6a5623b1eb7ecf1ad26978799e5738e9d28f57c2e8452ee
45,DEMO-C045,main,B-C45,1.0.0,complete,1,c689f6cedf6b0e9dc8cb48d8307ad9b3e2965382245598a5e64be82f68663519,1,1,1,192,192,192,0,0,ok,fc391586ad2f0ea581f89901c93d3393f8a8624c96722bc33970fc68ad409bbe,d3abc4a2dd5b45919540858d19430f924d60f06f356500994a6490701d50427e
46,DEMO-C046,main,B-C46,1.0.0,complete,1,c689f6cedf6b0e9dc8cb48d8307ad9b3e2965382245598a5e64be82f68663519,1,1,1,192,192,192,0,0,ok,ac3a39e32e49783741806822c9711ecac2f72a0e028522307360778667ba92c0,da02df1d3100982615d66e5d429cc20255b96cbeab2089b0519795e75f96aacc
47,DEMO-C047,main,B-C47,1.0.0,complete,1,c689f6cedf6b0e9dc8cb48d8307ad9b3e2965382245598a5e64be82f68663519,1,1,1,192,192,192,0,0,ok,937892553db9c93fcefbcece467ba2b3ca2522afc8dd8511b42177579a32f7a1,d9d72b92be20b0c50deebc979cc12ac91aa20c041d7cd9513cb0f02673b45939
48,DEMO-C048,main,B-C48,1.0.0,complete,1,c689f6cedf6b0e9dc8cb48d8307ad9b3e2965382245598a5e64be82f68663519,1,1,1,192,192,192,0,0,ok,ec0eff88af364e6fffcc5583a8a993fcb25315332afb58432ce4fdf4b29bb334,a66b8e04583f692ab24cc63a8f8f5fe359944c206f81a6083fa8243d9f7e5058
49,DEMO-C049,main,B-C49,1.0.0,complete,1,c689f6cedf6b0e9dc8cb48d8307ad9b3e2965382245598a5e64be82f68663519,1,1,1,192,192,192,0,0,ok,2ceb0885112124c8cb39756fe6f1eef9062af4fa6d0bc0691ee17fa9750c134b,698ac92729eda2715642e2f22eb3d35033b0238faa39d779f559f66266750ae6
50,DEMO-C050,main,B-C50,1.0.0,complete,1,c689f6cedf6b0e9dc8cb48d8307ad9b3e2965382245598a5e64be82f68663519,1,1,1,192,192,192,0,0,ok,7f975ad4ff9062bbbf71980de6b9381b94068d775399545c96344d32234cb4c3,5d54462b7e1f1995ce4738c4e6868f5d3ab62fdf6cea1065d1120221b550b807
51,DEMO-C051,main,B-C51,1.0.0,complete,1,c689f6cedf6b0e9dc8cb48d8307ad9b3e2965382245598a5e64be82f68663519,1,1,1,192,192,192,0,0,ok,1cea7f1033a29156fd4b723f7729853bd5d9a0806f9a25f6b9c1bb2ce7ff6f75,d67d59253c77a06c422e9ad766feafc1c34fc451726752f2b14995eb541697ff
52,DEMO-C052,main,B-C52,1.0.0,complete,1,c689f6cedf6b0e9dc8cb48d8307ad9b3e2965382245598a5e64be82f68663519,1,1,1,192,192,192,0,0,ok,213fa141084310368b927296166a4adfe011aa19fb818ed211eef9b5728dd888,fc5c9a504ce5c6e44cff45132f5aa79a5e7020cb39a97356b53f5bf7df7354f7
53,DEMO-C053,main,B-C53,1.0.0,complete,1,c689f6cedf6b0e9dc8cb48d8307ad9b3e2965382245598a5e64be82f68663519,1,1,1,192,192,192,0,0,ok,7b76e4a7dd473a1a9f8e3c9de0b471f317511538ff3ccb14dc91d160691437c5,4ef0ddbb92e45469aed432bf5272f1457381596fa2c10db219ede780f33cb522
54,DEMO-C054,main,B-C54,1.0.0,complete,1,c689f6cedf6b0e9dc8cb48d8307ad9b3e2965382245598a5e64be82f68663519,1,1,1,192,192,192,0,0,ok,dcafcad253ee37a2f764788d647a060c0222adf11af9e268924179c21f3cb552,7e0253ac52dc2445e5c8d4e9f15ea9c48c9c91b76e2175fa97bc250f081d5c96
55,DEMO-C055,main,B-C55,1.0.0,complete,1,c689f6cedf6b0e9dc8cb48d8307ad9b3e2965382245598a5e64be82f68663519,1,1,1,192,192,192,0,0,ok,b09c1c2ef715dae34ac062cc155a4826aed809b12673791654c38237bb7ad1d3,55ed574a28a79f04687cfa2aa28a227f6f2ac55ab84a42e37157bfbeac046da2
56,DEMO-C056,main,B-C56,1.0.0,complete,1,c689f6cedf6b0e9dc8cb48d8307ad9b3e2965382245598a5e64be82f68663519,1,1,1,192,192,192,0,0,ok,2db8aa5b5d43feb9827c5233313a987c96de7deba00b15ed6c8e447067479670,8d6ee8f135ef0e1a19c1287444fa476664d0946780fefd2531e933d48744e0b5
57,DEMO-C057,main,B-C57,1.0.0,complete,1,c689f6cedf6b0e9dc8cb48d8307ad9b3e2965382245598a5e64be82f68663519,1,1,1,192,192,192,0,0,ok,ea3a65ec2fbc4c60d2bdac4cba40997d4ec10a45d9a46b1697447ceda5f7eceb,85ba311198b5c250ad4efdea7cfd58b49327dd2dae083410712c526477ca954f
58,DEMO-C058,main,B-C58,1.0.0,complete,1,c689f6cedf6b0e9dc8cb48d8307ad9b3e2965382245598a5e64be82f68663519,1,1,1,192,192,192,0,0,ok,318691c06f94ea7496d43ddc6601d3ac9295edd7936b5d70a56eb522516c1b14,17a0ef309dc68ccfc3cc233ba72c24c551efd3067f34c9b39bab2507a8c955fb
59,DEMO-C059,main,B-C59,1.0.0,complete,1,c689f6cedf6b0e9dc8cb48d8307ad9b3e2965382245598a5e64be82f68663519,1,1,1,192,192,192,0,0,ok,c84aa198dbca2d5ee0856d8e8f4a978010695bd4c575370d925db8179bebbb15,1158b28e9ca1fa6a14aa4c7177de355c9854cef7fa83a20329c54938043e8825
60,DEMO-C060,main,B-C60,1.0.0,complete,1,c689f6cedf6b0e9dc8cb48d8307ad9b3e2965382245598a5e64be82f68663519,1,1,1,192,192,192,0,0,ok,7eec96c3a1c48abf8ca8460094b0b5cd9cf9801df998ee360810df82eb8a2000,a6e4574c05b02cafa7a0622903e5e949ade363c25326e3d26efd7c843876c3e2
61,DEMO-C061,main,B-C61,1.0.0,complete,1,c689f6cedf6b0e9dc8cb48d8307ad9b3e2965382245598a5e64be82f68663519,1,1,1,192,192,192,0,0,ok,690020a5bcc5e463750ddff608b18957abdcf97093c11f1005285219fcd8e139,0a6f8abcd14c8488ea590e1db35594072ab9cbef372bd2f52a9d31940b11fed8
62,DEMO-C062,main,B-C62,1.0.0,complete,1,c689f6cedf6b0e9dc8cb48d8307ad9b3e2965382245598a5e64be82f68663519,1,1,1,192,192,192,0,0,ok,e41a882d1ea4c7573a339f18d499257abf34f7605d2aaa5f2b5adbf7a4c256a6,d33705d8b2e4a84452efd67d24d64ae53ba945900b80605bcfc1edb9bb27f07d
63,DEMO-C063,main,B-C63,1.0.0,complete,1,c689f6cedf6b0e9dc8cb48d8307ad9b3e2965382245598a5e64be82f68663519,1,1,1,192,192,192,0,0,ok,5fa793aa47f3b025a1eddfab6d69d8e09be0412a7e65243086022cd1c38c1f93,11491bd4d781d34e3fb8d1b1f2b6b283de9aaffd3576e0733d0f0f53efaf20e0
64,DEMO-C064,main,B-C64,1.0.0,complete,1,c689f6cedf6b0e9dc8cb48d8307ad9b3e2965382245598a5e64be82f68663519,1,1,1,192,192,192,0,0,ok,dd9db4fa2682d75fea3bbc512046a5c7af266f65656f259668e7d32b23936c6a,4b07d5325d25fb3838b73a0719b2ad65408cabebff37626a367fb94f96af0eb4
65,DEMO-C065,spare,B-S01,1.0.0,complete,1,c689f6cedf6b0e9dc8cb48d8307ad9b3e2965382245598a5e64be82f68663519,1,1,1,192,192,192,0,0,ok,2be8d2aade62b01e2d78e44845a3af7fb1b2ce8153824d4758dd3c022e6ab1ba,f63e797602e6cec0e38a4aaddd17f90bc3b280efbbcb49f110c8511faec8827d
66,DEMO-C066,spare,B-S02,1.0.0,complete,1,c689f6cedf6b0e9dc8cb48d8307ad9b3e2965382245598a5e64be82f68663519,1,1,1,192,192,192,0,0,ok,a886dfa650816aa95831683962651c871e52b585d7c83e924622675cca4da440,1e36072ce181c9679f3216028dc4bdb4eee35c7a4438995c697983d9790e7571
67,DEMO-C067,spare,B-S03,1.0.0,complete,1,c689f6cedf6b0e9dc8cb48d8307ad9b3e2965382245598a5e64be82f68663519,1,1,1,192,192,192,0,0,ok,6fb8dc6623e21a667d6c8ba56c044bb9bca572c2abbf1ac81e592a3ef273e43d,f80a3a8c6f1ff2eeda37c1c76293113a8f074a2deb7038ac606436c226db81af
68,DEMO-C068,spare,B-S04,1.0.0,complete,1,c689f6cedf6b0e9dc8cb48d8307ad9b3e2965382245598a5e64be82f68663519,1,1,1,192,192,192,0,0,ok,ad122fb30a0c845ee5c9ff300275cd90c32195f123d739c075fc33979a6ffba8,7da0bbeaee59e102cc127e5e8e4baed52c7120d6c8c0470293c12113956af2b1
69,DEMO-C069,spare,B-S05,1.0.0,complete,1,c689f6cedf6b0e9dc8cb48d8307ad9b3e2965382245598a5e64be82f68663519,1,1,1,192,192,192,0,0,ok,e01aa208cc890cd98efccb69d9d825811b2d4abb23857abfe0845f984a23e8cb,3b2a91ca80c1a8ee33e2d4a5302eb02e1a1d7db34dbc87890af4aa46614144ab
70,DEMO-C070,spare,B-S06,1.0.0,unavailable,0,c689f6cedf6b0e9dc8cb48d8307ad9b3e2965382245598a5e64be82f68663519,1,4,,,12,48,0,0,ok,ab4ccc241cfe328e129ffaf5565521601282b974b30f84337976b79f12596fe9,16ec2a82e2a4f0a1781f704ca421fbe0b1f7b2e6fd865aebe68b21c8f7ce0fb8
71,DEMO-C071,spare,B-S07,1.0.0,complete,1,c689f6cedf6b0e9dc8cb48d8307ad9b3e2965382245598a5e64be82f68663519,1,1,1,192,192,192,0,0,ok,ad744afe43b241ef6bd8f1b385d8871b7d270067523d2b81fe8e1193d525940f,df9bda41e40341f989b48c1920574c219e676b548b05374ff6d24f3b9c816e3d
72,DEMO-C072,spare,B-S08,1.0.0,complete,1,c689f6cedf6b0e9dc8cb48d8307ad9b3e2965382245598a5e64be82f68663519,1,1,1,192,192,192,0,0,ok,1eb1e573b2e916a48e818455592ce76b6f0dda3ab509a87a8857318efc4ec20b,0a4c9eefca2e5f936b78ea514b7b095c01f6aea46a586c55690728818b201b3b
