bank_id,bank_version,status,attempts,slots,wall_ms,slots_per_minute,wall_estimated,latency_ms_p50,latency_ms_p95,latency_ms_max,slot_ms_p50,slot_ms_p95,slot_ms_max,slots_over_cap,llm_server_errors,llm_timeouts,started_utc,ended_utc
DEMO-C001,1.0.0,complete,1,192,99635,115.622,0,505,872,896,505,872,896,0,0,0,2026-10-07T01:26:23.503Z,2026-10-07T01:28:03.138Z
DEMO-C002,1.0.0,complete,1,192,102998,111.847,0,555,866,898,555,866,898,0,0,0,2026-10-07T01:26:23.503Z,2026-10-07T01:28:06.501Z
DEMO-C003,1.0.0,complete,1,193,100877,114.793,0,530,876,895,530,876,895,0,0,0,2026-10-07T01:26:23.503Z,2026-10-07T01:28:04.380Z
DEMO-C004,1.0.0,complete,1,192,106126,108.55,0,569,875,895,569,875,895,0,0,0,2026-10-07T01:26:23.503Z,2026-10-07T01:28:09.629Z
DEMO-C005,1.0.0,complete,1,192,103073,111.765,0,548,879,900,548,879,900,0,0,0,2026-10-07T01:26:26.871Z,2026-10-07T01:28:09.944Z
DEMO-C006,1.0.0,complete,1,192,105195,109.511,0,549,862,899,549,862,899,0,0,0,2026-10-07T01:26:26.880Z,2026-10-07T01:28:12.075Z
DEMO-C007,1.0.0,unavailable,4,48,24306,118.489,0,512,844,885,512,844,885,0,0,0,2026-10-07T01:26:26.889Z,2026-10-07T01:26:51.195Z
DEMO-C008,1.0.0,complete,1,192,100826,114.256,0,510,869,897,510,869,897,0,0,0,2026-10-07T01:26:26.899Z,2026-10-07T01:28:07.725Z
DEMO-C009,1.0.0,complete,1,192,98363,117.117,0,512,866,899,512,866,899,0,0,0,2026-10-07T01:26:27.147Z,2026-10-07T01:28:05.510Z
DEMO-C010,1.0.0,complete,1,193,104548,110.763,0,549,875,900,549,875,900,0,0,0,2026-10-07T01:26:30.328Z,2026-10-07T01:28:14.876Z
DEMO-C011,1.0.0,complete,1,192,105564,109.128,0,568,869,900,568,869,900,0,0,0,2026-10-07T01:26:30.339Z,2026-10-07T01:28:15.903Z
DEMO-C012,1.0.0,complete,1,192,101704,113.27,0,536,876,896,536,876,896,0,0,0,2026-10-07T01:26:30.406Z,2026-10-07T01:28:12.110Z
DEMO-C013,1.0.0,complete,1,192,95297,120.885,0,494,846,897,494,846,897,0,0,0,2026-10-07T01:26:30.483Z,2026-10-07T01:28:05.780Z
DEMO-C014,1.0.0,complete,1,192,100285,114.873,0,520,885,900,520,885,900,0,0,0,2026-10-07T01:26:33.701Z,2026-10-07T01:28:13.986Z
DEMO-C015,1.0.0,complete,1,192,100637,114.471,0,523,858,886,523,858,886,0,0,0,2026-10-07T01:26:33.713Z,2026-10-07T01:28:14.350Z
DEMO-C016,1.0.0,complete,1,192,100361,114.786,0,529,869,900,529,869,900,0,0,0,2026-10-07T01:26:33.786Z,2026-10-07T01:28:14.147Z
DEMO-C017,1.0.0,complete,1,192,91880,125.381,0,430,852,900,430,852,900,0,0,0,2026-10-07T01:26:33.864Z,2026-10-07T01:28:05.744Z
DEMO-C018,1.0.0,complete,1,192,98752,116.656,0,477,852,899,477,852,899,0,0,0,2026-10-07T01:26:37.107Z,2026-10-07T01:28:15.859Z
DEMO-C019,1.0.0,complete,1,192,97986,117.568,0,480,877,900,480,877,900,0,0,0,2026-10-07T01:26:37.146Z,2026-10-07T01:28:15.132Z
DEMO-C020,1.0.0,complete,1,192,95466,120.671,0,483,851,896,483,851,896,0,0,0,2026-10-07T01:26:37.189Z,2026-10-07T01:28:12.655Z
DEMO-C021,1.0.0,complete,1,192,106969,107.695,0,585,880,893,585,880,893,0,0,0,2026-10-07T01:26:37.268Z,2026-10-07T01:28:24.237Z
DEMO-C022,1.0.0,complete,1,192,95502,120.626,0,476,850,885,476,850,885,0,0,0,2026-10-07T01:26:40.383Z,2026-10-07T01:28:15.885Z
DEMO-C023,1.0.0,complete,1,192,100494,114.634,0,525,873,899,525,873,899,0,0,0,2026-10-07T01:26:40.508Z,2026-10-07T01:28:21.002Z
DEMO-C024,1.0.0,complete,1,192,102265,112.649,0,525,876,897,525,876,897,0,0,0,2026-10-07T01:26:40.528Z,2026-10-07T01:28:22.793Z
DEMO-C025,1.0.0,complete,1,192,99735,115.506,0,528,859,889,528,859,889,0,0,0,2026-10-07T01:26:40.656Z,2026-10-07T01:28:20.391Z
DEMO-C026,1.0.0,complete,1,192,99439,115.85,0,537,861,898,537,861,898,0,0,0,2026-10-07T01:26:43.823Z,2026-10-07T01:28:23.262Z
DEMO-C027,1.0.0,complete,1,192,100905,114.167,0,522,864,900,522,864,900,0,0,0,2026-10-07T01:26:43.849Z,2026-10-07T01:28:24.754Z
DEMO-C028,1.0.0,complete,1,192,105380,109.319,0,560,876,899,560,876,899,0,0,0,2026-10-07T01:26:43.904Z,2026-10-07T01:28:29.284Z
DEMO-C029,1.0.0,complete,1,192,100270,114.89,0,524,869,899,524,869,899,0,0,0,2026-10-07T01:26:43.983Z,2026-10-07T01:28:24.253Z
DEMO-C030,1.0.0,unavailable,4,48,24239,118.817,0,482,831,845,482,831,845,0,0,0,2026-10-07T01:26:47.194Z,2026-10-07T01:27:11.433Z
DEMO-C031,1.0.0,complete,1,192,97043,118.71,0,482,869,897,482,869,897,0,0,0,2026-10-07T01:26:47.254Z,2026-10-07T01:28:24.297Z
DEMO-C032,1.0.0,complete,1,192,100097,115.088,0,528,851,897,528,851,897,0,0,0,2026-10-07T01:26:47.335Z,2026-10-07T01:28:27.432Z
DEMO-C033,1.0.0,complete,1,192,95287,120.898,0,495,841,895,495,841,895,0,0,0,2026-10-07T01:26:47.420Z,2026-10-07T01:28:22.707Z
DEMO-C034,1.0.0,complete,1,192,98335,117.151,0,505,851,900,505,851,900,0,0,0,2026-10-07T01:26:47.469Z,2026-10-07T01:28:25.804Z
DEMO-C035,1.0.0,complete,1,192,95157,121.063,0,462,870,899,462,870,899,0,0,0,2026-10-07T01:26:50.675Z,2026-10-07T01:28:25.832Z
DEMO-C036,1.0.0,complete,1,192,103317,111.501,0,551,873,900,551,873,900,0,0,0,2026-10-07T01:26:50.726Z,2026-10-07T01:28:34.043Z
DEMO-C037,1.0.0,complete,1,192,100446,114.688,0,516,862,896,516,862,896,0,0,0,2026-10-07T01:26:50.769Z,2026-10-07T01:28:31.215Z
DEMO-C038,1.0.0,complete,1,192,101183,113.853,0,498,854,895,498,854,895,0,0,0,2026-10-07T01:26:50.799Z,2026-10-07T01:28:31.982Z
DEMO-C039,1.0.0,complete,1,192,98242,117.261,0,508,846,900,508,846,900,0,0,0,2026-10-07T01:26:54.066Z,2026-10-07T01:28:32.308Z
DEMO-C040,1.0.0,complete,1,192,99244,116.078,0,521,870,898,521,870,898,0,0,0,2026-10-07T01:26:54.115Z,2026-10-07T01:28:33.359Z
DEMO-C041,1.0.0,complete,1,192,96889,118.899,0,502,845,889,502,845,889,0,0,0,2026-10-07T01:26:54.135Z,2026-10-07T01:28:31.024Z
DEMO-C042,1.0.0,complete,1,192,104023,110.745,0,559,856,898,559,856,898,0,0,0,2026-10-07T01:26:54.196Z,2026-10-07T01:28:38.219Z
DEMO-C043,1.0.0,complete,1,192,95469,120.667,0,479,860,887,479,860,887,0,0,0,2026-10-07T01:26:57.427Z,2026-10-07T01:28:32.896Z
DEMO-C044,1.0.0,complete,1,193,98302,117.8,0,512,850,896,512,850,896,0,0,0,2026-10-07T01:26:57.433Z,2026-10-07T01:28:35.735Z
DEMO-C045,1.0.0,complete,1,192,104006,110.763,0,551,851,897,551,851,897,0,0,0,2026-10-07T01:26:57.513Z,2026-10-07T01:28:41.519Z
DEMO-C046,1.0.0,complete,1,192,101941,113.007,0,527,867,893,527,867,893,0,0,0,2026-10-07T01:26:57.590Z,2026-10-07T01:28:39.531Z
DEMO-C047,1.0.0,complete,1,192,100310,114.844,0,515,852,898,515,852,898,0,0,0,2026-10-07T01:27:00.784Z,2026-10-07T01:28:41.094Z
DEMO-C048,1.0.0,complete,1,192,99955,115.252,0,543,854,900,543,854,900,0,0,0,2026-10-07T01:27:00.813Z,2026-10-07T01:28:40.768Z
DEMO-C049,1.0.0,complete,1,192,99191,116.14,0,521,869,900,521,869,900,0,0,0,2026-10-07T01:27:00.876Z,2026-10-07T01:28:40.067Z
DEMO-C050,1.0.0,complete,1,192,95752,120.311,0,481,843,899,481,843,899,0,0,0,2026-10-07T01:27:00.948Z,2026-10-07T01:28:36.700Z
DEMO-C051,1.0.0,complete,1,192,97929,117.636,0,483,857,900,483,857,900,0,0,0,2026-10-07T01:27:04.173Z,2026-10-07T01:28:42.102Z
DEMO-C052,1.0.0,complete,1,192,102536,112.351,0,544,863,899,544,863,899,0,0,0,2026-10-07T01:27:04.200Z,2026-10-07T01:28:46.736Z
DEMO-C053,1.0.0,complete,1,192,106497,108.172,0,563,869,899,563,869,899,0,0,0,2026-10-07T01:27:04.252Z,2026-10-07T01:28:50.749Z
DEMO-C054,1.0.0,complete,1,192,106387,108.284,0,573,863,896,573,863,896,0,0,0,2026-10-07T01:27:04.346Z,2026-10-07T01:28:50.733Z
DEMO-C055,1.0.0,complete,1,192,101718,113.254,0,519,868,895,519,868,895,0,0,0,2026-10-07T01:27:07.535Z,2026-10-07T01:28:49.253Z
DEMO-C056,1.0.0,complete,1,192,100827,114.255,0,526,850,899,526,850,899,0,0,0,2026-10-07T01:27:07.548Z,2026-10-07T01:28:48.375Z
DEMO-C057,1.0.0,complete,1,192,97604,118.028,0,500,865,897,500,865,897,0,0,0,2026-10-07T01:27:07.624Z,2026-10-07T01:28:45.228Z
DEMO-C058,1.0.0,complete,1,192,105330,109.371,0,565,875,900,565,875,900,0,0,0,2026-10-07T01:27:07.684Z,2026-10-07T01:28:53.014Z
DEMO-C059,1.0.0,complete,1,192,100266,114.894,0,528,872,899,528,872,899,0,0,0,2026-10-07T01:27:10.931Z,2026-10-07T01:28:51.197Z
DEMO-C060,1.0.0,complete,1,192,98916,116.462,0,503,861,897,503,861,897,0,0,0,2026-10-07T01:27:10.958Z,2026-10-07T01:28:49.874Z
DEMO-C061,1.0.0,complete,1,192,102475,112.418,0,538,862,892,538,862,892,0,0,0,2026-10-07T01:27:11.031Z,2026-10-07T01:28:53.506Z
DEMO-C062,1.0.0,complete,1,192,102782,112.082,0,552,867,896,552,867,896,0,0,0,2026-10-07T01:27:11.087Z,2026-10-07T01:28:53.869Z
DEMO-C063,1.0.0,complete,1,192,102247,112.668,0,547,861,899,547,861,899,0,0,0,2026-10-07T01:27:14.307Z,2026-10-07T01:28:56.554Z
DEMO-C064,1.0.0,complete,1,192,96086,119.893,0,471,868,896,471,868,896,0,0,0,2026-10-07T01:27:14.334Z,2026-10-07T01:28:50.420Z
DEMO-C065,1.0.0,complete,1,192,104533,110.204,0,588,856,900,588,856,900,0,0,0,2026-10-07T01:27:14.398Z,2026-10-07T01:28:58.931Z
DEMO-C066,1.0.0,complete,1,192,98836,116.557,0,505,853,900,505,853,900,0,0,0,2026-10-07T01:27:14.430Z,2026-10-07T01:28:53.266Z
DEMO-C067,1.0.0,complete,1,192,99175,116.158,0,510,859,896,510,859,896,0,0,0,2026-10-07T01:27:17.665Z,2026-10-07T01:28:56.840Z
DEMO-C068,1.0.0,complete,1,192,105333,109.367,0,576,856,897,576,856,897,0,0,0,2026-10-07T01:27:17.723Z,2026-10-07T01:29:03.056Z
DEMO-C069,1.0.0,complete,1,192,105908,108.774,0,564,858,898,564,858,898,0,0,0,2026-10-07T01:27:17.771Z,2026-10-07T01:29:03.679Z
DEMO-C070,1.0.0,unavailable,4,48,24346,118.295,0,521,861,890,521,861,890,0,0,0,2026-10-07T01:27:17.838Z,2026-10-07T01:27:42.184Z
DEMO-C071,1.0.0,complete,1,192,104863,109.858,0,556,868,894,556,868,894,0,0,0,2026-10-07T01:27:18.044Z,2026-10-07T01:29:02.907Z
DEMO-C072,1.0.0,complete,1,192,107067,107.596,0,583,889,897,583,889,897,0,0,0,2026-10-07T01:27:21.105Z,2026-10-07T01:29:08.172Z
ALL,,,81,13395,58564,13723.448,0,526,863,900,526,863,900,0,0,0,2026-10-07T01:26:23.503Z,2026-10-07T01:29:08.172Z
