pose,link,position_error_mm,orientation_error_deg,within_proposed_tolerance
hands_open,d435_link,0.00019318602657067367,2.200020789716329e-05,True
hands_open,head_link,0.00012000735127998719,2.1052056881276854e-05,True
hands_open,imu_in_pelvis,6.006850114687196e-05,0.0,True
hands_open,imu_in_torso,8.415499272642081e-05,2.1052056881276854e-05,True
hands_open,left_ankle_pitch_link,0.000271134858446761,3.893806920213427e-05,True
hands_open,left_ankle_roll_link,0.0002905368209728871,4.904556196855516e-05,True
hands_open,left_elbow_link,0.00018671101460071904,1.3445240826417657e-05,True
hands_open,left_hand_camera_base_link,0.0001959941750461743,3.630295340289845e-05,True
hands_open,left_hand_index_0_link,0.00017881393432617188,3.5408454289026025e-05,True
hands_open,left_hand_index_1_link,0.00023513635751693695,5.39433621553454e-05,True
hands_open,left_hand_middle_0_link,0.00015840151626966373,5.39433621553454e-05,True
hands_open,left_hand_middle_1_link,0.00019768624248238801,7.232425357033631e-05,True
hands_open,left_hand_palm_link,0.00014370159448672763,3.630295340289845e-05,True
hands_open,left_hand_thumb_0_link,0.00016049041769309352,3.5077526895278204e-05,True
hands_open,left_hand_thumb_1_link,0.00012377834115800374,2.3162298399097525e-05,True
hands_open,left_hand_thumb_2_link,0.00017120130796843851,1.9318692315611754e-05,True
hands_open,left_hip_pitch_link,7.465051543433826e-06,1.8860476299618384e-05,True
hands_open,left_hip_roll_link,2.3283064365386963e-06,1.85487114168054e-05,True
hands_open,left_hip_yaw_link,0.00010745380149674383,2.61204508945689e-05,True
hands_open,left_knee_link,0.00018555535980183292,1.707547292503189e-05,True
hands_open,left_shoulder_pitch_link,0.00014064686163416925,1.8070981951380422e-05,True
hands_open,left_shoulder_roll_link,0.00013329281842477082,1.3004292747236516e-05,True
hands_open,left_shoulder_yaw_link,0.00018966056820057505,9.035490975690204e-06,True
hands_open,left_wrist_pitch_link,0.00018431718463976653,1.8390847172211968e-05,True
hands_open,left_wrist_roll_link,0.00012753339684474238,1.0799477313527668e-05,True
hands_open,left_wrist_yaw_link,0.00018907453925087332,3.622254809177215e-05,True
hands_open,logo_link,1.3881591393671054e-05,2.1052056881276854e-05,True
hands_open,mid360_link,0.00019561796638793648,2.1052056881276854e-05,True
hands_open,pelvis,0.0,0.0,True
hands_open,pelvis_contour_link,8.08070082201906e-10,0.0,True
hands_open,right_ankle_pitch_link,0.0002542493571453028,3.783672050088752e-05,True
hands_open,right_ankle_roll_link,0.00027342368273877536,4.2722819608969054e-05,True
hands_open,right_elbow_link,4.917524301426145e-05,3.230831095393761e-05,True
hands_open,right_hand_camera_base_link,0.0001497548166084422,6.24598299526078e-05,True
hands_open,right_hand_index_0_link,0.00017943374184954607,7.296643490470553e-05,True
hands_open,right_hand_index_1_link,0.00022302015940987713,8.983711231435483e-05,True
hands_open,right_hand_middle_0_link,0.00021900144899933142,6.696546803342531e-05,True
hands_open,right_hand_middle_1_link,0.00027028258364226006,8.059912630214408e-05,True
hands_open,right_hand_palm_link,0.00014136482746161726,6.241313100779684e-05,True
hands_open,right_hand_thumb_0_link,0.0001497548166084422,6.137676548113681e-05,True
hands_open,right_hand_thumb_1_link,0.0001228781230931777,5.334548275147371e-05,True
hands_open,right_hand_thumb_2_link,0.0001399837004248495,5.345468549166031e-05,True
hands_open,right_hip_pitch_link,6.011356627833937e-05,2.650826247094536e-05,True
hands_open,right_hip_roll_link,0.00012168024370413031,2.7533372779140136e-05,True
hands_open,right_hip_yaw_link,0.00011756817875846847,2.3905662095044672e-05,True
hands_open,right_knee_link,0.00023678315553174472,1.9014441926092303e-05,True
hands_open,right_shoulder_pitch_link,8.942077904701636e-05,1.7745352001653195e-05,True
hands_open,right_shoulder_roll_link,7.459541569689078e-05,2.0632372437402982e-05,True
hands_open,right_shoulder_yaw_link,6.241261986035418e-05,2.826493702772014e-05,True
hands_open,right_wrist_pitch_link,7.598131170262075e-05,5.378096330567109e-05,True
hands_open,right_wrist_roll_link,7.337970883992392e-05,3.8181918208328625e-05,True
hands_open,right_wrist_yaw_link,9.996002811937584e-05,6.259971776490284e-05,True
hands_open,torso_link,5.983788869933294e-05,2.1052056881276854e-05,True
hands_open,waist_roll_link,5.974563760387735e-05,2.173352885506323e-05,True
hands_open,waist_yaw_link,5.9670308071557674e-05,7.636383641665691e-06,True
hands_half_flexed,d435_link,0.0001751381754564718,2.5327019294612925e-05,True
hands_half_flexed,head_link,0.00011985229120527317,2.3536915126363644e-05,True
hands_half_flexed,imu_in_pelvis,6.006850114687196e-05,0.0,True
hands_half_flexed,imu_in_torso,8.66129994392395e-05,2.3536915126363644e-05,True
hands_half_flexed,left_ankle_pitch_link,9.010275172030795e-05,1.6730478313214994e-05,True
hands_half_flexed,left_ankle_roll_link,7.612387123301417e-05,3.380771155232065e-05,True
hands_half_flexed,left_elbow_link,7.616943393123275e-05,8.00910673140078e-06,True
hands_half_flexed,left_hand_camera_base_link,8.024520884654676e-05,2.5211633640790224e-05,True
hands_half_flexed,left_hand_index_0_link,9.541398640621973e-05,6.648479614393605e-05,True
hands_half_flexed,left_hand_index_1_link,0.00013657139822709083,7.0362552184506e-05,True
hands_half_flexed,left_hand_middle_0_link,0.00011151007970493857,5.173614693936866e-05,True
hands_half_flexed,left_hand_middle_1_link,0.0001497548166084422,7.71992687370813e-05,True
hands_half_flexed,left_hand_palm_link,8.024520884654676e-05,2.5211633640790224e-05,True
hands_half_flexed,left_hand_thumb_0_link,9.996002811937584e-05,2.857273126107819e-05,True
hands_half_flexed,left_hand_thumb_1_link,0.0001519626234052415,2.732075668005107e-05,True
hands_half_flexed,left_hand_thumb_2_link,0.00011756817875846847,1.6555285230907e-05,True
hands_half_flexed,left_hip_pitch_link,6.144610361996377e-05,4.517745487845101e-06,True
hands_half_flexed,left_hip_roll_link,6.716508318522123e-05,7.82496472061276e-06,True
hands_half_flexed,left_hip_yaw_link,7.375698489406455e-05,4.829673078902933e-06,True
hands_half_flexed,left_knee_link,7.156048980466479e-05,2.836790617393633e-05,True
hands_half_flexed,left_shoulder_pitch_link,0.0001310697143971546,1.7745352001653195e-05,True
hands_half_flexed,left_shoulder_roll_link,0.00013061941673031118,1.790890709046331e-05,True
hands_half_flexed,left_shoulder_yaw_link,7.253300512096052e-05,9.956626120759429e-06,True
hands_half_flexed,left_wrist_pitch_link,0.0001228781230931777,1.5080649355333733e-05,True
hands_half_flexed,left_wrist_roll_link,0.00012310379476739692,2.020397203172922e-05,True
hands_half_flexed,left_wrist_yaw_link,6.664001874625056e-05,2.5327019294612925e-05,True
hands_half_flexed,logo_link,1.267831279594622e-05,2.3536915126363644e-05,True
hands_half_flexed,mid360_link,0.00018501150108297235,2.366046933553761e-05,True
hands_half_flexed,pelvis,0.0,0.0,True
hands_half_flexed,pelvis_contour_link,8.08070082201906e-10,0.0,True
hands_half_flexed,right_ankle_pitch_link,6.00973732952091e-05,1.0933637455190003e-05,True
hands_half_flexed,right_ankle_roll_link,4.767971387568937e-05,1.4080795695456205e-05,True
hands_half_flexed,right_elbow_link,8.594447370662784e-05,3.2933979493559765e-05,True
hands_half_flexed,right_hand_camera_base_link,0.00010536712127723509,5.474813104852807e-05,True
hands_half_flexed,right_hand_index_0_link,0.0001497548166084422,8.908750603872452e-05,True
hands_half_flexed,right_hand_index_1_link,0.00018128044993574082,9.119005998735479e-05,True
hands_half_flexed,right_hand_middle_0_link,0.00016323404237781946,8.203338699066248e-05,True
hands_half_flexed,right_hand_middle_1_link,0.00021900144899933142,9.227077461425456e-05,True
hands_half_flexed,right_hand_palm_link,9.541398640621973e-05,5.4694848183302715e-05,True
hands_half_flexed,right_hand_thumb_0_link,0.0001228781230931777,5.2017170988946486e-05,True
hands_half_flexed,right_hand_thumb_1_link,9.424321830774485e-05,3.025781511322959e-05,True
hands_half_flexed,right_hand_thumb_2_link,0.00010848209096909342,2.200020789716329e-05,True
hands_half_flexed,right_hip_pitch_link,6.0075703877537314e-05,5.915117333884393e-06,True
hands_half_flexed,right_hip_roll_link,5.975180126150814e-05,4.517745487845101e-06,True
hands_half_flexed,right_hip_yaw_link,2.9802322387695312e-05,3.4150945850063755e-06,True
hands_half_flexed,right_knee_link,7.03872875410735e-05,8.365239156607494e-06,True
hands_half_flexed,right_shoulder_pitch_link,0.0001224796660353466,2.119010463505988e-05,True
hands_half_flexed,right_shoulder_roll_link,0.00017214993275738115,2.2132342465963154e-05,True
hands_half_flexed,right_shoulder_yaw_link,7.652481286574526e-05,2.996733336300671e-05,True
hands_half_flexed,right_wrist_pitch_link,6.664001874625056e-05,4.210411376255389e-05,True
hands_half_flexed,right_wrist_roll_link,0.00012128666487410445,3.0064472461725398e-05,True
hands_half_flexed,right_wrist_yaw_link,8.024520884654676e-05,5.490766940823124e-05,True
hands_half_flexed,torso_link,5.988552493355558e-05,2.3536915126363644e-05,True
hands_half_flexed,waist_roll_link,5.9793435083524345e-05,2.7267343614925533e-05,True
hands_half_flexed,waist_yaw_link,5.9670308071557674e-05,2.1395506250453414e-05,True
hands_flexed,d435_link,0.00019365240020115067,3.0449930155107498e-05,True
hands_flexed,head_link,6.252670843646218e-05,2.6998693283819223e-05,True
hands_flexed,imu_in_pelvis,6.006850114687196e-05,0.0,True
hands_flexed,imu_in_torso,8.995613122334372e-05,2.7106472927070668e-05,True
hands_flexed,left_ankle_pitch_link,0.000271134858446761,3.893806920213427e-05,True
hands_flexed,left_ankle_roll_link,0.0002905368209728871,4.904556196855516e-05,True
hands_flexed,left_elbow_link,7.05903193415597e-05,2.426880686682527e-05,True
hands_flexed,left_hand_camera_base_link,9.996002811937584e-05,4.3197909254110914e-05,True
hands_flexed,left_hand_index_0_link,0.0001666000468656264,5.637492664462791e-05,True
hands_flexed,left_hand_index_1_link,0.00018189185285171421,7.682065307205734e-05,True
hands_flexed,left_hand_middle_0_link,0.00014370159448672763,4.393410013373862e-05,True
hands_flexed,left_hand_middle_1_link,0.00014370159448672763,5.910186013866034e-05,True
hands_flexed,left_hand_palm_link,8.940696716308594e-05,4.360100889887781e-05,True
hands_flexed,left_hand_thumb_0_link,0.00014370159448672763,5.1112455522083596e-05,True
hands_flexed,left_hand_thumb_1_link,0.00013657139822709083,5.688977684355846e-05,True
hands_flexed,left_hand_thumb_2_link,0.00014370159448672763,3.871277472170378e-05,True
hands_flexed,left_hip_pitch_link,7.465051543433826e-06,1.8860476299618384e-05,True
hands_flexed,left_hip_roll_link,2.3283064365386963e-06,1.85487114168054e-05,True
hands_flexed,left_hip_yaw_link,0.00010745380149674383,2.61204508945689e-05,True
hands_flexed,left_knee_link,0.00018555535980183292,1.707547292503189e-05,True
hands_flexed,left_shoulder_pitch_link,0.00013676065519679752,3.0064472461725398e-05,True
hands_flexed,left_shoulder_roll_link,5.754603499134897e-05,2.721382571521845e-05,True
hands_flexed,left_shoulder_yaw_link,3.0557636051454316e-05,1.9913252241518875e-05,True
hands_flexed,left_wrist_pitch_link,6.322027276634104e-05,3.646323212220162e-05,True
hands_flexed,left_wrist_roll_link,6.705522537231445e-05,3.1762215659848187e-05,True
hands_flexed,left_wrist_yaw_link,0.0001273155770498146,4.346705771012666e-05,True
hands_flexed,logo_link,1.8802788255180482e-05,2.7106472927070668e-05,True
hands_flexed,mid360_link,0.00022276319458528526,2.7160202361215022e-05,True
hands_flexed,pelvis,0.0,0.0,True
hands_flexed,pelvis_contour_link,8.08070082201906e-10,0.0,True
hands_flexed,right_ankle_pitch_link,6.00973732952091e-05,1.0933637455190003e-05,True
hands_flexed,right_ankle_roll_link,4.767971387568937e-05,1.4080795695456205e-05,True
hands_flexed,right_elbow_link,0.0002402036014982427,2.7427270755268835e-05,True
hands_flexed,right_hand_camera_base_link,0.00026151431761360536,5.415913646534471e-05,True
hands_flexed,right_hand_index_0_link,0.00028778922432404707,5.949522128665402e-05,True
hands_flexed,right_hand_index_1_link,0.0002538669859975699,8.588810117252454e-05,True
hands_flexed,right_hand_middle_0_link,0.0002995096332168844,5.900311009451305e-05,True
hands_flexed,right_hand_middle_1_link,0.0002820416276268318,8.012746407449483e-05,True
hands_flexed,right_hand_palm_link,0.00022001300841917695,5.415913646534471e-05,True
hands_flexed,right_hand_thumb_0_link,0.00028115454709698565,5.6478272151436414e-05,True
hands_flexed,right_hand_thumb_1_link,0.0002602375924076584,5.1566797395176046e-05,True
hands_flexed,right_hand_thumb_2_link,0.00023000462413479584,4.083859150986011e-05,True
hands_flexed,right_hip_pitch_link,6.0075703877537314e-05,5.915117333884393e-06,True
hands_flexed,right_hip_roll_link,5.975180126150814e-05,4.517745487845101e-06,True
hands_flexed,right_hip_yaw_link,2.9802322387695312e-05,3.4150945850063755e-06,True
hands_flexed,right_knee_link,7.03872875410735e-05,8.365239156607494e-06,True
hands_flexed,right_shoulder_pitch_link,0.00016020221385558637,2.462659727359985e-05,True
hands_flexed,right_shoulder_roll_link,0.00015820427686152755,2.7639067497065907e-05,True
hands_flexed,right_shoulder_yaw_link,0.000186907799283635,2.847050291451707e-05,True
hands_flexed,right_wrist_pitch_link,0.00024665810700128746,3.693989591039986e-05,True
hands_flexed,right_wrist_roll_link,0.00018491854736195292,2.732075668005107e-05,True
hands_flexed,right_wrist_yaw_link,0.00019768624248238801,5.415913646534471e-05,True
hands_flexed,torso_link,2.7279491659298356e-06,2.6998693283819223e-05,True
hands_flexed,waist_roll_link,1.711619328014211e-06,2.4027320194202382e-05,True
hands_flexed,waist_yaw_link,1.6246908951683715e-06,1.527276728333139e-05,True
