bank_id,bank_version,role,dyad_slot,set,status,use,attempt_used,attempts,slots_used,verify,reason,seed_namespace,generation_config_sha256,separation_threshold,permutation_sha256,bank_sha256,run_id,bank_path
DEMO-bank-P001,1.0.0,main,B-P01,demo,complete,1,1,1,249,pass,complete at attempt 1,DEMO-bank-P001,514edf9a4baf3c6f564bd48c3d6fdbf7c6572714bcef68e53ce08f5a13c4c98d,0.10,b44fd98216a6ab30bb3f63937e723d05a4e85cc83c260afedf323b26d59de200,c1dda112b9df75c68a18dfbfeea35fe3164001544ed55fa272e55c41e3484864,DEMO-pilot-banks,runs/DEMO-pilot-banks/banks/DEMO-bank-P001
DEMO-bank-P002,1.0.0,main,B-P02,demo,complete,1,1,1,242,pass,complete at attempt 1,DEMO-bank-P002,514edf9a4baf3c6f564bd48c3d6fdbf7c6572714bcef68e53ce08f5a13c4c98d,0.10,12009e8d57da608e09eb157e65957adce4d02a96dfb40978897eb395a6898103,de22085891d5c86f82485f0f834fa919477d81169127c46bac779d2815ac3bdf,DEMO-pilot-banks,runs/DEMO-pilot-banks/banks/DEMO-bank-P002
DEMO-bank-P003,1.0.0,main,B-P03,demo,complete,1,2,2,301,pass,complete at attempt 2; failed cells: t1 P1 K-a3,DEMO-bank-P003,514edf9a4baf3c6f564bd48c3d6fdbf7c6572714bcef68e53ce08f5a13c4c98d,0.10,4c043920a002b8ba5d738db65de9a612c6cd8d38ce43bad772f5c64bfb431422,97c2d08291f36811795a91297307229b6f0fe0c00236770cfbff8ede93fed26e,DEMO-pilot-banks,runs/DEMO-pilot-banks/banks/DEMO-bank-P003
DEMO-bank-P004,1.0.0,main,B-P04,demo,complete,1,1,1,248,pass,complete at attempt 1,DEMO-bank-P004,514edf9a4baf3c6f564bd48c3d6fdbf7c6572714bcef68e53ce08f5a13c4c98d,0.10,87743face24f19463f70fcda1691b447cb9f563b0cbffff8f16eaee2414a0b8a,7dfa66786b1b6589cb153ee40595aa1aab3236d058c3d1ba7a7a0baa8b873df0,DEMO-pilot-banks,runs/DEMO-pilot-banks/banks/DEMO-bank-P004
DEMO-bank-P005,1.0.0,main,B-P05,demo,complete,1,1,1,236,pass,complete at attempt 1,DEMO-bank-P005,514edf9a4baf3c6f564bd48c3d6fdbf7c6572714bcef68e53ce08f5a13c4c98d,0.10,c0b3f7ccc23b678cf58d4f3cb657196e03791b7721a224faf2a5034cfcf2b735,16238b694a55702eda4da59f927428f91d7363a669ef7ffdc47e5e6a6d7fe564,DEMO-pilot-banks,runs/DEMO-pilot-banks/banks/DEMO-bank-P005
DEMO-bank-P006,1.0.0,main,B-P06,demo,unavailable,0,,4,517,pass,unavailable: 4 attempts failed (cells: t1 P2 K-r2; t2 P2 K-r2; t3 P2 K-r2; t4 P2 K-r2); never assign,DEMO-bank-P006,514edf9a4baf3c6f564bd48c3d6fdbf7c6572714bcef68e53ce08f5a13c4c98d,0.10,d2477f8d803ced844c7af4efe621427f590727306bde1113d09d56ccdebc8bda,f6a74b0cbba2b36abc1fe2f3763ee3ed2ca8fd4179e2d8647c5b92048786a166,DEMO-pilot-banks,runs/DEMO-pilot-banks/banks/DEMO-bank-P006
DEMO-bank-P006,1.1.0,spare,B-P06,demo,complete,1,1,1,260,pass,complete at attempt 1,DEMO-bank-P006-v1.1.0,514edf9a4baf3c6f564bd48c3d6fdbf7c6572714bcef68e53ce08f5a13c4c98d,0.10,d2477f8d803ced844c7af4efe621427f590727306bde1113d09d56ccdebc8bda,404bb382714129ffb783c7618ba41005bfdadeacd64be996dd9acd27e93c81cc,DEMO-pilot-banks-S1,runs/DEMO-pilot-banks-S1/banks/DEMO-bank-P006
DEMO-bank-P007,1.0.0,main,B-P07,demo,complete,1,1,1,255,pass,complete at attempt 1,DEMO-bank-P007,514edf9a4baf3c6f564bd48c3d6fdbf7c6572714bcef68e53ce08f5a13c4c98d,0.10,1cf79a94db1951c1517fbfc7d3341badf38bd136523b081ce2052813902d9370,2afabd61aa4a295f4f994be78f6a31e324b0d9d7992d29965dcafa789f98c7c8,DEMO-pilot-banks,runs/DEMO-pilot-banks/banks/DEMO-bank-P007
DEMO-bank-P008,1.0.0,main,B-P08,demo,complete,1,1,1,257,pass,complete at attempt 1,DEMO-bank-P008,514edf9a4baf3c6f564bd48c3d6fdbf7c6572714bcef68e53ce08f5a13c4c98d,0.10,4b74a217cf2af85383477e134bfd1fafca9c668a71e16e3476a5bb6232118068,0b2c0c58fff8e7986fb1884a2540431b9f26b25b04e4f99b4d8e7095c03067da,DEMO-pilot-banks,runs/DEMO-pilot-banks/banks/DEMO-bank-P008
