unit_id,set,sequence,block_id,block_position,profile,designer,swap_w1_w4,family_first,K_action,K_referent,Q_action,Q_referent,atom_order,seed
A-C01,confirmatory,1,A-C-blk01,1,P1,D3,0,Q,ADD_ONE|FLIP_CARD|ALIGN_ARROW|REMOVE_ONE,B|A|D|C,SCAN|TAG|QUARANTINE|CLOSE,G|F|E|H,Q-r4|K-r4|Q-a1|K-a3|Q-r1|K-r1|Q-a2|K-a2|Q-r2|K-r2|Q-a4|K-a1|Q-r3|K-r3|Q-a3|K-a4,2ba3a1fcc7d2177e70824137bbbd60c0e0970d899cb46440002622e3181736ab
A-C02,confirmatory,2,A-C-blk01,2,P1,D1,0,Q,FLIP_CARD|ALIGN_ARROW|REMOVE_ONE|ADD_ONE,A|D|C|B,TAG|QUARANTINE|CLOSE|SCAN,E|H|G|F,Q-a2|K-a2|Q-r1|K-r1|Q-a4|K-a1|Q-r2|K-r2|Q-a3|K-a4|Q-r3|K-r3|Q-a1|K-a3|Q-r4|K-r4,0247a59871986ac38497b43b3ebd325dd92a226a990d9e8ede624653f0881d39
A-C03,confirmatory,3,A-C-blk01,3,P1,D3,1,K,ALIGN_ARROW|REMOVE_ONE|ADD_ONE|FLIP_CARD,D|C|B|A,CLOSE|SCAN|TAG|QUARANTINE,H|G|F|E,K-a1|Q-a4|K-r2|Q-r2|K-a4|Q-a3|K-r3|Q-r3|K-a3|Q-a1|K-r4|Q-r4|K-a2|Q-a2|K-r1|Q-r1,077ef41be6705963be58a094672b02705b7798fe154c85f8d3e5587789af320a
A-C04,confirmatory,4,A-C-blk01,4,P1,D1,1,K,REMOVE_ONE|ADD_ONE|FLIP_CARD|ALIGN_ARROW,C|B|A|D,QUARANTINE|CLOSE|SCAN|TAG,F|E|H|G,K-r3|Q-r3|K-a4|Q-a3|K-r4|Q-r4|K-a3|Q-a1|K-r1|Q-r1|K-a2|Q-a2|K-r2|Q-r2|K-a1|Q-a4,dbcd0812ba7f526b646bb1ebc9f3d44fdaeb41e49b8fd956164a2e130f13b3d7
A-C05,confirmatory,5,A-C-blk02,1,P2,D1,1,Q,REMOVE_ONE|ADD_ONE|FLIP_CARD|ALIGN_ARROW,C|B|A|D,TAG|QUARANTINE|CLOSE|SCAN,E|H|G|F,Q-a3|K-a4|Q-r3|K-r3|Q-a1|K-a3|Q-r4|K-r4|Q-a2|K-a2|Q-r1|K-r1|Q-a4|K-a1|Q-r2|K-r2,80ee3962d8b6fda6a20c73cb6218c0ca09637c6843bab2b6bad07161170c8931
A-C06,confirmatory,6,A-C-blk02,2,P2,D1,0,K,FLIP_CARD|ALIGN_ARROW|REMOVE_ONE|ADD_ONE,A|D|C|B,QUARANTINE|CLOSE|SCAN|TAG,H|G|F|E,K-r1|Q-r1|K-a2|Q-a2|K-r2|Q-r2|K-a1|Q-a4|K-r3|Q-r3|K-a4|Q-a3|K-r4|Q-r4|K-a3|Q-a1,45fda958b519b07c26e9bc07c2ed1fba2cdda8e610dee5bc459e6543b23afb1d
A-C07,confirmatory,7,A-C-blk02,3,P2,D2,0,K,ALIGN_ARROW|REMOVE_ONE|ADD_ONE|FLIP_CARD,D|C|B|A,CLOSE|SCAN|TAG|QUARANTINE,F|E|H|G,K-a3|Q-a1|K-r4|Q-r4|K-a2|Q-a2|K-r1|Q-r1|K-a1|Q-a4|K-r2|Q-r2|K-a4|Q-a3|K-r3|Q-r3,51e1dbd2307302a8bb3fbe52516c9b8dcd11cb277c9d072fb2b971f40bac13c8
A-C08,confirmatory,8,A-C-blk02,4,P2,D3,1,Q,ADD_ONE|FLIP_CARD|ALIGN_ARROW|REMOVE_ONE,B|A|D|C,SCAN|TAG|QUARANTINE|CLOSE,G|F|E|H,Q-r2|K-r2|Q-a4|K-a1|Q-r3|K-r3|Q-a3|K-a4|Q-r4|K-r4|Q-a1|K-a3|Q-r1|K-r1|Q-a2|K-a2,698470842caf4bbd2126045acde9a09b761f792f1878d4d8769abc730e407753
A-C09,confirmatory,9,A-C-blk03,1,P3,D2,1,K,ADD_ONE|FLIP_CARD|ALIGN_ARROW|REMOVE_ONE,A|D|C|B,SCAN|TAG|QUARANTINE|CLOSE,F|E|H|G,K-r4|Q-r4|K-a3|Q-a1|K-r1|Q-r1|K-a2|Q-a2|K-r2|Q-r2|K-a1|Q-a4|K-r3|Q-r3|K-a4|Q-a3,f6645621d728727f8e5044dadcacfc22cfa3acf005ed90eb26d8cfad10f077bf
A-C10,confirmatory,10,A-C-blk03,2,P3,D1,1,K,FLIP_CARD|ALIGN_ARROW|REMOVE_ONE|ADD_ONE,D|C|B|A,CLOSE|SCAN|TAG|QUARANTINE,H|G|F|E,K-a2|Q-a2|K-r1|Q-r1|K-a1|Q-a4|K-r2|Q-r2|K-a4|Q-a3|K-r3|Q-r3|K-a3|Q-a1|K-r4|Q-r4,efbcca4c6fe4db86b7e481a9d3fbd483aec73bffeb976a2df1201b982b5629db
A-C11,confirmatory,11,A-C-blk03,3,P3,D3,0,Q,REMOVE_ONE|ADD_ONE|FLIP_CARD|ALIGN_ARROW,B|A|D|C,QUARANTINE|CLOSE|SCAN|TAG,G|F|E|H,Q-r3|K-r3|Q-a3|K-a4|Q-r4|K-r4|Q-a1|K-a3|Q-r1|K-r1|Q-a2|K-a2|Q-r2|K-r2|Q-a4|K-a1,8db0eebe1a3068dc4924a1044e86b9496e1111d957f6021800061e0d44d6827c
A-C12,confirmatory,12,A-C-blk03,4,P3,D1,0,Q,ALIGN_ARROW|REMOVE_ONE|ADD_ONE|FLIP_CARD,C|B|A|D,TAG|QUARANTINE|CLOSE|SCAN,E|H|G|F,Q-a4|K-a1|Q-r2|K-r2|Q-a3|K-a4|Q-r3|K-r3|Q-a1|K-a3|Q-r4|K-r4|Q-a2|K-a2|Q-r1|K-r1,171831b4dee0b220517930f53c53286eec41126cdf83e7497fa86408a24a8014
A-C13,confirmatory,13,A-C-blk04,1,P2,D2,1,Q,ALIGN_ARROW|REMOVE_ONE|ADD_ONE|FLIP_CARD,A|D|C|B,TAG|QUARANTINE|CLOSE|SCAN,E|H|G|F,Q-a1|K-a3|Q-r4|K-r4|Q-a2|K-a2|Q-r1|K-r1|Q-a4|K-a1|Q-r2|K-r2|Q-a3|K-a4|Q-r3|K-r3,537fbaee2edd5d1a86cd31e85f254f14996de96ab903997da17ef07ada5201c4
A-C14,confirmatory,14,A-C-blk04,2,P2,D3,0,K,REMOVE_ONE|ADD_ONE|FLIP_CARD|ALIGN_ARROW,D|C|B|A,CLOSE|SCAN|TAG|QUARANTINE,F|E|H|G,K-a4|Q-a3|K-r3|Q-r3|K-a3|Q-a1|K-r4|Q-r4|K-a2|Q-a2|K-r1|Q-r1|K-a1|Q-a4|K-r2|Q-r2,93288da52aa3809ac3a0970a6de7c78a5638171cd6e9bbf7b1c008e9b277bdb6
A-C15,confirmatory,15,A-C-blk04,3,P1,D2,1,Q,FLIP_CARD|ALIGN_ARROW|REMOVE_ONE|ADD_ONE,B|A|D|C,QUARANTINE|CLOSE|SCAN|TAG,G|F|E|H,Q-r1|K-r1|Q-a2|K-a2|Q-r2|K-r2|Q-a4|K-a1|Q-r3|K-r3|Q-a3|K-a4|Q-r4|K-r4|Q-a1|K-a3,5149a674d86d7eb39cdb9c1da05a4910cf722939aae59df3f25254997c5acf04
A-C16,confirmatory,16,A-C-blk04,4,P1,D2,0,K,ADD_ONE|FLIP_CARD|ALIGN_ARROW|REMOVE_ONE,C|B|A|D,SCAN|TAG|QUARANTINE|CLOSE,H|G|F|E,K-r2|Q-r2|K-a1|Q-a4|K-r3|Q-r3|K-a4|Q-a3|K-r4|Q-r4|K-a3|Q-a1|K-r1|Q-r1|K-a2|Q-a2,71385d02bfc2768ffb44ae703e9e99274b6a74c4cbaa7144b74394bc1fa58176
A-C17,confirmatory,17,A-C-blk05,1,P3,D2,0,K,ADD_ONE|ALIGN_ARROW|FLIP_CARD|REMOVE_ONE,A|D|C|B,QUARANTINE|SCAN|TAG|CLOSE,H|F|G|E,K-r4|Q-r4|K-a3|Q-a2|K-r2|Q-r2|K-a2|Q-a1|K-r3|Q-r3|K-a1|Q-a3|K-r1|Q-r1|K-a4|Q-a4,a00333a4c067f4462968d4b7b65f24c7a62a5bc04123a3fc87b78dbce13e9e8e
A-C18,confirmatory,18,A-C-blk05,2,P3,D3,1,Q,FLIP_CARD|REMOVE_ONE|ADD_ONE|ALIGN_ARROW,B|A|D|C,CLOSE|QUARANTINE|SCAN|TAG,E|H|F|G,Q-r3|K-r3|Q-a3|K-a1|Q-r1|K-r1|Q-a4|K-a4|Q-r4|K-r4|Q-a2|K-a3|Q-r2|K-r2|Q-a1|K-a2,64e52ff8e00b2af912e085c2616fe808e229860bd5513fcfd7cbb8441f11453a
