study,set,metric,scope,family,role,item,position,count,expected,deviation
A,pilot,label_index,all,K,action,ADD_ONE,1,1,0.75,0.25
A,pilot,label_index,all,K,action,ADD_ONE,2,1,0.75,0.25
A,pilot,label_index,all,K,action,ADD_ONE,3,0,0.75,-0.75
A,pilot,label_index,all,K,action,ADD_ONE,4,1,0.75,0.25
A,pilot,label_index,all,K,action,REMOVE_ONE,1,0,0.75,-0.75
A,pilot,label_index,all,K,action,REMOVE_ONE,2,1,0.75,0.25
A,pilot,label_index,all,K,action,REMOVE_ONE,3,1,0.75,0.25
A,pilot,label_index,all,K,action,REMOVE_ONE,4,1,0.75,0.25
A,pilot,label_index,all,K,action,FLIP_CARD,1,1,0.75,0.25
A,pilot,label_index,all,K,action,FLIP_CARD,2,0,0.75,-0.75
A,pilot,label_index,all,K,action,FLIP_CARD,3,1,0.75,0.25
A,pilot,label_index,all,K,action,FLIP_CARD,4,1,0.75,0.25
A,pilot,label_index,all,K,action,ALIGN_ARROW,1,1,0.75,0.25
A,pilot,label_index,all,K,action,ALIGN_ARROW,2,1,0.75,0.25
A,pilot,label_index,all,K,action,ALIGN_ARROW,3,1,0.75,0.25
A,pilot,label_index,all,K,action,ALIGN_ARROW,4,0,0.75,-0.75
A,pilot,label_index,all,K,referent,A,1,1,0.75,0.25
A,pilot,label_index,all,K,referent,A,2,0,0.75,-0.75
A,pilot,label_index,all,K,referent,A,3,1,0.75,0.25
A,pilot,label_index,all,K,referent,A,4,1,0.75,0.25
A,pilot,label_index,all,K,referent,B,1,1,0.75,0.25
A,pilot,label_index,all,K,referent,B,2,1,0.75,0.25
A,pilot,label_index,all,K,referent,B,3,1,0.75,0.25
A,pilot,label_index,all,K,referent,B,4,0,0.75,-0.75
A,pilot,label_index,all,K,referent,C,1,0,0.75,-0.75
A,pilot,label_index,all,K,referent,C,2,1,0.75,0.25
A,pilot,label_index,all,K,referent,C,3,1,0.75,0.25
A,pilot,label_index,all,K,referent,C,4,1,0.75,0.25
A,pilot,label_index,all,K,referent,D,1,1,0.75,0.25
A,pilot,label_index,all,K,referent,D,2,1,0.75,0.25
A,pilot,label_index,all,K,referent,D,3,0,0.75,-0.75
A,pilot,label_index,all,K,referent,D,4,1,0.75,0.25
A,pilot,label_index,all,Q,action,SCAN,1,1,0.75,0.25
A,pilot,label_index,all,Q,action,SCAN,2,0,0.75,-0.75
A,pilot,label_index,all,Q,action,SCAN,3,1,0.75,0.25
A,pilot,label_index,all,Q,action,SCAN,4,1,0.75,0.25
A,pilot,label_index,all,Q,action,TAG,1,1,0.75,0.25
A,pilot,label_index,all,Q,action,TAG,2,1,0.75,0.25
A,pilot,label_index,all,Q,action,TAG,3,0,0.75,-0.75
A,pilot,label_index,all,Q,action,TAG,4,1,0.75,0.25
A,pilot,label_index,all,Q,action,CLOSE,1,0,0.75,-0.75
A,pilot,label_index,all,Q,action,CLOSE,2,1,0.75,0.25
A,pilot,label_index,all,Q,action,CLOSE,3,1,0.75,0.25
A,pilot,label_index,all,Q,action,CLOSE,4,1,0.75,0.25
A,pilot,label_index,all,Q,action,QUARANTINE,1,1,0.75,0.25
A,pilot,label_index,all,Q,action,QUARANTINE,2,1,0.75,0.25
A,pilot,label_index,all,Q,action,QUARANTINE,3,1,0.75,0.25
A,pilot,label_index,all,Q,action,QUARANTINE,4,0,0.75,-0.75
A,pilot,label_index,all,Q,referent,E,1,1,0.75,0.25
A,pilot,label_index,all,Q,referent,E,2,1,0.75,0.25
A,pilot,label_index,all,Q,referent,E,3,1,0.75,0.25
A,pilot,label_index,all,Q,referent,E,4,0,0.75,-0.75
A,pilot,label_index,all,Q,referent,F,1,1,0.75,0.25
A,pilot,label_index,all,Q,referent,F,2,0,0.75,-0.75
A,pilot,label_index,all,Q,referent,F,3,1,0.75,0.25
A,pilot,label_index,all,Q,referent,F,4,1,0.75,0.25
A,pilot,label_index,all,Q,referent,G,1,0,0.75,-0.75
A,pilot,label_index,all,Q,referent,G,2,1,0.75,0.25
A,pilot,label_index,all,Q,referent,G,3,1,0.75,0.25
A,pilot,label_index,all,Q,referent,G,4,1,0.75,0.25
A,pilot,label_index,all,Q,referent,H,1,1,0.75,0.25
A,pilot,label_index,all,Q,referent,H,2,1,0.75,0.25
A,pilot,label_index,all,Q,referent,H,3,0,0.75,-0.75
A,pilot,label_index,all,Q,referent,H,4,1,0.75,0.25
A,pilot,atom_position,all,K,,K-a1,1,0,0.1875,-0.1875
A,pilot,atom_position,all,K,,K-a1,2,0,0.1875,-0.1875
A,pilot,atom_position,all,K,,K-a1,3,0,0.1875,-0.1875
A,pilot,atom_position,all,K,,K-a1,4,0,0.1875,-0.1875
A,pilot,atom_position,all,K,,K-a1,5,0,0.1875,-0.1875
A,pilot,atom_position,all,K,,K-a1,6,1,0.1875,0.8125
A,pilot,atom_position,all,K,,K-a1,7,0,0.1875,-0.1875
A,pilot,atom_position,all,K,,K-a1,8,0,0.1875,-0.1875
A,pilot,atom_position,all,K,,K-a1,9,0,0.1875,-0.1875
A,pilot,atom_position,all,K,,K-a1,10,0,0.1875,-0.1875
A,pilot,atom_position,all,K,,K-a1,11,1,0.1875,0.8125
A,pilot,atom_position,all,K,,K-a1,12,0,0.1875,-0.1875
A,pilot,atom_position,all,K,,K-a1,13,0,0.1875,-0.1875
A,pilot,atom_position,all,K,,K-a1,14,0,0.1875,-0.1875
A,pilot,atom_position,all,K,,K-a1,15,0,0.1875,-0.1875
A,pilot,atom_position,all,K,,K-a1,16,1,0.1875,0.8125
A,pilot,atom_position,all,K,,K-a2,1,0,0.1875,-0.1875
A,pilot,atom_position,all,K,,K-a2,2,0,0.1875,-0.1875
A,pilot,atom_position,all,K,,K-a2,3,0,0.1875,-0.1875
A,pilot,atom_position,all,K,,K-a2,4,1,0.1875,0.8125
A,pilot,atom_position,all,K,,K-a2,5,0,0.1875,-0.1875
A,pilot,atom_position,all,K,,K-a2,6,0,0.1875,-0.1875
A,pilot,atom_position,all,K,,K-a2,7,0,0.1875,-0.1875
A,pilot,atom_position,all,K,,K-a2,8,0,0.1875,-0.1875
A,pilot,atom_position,all,K,,K-a2,9,0,0.1875,-0.1875
A,pilot,atom_position,all,K,,K-a2,10,1,0.1875,0.8125
A,pilot,atom_position,all,K,,K-a2,11,0,0.1875,-0.1875
A,pilot,atom_position,all,K,,K-a2,12,0,0.1875,-0.1875
A,pilot,atom_position,all,K,,K-a2,13,0,0.1875,-0.1875
A,pilot,atom_position,all,K,,K-a2,14,0,0.1875,-0.1875
A,pilot,atom_position,all,K,,K-a2,15,1,0.1875,0.8125
A,pilot,atom_position,all,K,,K-a2,16,0,0.1875,-0.1875
A,pilot,atom_position,all,K,,K-a3,1,0,0.1875,-0.1875
A,pilot,atom_position,all,K,,K-a3,2,0,0.1875,-0.1875
A,pilot,atom_position,all,K,,K-a3,3,1,0.1875,0.8125
A,pilot,atom_position,all,K,,K-a3,4,0,0.1875,-0.1875
A,pilot,atom_position,all,K,,K-a3,5,0,0.1875,-0.1875
A,pilot,atom_position,all,K,,K-a3,6,0,0.1875,-0.1875
A,pilot,atom_position,all,K,,K-a3,7,0,0.1875,-0.1875
A,pilot,atom_position,all,K,,K-a3,8,1,0.1875,0.8125
A,pilot,atom_position,all,K,,K-a3,9,0,0.1875,-0.1875
A,pilot,atom_position,all,K,,K-a3,10,0,0.1875,-0.1875
A,pilot,atom_position,all,K,,K-a3,11,0,0.1875,-0.1875
A,pilot,atom_position,all,K,,K-a3,12,0,0.1875,-0.1875
A,pilot,atom_position,all,K,,K-a3,13,0,0.1875,-0.1875
A,pilot,atom_position,all,K,,K-a3,14,1,0.1875,0.8125
A,pilot,atom_position,all,K,,K-a3,15,0,0.1875,-0.1875
A,pilot,atom_position,all,K,,K-a3,16,0,0.1875,-0.1875
A,pilot,atom_position,all,K,,K-a4,1,0,0.1875,-0.1875
A,pilot,atom_position,all,K,,K-a4,2,1,0.1875,0.8125
A,pilot,atom_position,all,K,,K-a4,3,0,0.1875,-0.1875
A,pilot,atom_position,all,K,,K-a4,4,0,0.1875,-0.1875
A,pilot,atom_position,all,K,,K-a4,5,0,0.1875,-0.1875
A,pilot,atom_position,all,K,,K-a4,6,0,0.1875,-0.1875
A,pilot,atom_position,all,K,,K-a4,7,1,0.1875,0.8125
A,pilot,atom_position,all,K,,K-a4,8,0,0.1875,-0.1875
A,pilot,atom_position,all,K,,K-a4,9,0,0.1875,-0.1875
A,pilot,atom_position,all,K,,K-a4,10,0,0.1875,-0.1875
A,pilot,atom_position,all,K,,K-a4,11,0,0.1875,-0.1875
A,pilot,atom_position,all,K,,K-a4,12,1,0.1875,0.8125
A,pilot,atom_position,all,K,,K-a4,13,0,0.1875,-0.1875
A,pilot,atom_position,all,K,,K-a4,14,0,0.1875,-0.1875
A,pilot,atom_position,all,K,,K-a4,15,0,0.1875,-0.1875
A,pilot,atom_position,all,K,,K-a4,16,0,0.1875,-0.1875
A,pilot,atom_position,all,K,,K-r1,1,0,0.1875,-0.1875
A,pilot,atom_position,all,K,,K-r1,2,0,0.1875,-0.1875
A,pilot,atom_position,all,K,,K-r1,3,0,0.1875,-0.1875
A,pilot,atom_position,all,K,,K-r1,4,0,0.1875,-0.1875
A,pilot,atom_position,all,K,,K-r1,5,0,0.1875,-0.1875
A,pilot,atom_position,all,K,,K-r1,6,0,0.1875,-0.1875
A,pilot,atom_position,all,K,,K-r1,7,0,0.1875,-0.1875
A,pilot,atom_position,all,K,,K-r1,8,1,0.1875,0.8125
A,pilot,atom_position,all,K,,K-r1,9,1,0.1875,0.8125
A,pilot,atom_position,all,K,,K-r1,10,0,0.1875,-0.1875
A,pilot,atom_position,all,K,,K-r1,11,0,0.1875,-0.1875
A,pilot,atom_position,all,K,,K-r1,12,0,0.1875,-0.1875
A,pilot,atom_position,all,K,,K-r1,13,0,0.1875,-0.1875
A,pilot,atom_position,all,K,,K-r1,14,1,0.1875,0.8125
A,pilot,atom_position,all,K,,K-r1,15,0,0.1875,-0.1875
A,pilot,atom_position,all,K,,K-r1,16,0,0.1875,-0.1875
A,pilot,atom_position,all,K,,K-r2,1,0,0.1875,-0.1875
A,pilot,atom_position,all,K,,K-r2,2,1,0.1875,0.8125
A,pilot,atom_position,all,K,,K-r2,3,0,0.1875,-0.1875
A,pilot,atom_position,all,K,,K-r2,4,0,0.1875,-0.1875
A,pilot,atom_position,all,K,,K-r2,5,0,0.1875,-0.1875
A,pilot,atom_position,all,K,,K-r2,6,0,0.1875,-0.1875
A,pilot,atom_position,all,K,,K-r2,7,0,0.1875,-0.1875
A,pilot,atom_position,all,K,,K-r2,8,0,0.1875,-0.1875
A,pilot,atom_position,all,K,,K-r2,9,0,0.1875,-0.1875
A,pilot,atom_position,all,K,,K-r2,10,0,0.1875,-0.1875
A,pilot,atom_position,all,K,,K-r2,11,0,0.1875,-0.1875
A,pilot,atom_position,all,K,,K-r2,12,1,0.1875,0.8125
A,pilot,atom_position,all,K,,K-r2,13,1,0.1875,0.8125
A,pilot,atom_position,all,K,,K-r2,14,0,0.1875,-0.1875
A,pilot,atom_position,all,K,,K-r2,15,0,0.1875,-0.1875
A,pilot,atom_position,all,K,,K-r2,16,0,0.1875,-0.1875
A,pilot,atom_position,all,K,,K-r3,1,1,0.1875,0.8125
A,pilot,atom_position,all,K,,K-r3,2,0,0.1875,-0.1875
A,pilot,atom_position,all,K,,K-r3,3,0,0.1875,-0.1875
A,pilot,atom_position,all,K,,K-r3,4,0,0.1875,-0.1875
A,pilot,atom_position,all,K,,K-r3,5,0,0.1875,-0.1875
A,pilot,atom_position,all,K,,K-r3,6,1,0.1875,0.8125
A,pilot,atom_position,all,K,,K-r3,7,0,0.1875,-0.1875
A,pilot,atom_position,all,K,,K-r3,8,0,0.1875,-0.1875
A,pilot,atom_position,all,K,,K-r3,9,0,0.1875,-0.1875
A,pilot,atom_position,all,K,,K-r3,10,0,0.1875,-0.1875
A,pilot,atom_position,all,K,,K-r3,11,0,0.1875,-0.1875
A,pilot,atom_position,all,K,,K-r3,12,0,0.1875,-0.1875
A,pilot,atom_position,all,K,,K-r3,13,0,0.1875,-0.1875
A,pilot,atom_position,all,K,,K-r3,14,0,0.1875,-0.1875
A,pilot,atom_position,all,K,,K-r3,15,0,0.1875,-0.1875
A,pilot,atom_position,all,K,,K-r3,16,1,0.1875,0.8125
A,pilot,atom_position,all,K,,K-r4,1,0,0.1875,-0.1875
A,pilot,atom_position,all,K,,K-r4,2,0,0.1875,-0.1875
A,pilot,atom_position,all,K,,K-r4,3,0,0.1875,-0.1875
A,pilot,atom_position,all,K,,K-r4,4,1,0.1875,0.8125
A,pilot,atom_position,all,K,,K-r4,5,1,0.1875,0.8125
A,pilot,atom_position,all,K,,K-r4,6,0,0.1875,-0.1875
A,pilot,atom_position,all,K,,K-r4,7,0,0.1875,-0.1875
A,pilot,atom_position,all,K,,K-r4,8,0,0.1875,-0.1875
A,pilot,atom_position,all,K,,K-r4,9,0,0.1875,-0.1875
A,pilot,atom_position,all,K,,K-r4,10,1,0.1875,0.8125
A,pilot,atom_position,all,K,,K-r4,11,0,0.1875,-0.1875
A,pilot,atom_position,all,K,,K-r4,12,0,0.1875,-0.1875
A,pilot,atom_position,all,K,,K-r4,13,0,0.1875,-0.1875
A,pilot,atom_position,all,K,,K-r4,14,0,0.1875,-0.1875
A,pilot,atom_position,all,K,,K-r4,15,0,0.1875,-0.1875
A,pilot,atom_position,all,K,,K-r4,16,0,0.1875,-0.1875
A,pilot,atom_position,all,Q,,Q-a1,1,0,0.1875,-0.1875
A,pilot,atom_position,all,Q,,Q-a1,2,0,0.1875,-0.1875
A,pilot,atom_position,all,Q,,Q-a1,3,0,0.1875,-0.1875
A,pilot,atom_position,all,Q,,Q-a1,4,1,0.1875,0.8125
A,pilot,atom_position,all,Q,,Q-a1,5,0,0.1875,-0.1875
A,pilot,atom_position,all,Q,,Q-a1,6,0,0.1875,-0.1875
A,pilot,atom_position,all,Q,,Q-a1,7,1,0.1875,0.8125
A,pilot,atom_position,all,Q,,Q-a1,8,0,0.1875,-0.1875
A,pilot,atom_position,all,Q,,Q-a1,9,0,0.1875,-0.1875
A,pilot,atom_position,all,Q,,Q-a1,10,0,0.1875,-0.1875
A,pilot,atom_position,all,Q,,Q-a1,11,0,0.1875,-0.1875
A,pilot,atom_position,all,Q,,Q-a1,12,0,0.1875,-0.1875
A,pilot,atom_position,all,Q,,Q-a1,13,1,0.1875,0.8125
A,pilot,atom_position,all,Q,,Q-a1,14,0,0.1875,-0.1875
A,pilot,atom_position,all,Q,,Q-a1,15,0,0.1875,-0.1875
A,pilot,atom_position,all,Q,,Q-a1,16,0,0.1875,-0.1875
A,pilot,atom_position,all,Q,,Q-a2,1,1,0.1875,0.8125
A,pilot,atom_position,all,Q,,Q-a2,2,0,0.1875,-0.1875
A,pilot,atom_position,all,Q,,Q-a2,3,0,0.1875,-0.1875
A,pilot,atom_position,all,Q,,Q-a2,4,0,0.1875,-0.1875
A,pilot,atom_position,all,Q,,Q-a2,5,0,0.1875,-0.1875
A,pilot,atom_position,all,Q,,Q-a2,6,0,0.1875,-0.1875
A,pilot,atom_position,all,Q,,Q-a2,7,0,0.1875,-0.1875
A,pilot,atom_position,all,Q,,Q-a2,8,1,0.1875,0.8125
A,pilot,atom_position,all,Q,,Q-a2,9,0,0.1875,-0.1875
A,pilot,atom_position,all,Q,,Q-a2,10,0,0.1875,-0.1875
A,pilot,atom_position,all,Q,,Q-a2,11,1,0.1875,0.8125
A,pilot,atom_position,all,Q,,Q-a2,12,0,0.1875,-0.1875
A,pilot,atom_position,all,Q,,Q-a2,13,0,0.1875,-0.1875
A,pilot,atom_position,all,Q,,Q-a2,14,0,0.1875,-0.1875
A,pilot,atom_position,all,Q,,Q-a2,15,0,0.1875,-0.1875
A,pilot,atom_position,all,Q,,Q-a2,16,0,0.1875,-0.1875
A,pilot,atom_position,all,Q,,Q-a3,1,0,0.1875,-0.1875
A,pilot,atom_position,all,Q,,Q-a3,2,0,0.1875,-0.1875
A,pilot,atom_position,all,Q,,Q-a3,3,0,0.1875,-0.1875
A,pilot,atom_position,all,Q,,Q-a3,4,0,0.1875,-0.1875
A,pilot,atom_position,all,Q,,Q-a3,5,1,0.1875,0.8125
A,pilot,atom_position,all,Q,,Q-a3,6,0,0.1875,-0.1875
A,pilot,atom_position,all,Q,,Q-a3,7,0,0.1875,-0.1875
A,pilot,atom_position,all,Q,,Q-a3,8,0,0.1875,-0.1875
A,pilot,atom_position,all,Q,,Q-a3,9,0,0.1875,-0.1875
A,pilot,atom_position,all,Q,,Q-a3,10,0,0.1875,-0.1875
A,pilot,atom_position,all,Q,,Q-a3,11,0,0.1875,-0.1875
A,pilot,atom_position,all,Q,,Q-a3,12,1,0.1875,0.8125
A,pilot,atom_position,all,Q,,Q-a3,13,0,0.1875,-0.1875
A,pilot,atom_position,all,Q,,Q-a3,14,0,0.1875,-0.1875
A,pilot,atom_position,all,Q,,Q-a3,15,1,0.1875,0.8125
A,pilot,atom_position,all,Q,,Q-a3,16,0,0.1875,-0.1875
A,pilot,atom_position,all,Q,,Q-a4,1,0,0.1875,-0.1875
A,pilot,atom_position,all,Q,,Q-a4,2,0,0.1875,-0.1875
A,pilot,atom_position,all,Q,,Q-a4,3,1,0.1875,0.8125
A,pilot,atom_position,all,Q,,Q-a4,4,0,0.1875,-0.1875
A,pilot,atom_position,all,Q,,Q-a4,5,0,0.1875,-0.1875
A,pilot,atom_position,all,Q,,Q-a4,6,0,0.1875,-0.1875
A,pilot,atom_position,all,Q,,Q-a4,7,0,0.1875,-0.1875
A,pilot,atom_position,all,Q,,Q-a4,8,0,0.1875,-0.1875
A,pilot,atom_position,all,Q,,Q-a4,9,1,0.1875,0.8125
A,pilot,atom_position,all,Q,,Q-a4,10,0,0.1875,-0.1875
A,pilot,atom_position,all,Q,,Q-a4,11,0,0.1875,-0.1875
A,pilot,atom_position,all,Q,,Q-a4,12,0,0.1875,-0.1875
A,pilot,atom_position,all,Q,,Q-a4,13,0,0.1875,-0.1875
A,pilot,atom_position,all,Q,,Q-a4,14,0,0.1875,-0.1875
A,pilot,atom_position,all,Q,,Q-a4,15,0,0.1875,-0.1875
A,pilot,atom_position,all,Q,,Q-a4,16,1,0.1875,0.8125
A,pilot,atom_position,all,Q,,Q-r1,1,0,0.1875,-0.1875
A,pilot,atom_position,all,Q,,Q-r1,2,0,0.1875,-0.1875
A,pilot,atom_position,all,Q,,Q-r1,3,0,0.1875,-0.1875
A,pilot,atom_position,all,Q,,Q-r1,4,0,0.1875,-0.1875
A,pilot,atom_position,all,Q,,Q-r1,5,0,0.1875,-0.1875
A,pilot,atom_position,all,Q,,Q-r1,6,0,0.1875,-0.1875
A,pilot,atom_position,all,Q,,Q-r1,7,1,0.1875,0.8125
A,pilot,atom_position,all,Q,,Q-r1,8,0,0.1875,-0.1875
A,pilot,atom_position,all,Q,,Q-r1,9,0,0.1875,-0.1875
A,pilot,atom_position,all,Q,,Q-r1,10,1,0.1875,0.8125
A,pilot,atom_position,all,Q,,Q-r1,11,0,0.1875,-0.1875
A,pilot,atom_position,all,Q,,Q-r1,12,0,0.1875,-0.1875
A,pilot,atom_position,all,Q,,Q-r1,13,1,0.1875,0.8125
A,pilot,atom_position,all,Q,,Q-r1,14,0,0.1875,-0.1875
A,pilot,atom_position,all,Q,,Q-r1,15,0,0.1875,-0.1875
A,pilot,atom_position,all,Q,,Q-r1,16,0,0.1875,-0.1875
A,pilot,atom_position,all,Q,,Q-r2,1,0,0.1875,-0.1875
A,pilot,atom_position,all,Q,,Q-r2,2,0,0.1875,-0.1875
A,pilot,atom_position,all,Q,,Q-r2,3,1,0.1875,0.8125
A,pilot,atom_position,all,Q,,Q-r2,4,0,0.1875,-0.1875
A,pilot,atom_position,all,Q,,Q-r2,5,0,0.1875,-0.1875
A,pilot,atom_position,all,Q,,Q-r2,6,1,0.1875,0.8125
A,pilot,atom_position,all,Q,,Q-r2,7,0,0.1875,-0.1875
A,pilot,atom_position,all,Q,,Q-r2,8,0,0.1875,-0.1875
A,pilot,atom_position,all,Q,,Q-r2,9,1,0.1875,0.8125
A,pilot,atom_position,all,Q,,Q-r2,10,0,0.1875,-0.1875
A,pilot,atom_position,all,Q,,Q-r2,11,0,0.1875,-0.1875
A,pilot,atom_position,all,Q,,Q-r2,12,0,0.1875,-0.1875
A,pilot,atom_position,all,Q,,Q-r2,13,0,0.1875,-0.1875
A,pilot,atom_position,all,Q,,Q-r2,14,0,0.1875,-0.1875
A,pilot,atom_position,all,Q,,Q-r2,15,0,0.1875,-0.1875
A,pilot,atom_position,all,Q,,Q-r2,16,0,0.1875,-0.1875
A,pilot,atom_position,all,Q,,Q-r3,1,1,0.1875,0.8125
A,pilot,atom_position,all,Q,,Q-r3,2,0,0.1875,-0.1875
A,pilot,atom_position,all,Q,,Q-r3,3,0,0.1875,-0.1875
A,pilot,atom_position,all,Q,,Q-r3,4,0,0.1875,-0.1875
A,pilot,atom_position,all,Q,,Q-r3,5,0,0.1875,-0.1875
A,pilot,atom_position,all,Q,,Q-r3,6,0,0.1875,-0.1875
A,pilot,atom_position,all,Q,,Q-r3,7,0,0.1875,-0.1875
A,pilot,atom_position,all,Q,,Q-r3,8,0,0.1875,-0.1875
A,pilot,atom_position,all,Q,,Q-r3,9,0,0.1875,-0.1875
A,pilot,atom_position,all,Q,,Q-r3,10,0,0.1875,-0.1875
A,pilot,atom_position,all,Q,,Q-r3,11,1,0.1875,0.8125
A,pilot,atom_position,all,Q,,Q-r3,12,0,0.1875,-0.1875
A,pilot,atom_position,all,Q,,Q-r3,13,0,0.1875,-0.1875
A,pilot,atom_position,all,Q,,Q-r3,14,1,0.1875,0.8125
A,pilot,atom_position,all,Q,,Q-r3,15,0,0.1875,-0.1875
A,pilot,atom_position,all,Q,,Q-r3,16,0,0.1875,-0.1875
A,pilot,atom_position,all,Q,,Q-r4,1,0,0.1875,-0.1875
A,pilot,atom_position,all,Q,,Q-r4,2,1,0.1875,0.8125
A,pilot,atom_position,all,Q,,Q-r4,3,0,0.1875,-0.1875
A,pilot,atom_position,all,Q,,Q-r4,4,0,0.1875,-0.1875
A,pilot,atom_position,all,Q,,Q-r4,5,1,0.1875,0.8125
A,pilot,atom_position,all,Q,,Q-r4,6,0,0.1875,-0.1875
A,pilot,atom_position,all,Q,,Q-r4,7,0,0.1875,-0.1875
A,pilot,atom_position,all,Q,,Q-r4,8,0,0.1875,-0.1875
A,pilot,atom_position,all,Q,,Q-r4,9,0,0.1875,-0.1875
A,pilot,atom_position,all,Q,,Q-r4,10,0,0.1875,-0.1875
A,pilot,atom_position,all,Q,,Q-r4,11,0,0.1875,-0.1875
A,pilot,atom_position,all,Q,,Q-r4,12,0,0.1875,-0.1875
A,pilot,atom_position,all,Q,,Q-r4,13,0,0.1875,-0.1875
A,pilot,atom_position,all,Q,,Q-r4,14,0,0.1875,-0.1875
A,pilot,atom_position,all,Q,,Q-r4,15,1,0.1875,0.8125
A,pilot,atom_position,all,Q,,Q-r4,16,0,0.1875,-0.1875
A,pilot,family_first,all,,,K,,1,1.5,-0.5
A,pilot,family_first,all,,,Q,,2,1.5,0.5
A,pilot,swap_w1_w4,all,,,0,,1,1.5,-0.5
A,pilot,swap_w1_w4,all,,,1,,2,1.5,0.5
A,pilot,profile,all,,,P1,,1,1,0
A,pilot,profile,all,,,P2,,1,1,0
A,pilot,profile,all,,,P3,,1,1,0
A,pilot,designer,all,,,D1,,1,1,0
A,pilot,designer,all,,,D2,,1,1,0
A,pilot,designer,all,,,D3,,1,1,0
A,pilot,label_index,profile=P1,K,action,ADD_ONE,1,1,0.25,0.75
A,pilot,label_index,profile=P1,K,action,ADD_ONE,2,0,0.25,-0.25
A,pilot,label_index,profile=P1,K,action,ADD_ONE,3,0,0.25,-0.25
A,pilot,label_index,profile=P1,K,action,ADD_ONE,4,0,0.25,-0.25
A,pilot,label_index,profile=P1,K,action,REMOVE_ONE,1,0,0.25,-0.25
A,pilot,label_index,profile=P1,K,action,REMOVE_ONE,2,0,0.25,-0.25
A,pilot,label_index,profile=P1,K,action,REMOVE_ONE,3,1,0.25,0.75
A,pilot,label_index,profile=P1,K,action,REMOVE_ONE,4,0,0.25,-0.25
A,pilot,label_index,profile=P1,K,action,FLIP_CARD,1,0,0.25,-0.25
A,pilot,label_index,profile=P1,K,action,FLIP_CARD,2,0,0.25,-0.25
A,pilot,label_index,profile=P1,K,action,FLIP_CARD,3,0,0.25,-0.25
A,pilot,label_index,profile=P1,K,action,FLIP_CARD,4,1,0.25,0.75
A,pilot,label_index,profile=P1,K,action,ALIGN_ARROW,1,0,0.25,-0.25
A,pilot,label_index,profile=P1,K,action,ALIGN_ARROW,2,1,0.25,0.75
A,pilot,label_index,profile=P1,K,action,ALIGN_ARROW,3,0,0.25,-0.25
A,pilot,label_index,profile=P1,K,action,ALIGN_ARROW,4,0,0.25,-0.25
A,pilot,label_index,profile=P1,K,referent,A,1,0,0.25,-0.25
A,pilot,label_index,profile=P1,K,referent,A,2,0,0.25,-0.25
A,pilot,label_index,profile=P1,K,referent,A,3,0,0.25,-0.25
A,pilot,label_index,profile=P1,K,referent,A,4,1,0.25,0.75
A,pilot,label_index,profile=P1,K,referent,B,1,0,0.25,-0.25
A,pilot,label_index,profile=P1,K,referent,B,2,1,0.25,0.75
A,pilot,label_index,profile=P1,K,referent,B,3,0,0.25,-0.25
A,pilot,label_index,profile=P1,K,referent,B,4,0,0.25,-0.25
A,pilot,label_index,profile=P1,K,referent,C,1,0,0.25,-0.25
A,pilot,label_index,profile=P1,K,referent,C,2,0,0.25,-0.25
A,pilot,label_index,profile=P1,K,referent,C,3,1,0.25,0.75
A,pilot,label_index,profile=P1,K,referent,C,4,0,0.25,-0.25
A,pilot,label_index,profile=P1,K,referent,D,1,1,0.25,0.75
A,pilot,label_index,profile=P1,K,referent,D,2,0,0.25,-0.25
A,pilot,label_index,profile=P1,K,referent,D,3,0,0.25,-0.25
A,pilot,label_index,profile=P1,K,referent,D,4,0,0.25,-0.25
A,pilot,label_index,profile=P1,Q,action,SCAN,1,1,0.25,0.75
A,pilot,label_index,profile=P1,Q,action,SCAN,2,0,0.25,-0.25
A,pilot,label_index,profile=P1,Q,action,SCAN,3,0,0.25,-0.25
A,pilot,label_index,profile=P1,Q,action,SCAN,4,0,0.25,-0.25
A,pilot,label_index,profile=P1,Q,action,TAG,1,0,0.25,-0.25
A,pilot,label_index,profile=P1,Q,action,TAG,2,1,0.25,0.75
A,pilot,label_index,profile=P1,Q,action,TAG,3,0,0.25,-0.25
A,pilot,label_index,profile=P1,Q,action,TAG,4,0,0.25,-0.25
A,pilot,label_index,profile=P1,Q,action,CLOSE,1,0,0.25,-0.25
A,pilot,label_index,profile=P1,Q,action,CLOSE,2,0,0.25,-0.25
A,pilot,label_index,profile=P1,Q,action,CLOSE,3,0,0.25,-0.25
A,pilot,label_index,profile=P1,Q,action,CLOSE,4,1,0.25,0.75
A,pilot,label_index,profile=P1,Q,action,QUARANTINE,1,0,0.25,-0.25
A,pilot,label_index,profile=P1,Q,action,QUARANTINE,2,0,0.25,-0.25
A,pilot,label_index,profile=P1,Q,action,QUARANTINE,3,1,0.25,0.75
A,pilot,label_index,profile=P1,Q,action,QUARANTINE,4,0,0.25,-0.25
A,pilot,label_index,profile=P1,Q,referent,E,1,0,0.25,-0.25
A,pilot,label_index,profile=P1,Q,referent,E,2,1,0.25,0.75
A,pilot,label_index,profile=P1,Q,referent,E,3,0,0.25,-0.25
A,pilot,label_index,profile=P1,Q,referent,E,4,0,0.25,-0.25
A,pilot,label_index,profile=P1,Q,referent,F,1,0,0.25,-0.25
A,pilot,label_index,profile=P1,Q,referent,F,2,0,0.25,-0.25
A,pilot,label_index,profile=P1,Q,referent,F,3,0,0.25,-0.25
A,pilot,label_index,profile=P1,Q,referent,F,4,1,0.25,0.75
A,pilot,label_index,profile=P1,Q,referent,G,1,0,0.25,-0.25
A,pilot,label_index,profile=P1,Q,referent,G,2,0,0.25,-0.25
A,pilot,label_index,profile=P1,Q,referent,G,3,1,0.25,0.75
A,pilot,label_index,profile=P1,Q,referent,G,4,0,0.25,-0.25
A,pilot,label_index,profile=P1,Q,referent,H,1,1,0.25,0.75
A,pilot,label_index,profile=P1,Q,referent,H,2,0,0.25,-0.25
A,pilot,label_index,profile=P1,Q,referent,H,3,0,0.25,-0.25
A,pilot,label_index,profile=P1,Q,referent,H,4,0,0.25,-0.25
A,pilot,family_first,profile=P1,,,K,,0,0.5,-0.5
A,pilot,family_first,profile=P1,,,Q,,1,0.5,0.5
A,pilot,swap_w1_w4,profile=P1,,,0,,0,0.5,-0.5
A,pilot,swap_w1_w4,profile=P1,,,1,,1,0.5,0.5
A,pilot,designer,profile=P1,,,D1,,1,0.3333,0.6667
A,pilot,designer,profile=P1,,,D2,,0,0.3333,-0.3333
A,pilot,designer,profile=P1,,,D3,,0,0.3333,-0.3333
A,pilot,label_index,profile=P2,K,action,ADD_ONE,1,0,0.25,-0.25
A,pilot,label_index,profile=P2,K,action,ADD_ONE,2,0,0.25,-0.25
A,pilot,label_index,profile=P2,K,action,ADD_ONE,3,0,0.25,-0.25
A,pilot,label_index,profile=P2,K,action,ADD_ONE,4,1,0.25,0.75
A,pilot,label_index,profile=P2,K,action,REMOVE_ONE,1,0,0.25,-0.25
A,pilot,label_index,profile=P2,K,action,REMOVE_ONE,2,1,0.25,0.75
A,pilot,label_index,profile=P2,K,action,REMOVE_ONE,3,0,0.25,-0.25
A,pilot,label_index,profile=P2,K,action,REMOVE_ONE,4,0,0.25,-0.25
A,pilot,label_index,profile=P2,K,action,FLIP_CARD,1,0,0.25,-0.25
A,pilot,label_index,profile=P2,K,action,FLIP_CARD,2,0,0.25,-0.25
A,pilot,label_index,profile=P2,K,action,FLIP_CARD,3,1,0.25,0.75
A,pilot,label_index,profile=P2,K,action,FLIP_CARD,4,0,0.25,-0.25
A,pilot,label_index,profile=P2,K,action,ALIGN_ARROW,1,1,0.25,0.75
A,pilot,label_index,profile=P2,K,action,ALIGN_ARROW,2,0,0.25,-0.25
A,pilot,label_index,profile=P2,K,action,ALIGN_ARROW,3,0,0.25,-0.25
A,pilot,label_index,profile=P2,K,action,ALIGN_ARROW,4,0,0.25,-0.25
A,pilot,label_index,profile=P2,K,referent,A,1,0,0.25,-0.25
A,pilot,label_index,profile=P2,K,referent,A,2,0,0.25,-0.25
A,pilot,label_index,profile=P2,K,referent,A,3,1,0.25,0.75
A,pilot,label_index,profile=P2,K,referent,A,4,0,0.25,-0.25
A,pilot,label_index,profile=P2,K,referent,B,1,1,0.25,0.75
A,pilot,label_index,profile=P2,K,referent,B,2,0,0.25,-0.25
A,pilot,label_index,profile=P2,K,referent,B,3,0,0.25,-0.25
A,pilot,label_index,profile=P2,K,referent,B,4,0,0.25,-0.25
A,pilot,label_index,profile=P2,K,referent,C,1,0,0.25,-0.25
A,pilot,label_index,profile=P2,K,referent,C,2,1,0.25,0.75
A,pilot,label_index,profile=P2,K,referent,C,3,0,0.25,-0.25
A,pilot,label_index,profile=P2,K,referent,C,4,0,0.25,-0.25
A,pilot,label_index,profile=P2,K,referent,D,1,0,0.25,-0.25
A,pilot,label_index,profile=P2,K,referent,D,2,0,0.25,-0.25
A,pilot,label_index,profile=P2,K,referent,D,3,0,0.25,-0.25
A,pilot,label_index,profile=P2,K,referent,D,4,1,0.25,0.75
A,pilot,label_index,profile=P2,Q,action,SCAN,1,0,0.25,-0.25
A,pilot,label_index,profile=P2,Q,action,SCAN,2,0,0.25,-0.25
A,pilot,label_index,profile=P2,Q,action,SCAN,3,1,0.25,0.75
A,pilot,label_index,profile=P2,Q,action,SCAN,4,0,0.25,-0.25
A,pilot,label_index,profile=P2,Q,action,TAG,1,0,0.25,-0.25
A,pilot,label_index,profile=P2,Q,action,TAG,2,0,0.25,-0.25
A,pilot,label_index,profile=P2,Q,action,TAG,3,0,0.25,-0.25
A,pilot,label_index,profile=P2,Q,action,TAG,4,1,0.25,0.75
A,pilot,label_index,profile=P2,Q,action,CLOSE,1,0,0.25,-0.25
A,pilot,label_index,profile=P2,Q,action,CLOSE,2,1,0.25,0.75
A,pilot,label_index,profile=P2,Q,action,CLOSE,3,0,0.25,-0.25
A,pilot,label_index,profile=P2,Q,action,CLOSE,4,0,0.25,-0.25
A,pilot,label_index,profile=P2,Q,action,QUARANTINE,1,1,0.25,0.75
A,pilot,label_index,profile=P2,Q,action,QUARANTINE,2,0,0.25,-0.25
A,pilot,label_index,profile=P2,Q,action,QUARANTINE,3,0,0.25,-0.25
A,pilot,label_index,profile=P2,Q,action,QUARANTINE,4,0,0.25,-0.25
A,pilot,label_index,profile=P2,Q,referent,E,1,0,0.25,-0.25
A,pilot,label_index,profile=P2,Q,referent,E,2,0,0.25,-0.25
A,pilot,label_index,profile=P2,Q,referent,E,3,1,0.25,0.75
A,pilot,label_index,profile=P2,Q,referent,E,4,0,0.25,-0.25
A,pilot,label_index,profile=P2,Q,referent,F,1,1,0.25,0.75
A,pilot,label_index,profile=P2,Q,referent,F,2,0,0.25,-0.25
A,pilot,label_index,profile=P2,Q,referent,F,3,0,0.25,-0.25
A,pilot,label_index,profile=P2,Q,referent,F,4,0,0.25,-0.25
A,pilot,label_index,profile=P2,Q,referent,G,1,0,0.25,-0.25
A,pilot,label_index,profile=P2,Q,referent,G,2,0,0.25,-0.25
A,pilot,label_index,profile=P2,Q,referent,G,3,0,0.25,-0.25
A,pilot,label_index,profile=P2,Q,referent,G,4,1,0.25,0.75
A,pilot,label_index,profile=P2,Q,referent,H,1,0,0.25,-0.25
A,pilot,label_index,profile=P2,Q,referent,H,2,1,0.25,0.75
A,pilot,label_index,profile=P2,Q,referent,H,3,0,0.25,-0.25
A,pilot,label_index,profile=P2,Q,referent,H,4,0,0.25,-0.25
A,pilot,family_first,profile=P2,,,K,,0,0.5,-0.5
A,pilot,family_first,profile=P2,,,Q,,1,0.5,0.5
A,pilot,swap_w1_w4,profile=P2,,,0,,0,0.5,-0.5
A,pilot,swap_w1_w4,profile=P2,,,1,,1,0.5,0.5
A,pilot,designer,profile=P2,,,D1,,0,0.3333,-0.3333
A,pilot,designer,profile=P2,,,D2,,0,0.3333,-0.3333
A,pilot,designer,profile=P2,,,D3,,1,0.3333,0.6667
A,pilot,label_index,profile=P3,K,action,ADD_ONE,1,0,0.25,-0.25
A,pilot,label_index,profile=P3,K,action,ADD_ONE,2,1,0.25,0.75
A,pilot,label_index,profile=P3,K,action,ADD_ONE,3,0,0.25,-0.25
A,pilot,label_index,profile=P3,K,action,ADD_ONE,4,0,0.25,-0.25
A,pilot,label_index,profile=P3,K,action,REMOVE_ONE,1,0,0.25,-0.25
A,pilot,label_index,profile=P3,K,action,REMOVE_ONE,2,0,0.25,-0.25
A,pilot,label_index,profile=P3,K,action,REMOVE_ONE,3,0,0.25,-0.25
A,pilot,label_index,profile=P3,K,action,REMOVE_ONE,4,1,0.25,0.75
A,pilot,label_index,profile=P3,K,action,FLIP_CARD,1,1,0.25,0.75
A,pilot,label_index,profile=P3,K,action,FLIP_CARD,2,0,0.25,-0.25
A,pilot,label_index,profile=P3,K,action,FLIP_CARD,3,0,0.25,-0.25
A,pilot,label_index,profile=P3,K,action,FLIP_CARD,4,0,0.25,-0.25
A,pilot,label_index,profile=P3,K,action,ALIGN_ARROW,1,0,0.25,-0.25
A,pilot,label_index,profile=P3,K,action,ALIGN_ARROW,2,0,0.25,-0.25
A,pilot,label_index,profile=P3,K,action,ALIGN_ARROW,3,1,0.25,0.75
A,pilot,label_index,profile=P3,K,action,ALIGN_ARROW,4,0,0.25,-0.25
A,pilot,label_index,profile=P3,K,referent,A,1,1,0.25,0.75
A,pilot,label_index,profile=P3,K,referent,A,2,0,0.25,-0.25
A,pilot,label_index,profile=P3,K,referent,A,3,0,0.25,-0.25
A,pilot,label_index,profile=P3,K,referent,A,4,0,0.25,-0.25
A,pilot,label_index,profile=P3,K,referent,B,1,0,0.25,-0.25
A,pilot,label_index,profile=P3,K,referent,B,2,0,0.25,-0.25
A,pilot,label_index,profile=P3,K,referent,B,3,1,0.25,0.75
A,pilot,label_index,profile=P3,K,referent,B,4,0,0.25,-0.25
A,pilot,label_index,profile=P3,K,referent,C,1,0,0.25,-0.25
A,pilot,label_index,profile=P3,K,referent,C,2,0,0.25,-0.25
A,pilot,label_index,profile=P3,K,referent,C,3,0,0.25,-0.25
A,pilot,label_index,profile=P3,K,referent,C,4,1,0.25,0.75
A,pilot,label_index,profile=P3,K,referent,D,1,0,0.25,-0.25
A,pilot,label_index,profile=P3,K,referent,D,2,1,0.25,0.75
A,pilot,label_index,profile=P3,K,referent,D,3,0,0.25,-0.25
A,pilot,label_index,profile=P3,K,referent,D,4,0,0.25,-0.25
A,pilot,label_index,profile=P3,Q,action,SCAN,1,0,0.25,-0.25
A,pilot,label_index,profile=P3,Q,action,SCAN,2,0,0.25,-0.25
A,pilot,label_index,profile=P3,Q,action,SCAN,3,0,0.25,-0.25
A,pilot,label_index,profile=P3,Q,action,SCAN,4,1,0.25,0.75
A,pilot,label_index,profile=P3,Q,action,TAG,1,1,0.25,0.75
A,pilot,label_index,profile=P3,Q,action,TAG,2,0,0.25,-0.25
A,pilot,label_index,profile=P3,Q,action,TAG,3,0,0.25,-0.25
A,pilot,label_index,profile=P3,Q,action,TAG,4,0,0.25,-0.25
A,pilot,label_index,profile=P3,Q,action,CLOSE,1,0,0.25,-0.25
A,pilot,label_index,profile=P3,Q,action,CLOSE,2,0,0.25,-0.25
A,pilot,label_index,profile=P3,Q,action,CLOSE,3,1,0.25,0.75
A,pilot,label_index,profile=P3,Q,action,CLOSE,4,0,0.25,-0.25
A,pilot,label_index,profile=P3,Q,action,QUARANTINE,1,0,0.25,-0.25
A,pilot,label_index,profile=P3,Q,action,QUARANTINE,2,1,0.25,0.75
A,pilot,label_index,profile=P3,Q,action,QUARANTINE,3,0,0.25,-0.25
A,pilot,label_index,profile=P3,Q,action,QUARANTINE,4,0,0.25,-0.25
A,pilot,label_index,profile=P3,Q,referent,E,1,1,0.25,0.75
A,pilot,label_index,profile=P3,Q,referent,E,2,0,0.25,-0.25
A,pilot,label_index,profile=P3,Q,referent,E,3,0,0.25,-0.25
A,pilot,label_index,profile=P3,Q,referent,E,4,0,0.25,-0.25
A,pilot,label_index,profile=P3,Q,referent,F,1,0,0.25,-0.25
A,pilot,label_index,profile=P3,Q,referent,F,2,0,0.25,-0.25
A,pilot,label_index,profile=P3,Q,referent,F,3,1,0.25,0.75
A,pilot,label_index,profile=P3,Q,referent,F,4,0,0.25,-0.25
A,pilot,label_index,profile=P3,Q,referent,G,1,0,0.25,-0.25
A,pilot,label_index,profile=P3,Q,referent,G,2,1,0.25,0.75
A,pilot,label_index,profile=P3,Q,referent,G,3,0,0.25,-0.25
A,pilot,label_index,profile=P3,Q,referent,G,4,0,0.25,-0.25
A,pilot,label_index,profile=P3,Q,referent,H,1,0,0.25,-0.25
A,pilot,label_index,profile=P3,Q,referent,H,2,0,0.25,-0.25
A,pilot,label_index,profile=P3,Q,referent,H,3,0,0.25,-0.25
A,pilot,label_index,profile=P3,Q,referent,H,4,1,0.25,0.75
A,pilot,family_first,profile=P3,,,K,,1,0.5,0.5
A,pilot,family_first,profile=P3,,,Q,,0,0.5,-0.5
A,pilot,swap_w1_w4,profile=P3,,,0,,1,0.5,0.5
A,pilot,swap_w1_w4,profile=P3,,,1,,0,0.5,-0.5
A,pilot,designer,profile=P3,,,D1,,0,0.3333,-0.3333
A,pilot,designer,profile=P3,,,D2,,1,0.3333,0.6667
A,pilot,designer,profile=P3,,,D3,,0,0.3333,-0.3333
A,pilot,label_index,swap_w1_w4=0,K,action,ADD_ONE,1,0,0.25,-0.25
A,pilot,label_index,swap_w1_w4=0,K,action,ADD_ONE,2,1,0.25,0.75
A,pilot,label_index,swap_w1_w4=0,K,action,ADD_ONE,3,0,0.25,-0.25
A,pilot,label_index,swap_w1_w4=0,K,action,ADD_ONE,4,0,0.25,-0.25
A,pilot,label_index,swap_w1_w4=0,K,action,REMOVE_ONE,1,0,0.25,-0.25
A,pilot,label_index,swap_w1_w4=0,K,action,REMOVE_ONE,2,0,0.25,-0.25
A,pilot,label_index,swap_w1_w4=0,K,action,REMOVE_ONE,3,0,0.25,-0.25
A,pilot,label_index,swap_w1_w4=0,K,action,REMOVE_ONE,4,1,0.25,0.75
A,pilot,label_index,swap_w1_w4=0,K,action,FLIP_CARD,1,1,0.25,0.75
A,pilot,label_index,swap_w1_w4=0,K,action,FLIP_CARD,2,0,0.25,-0.25
A,pilot,label_index,swap_w1_w4=0,K,action,FLIP_CARD,3,0,0.25,-0.25
A,pilot,label_index,swap_w1_w4=0,K,action,FLIP_CARD,4,0,0.25,-0.25
A,pilot,label_index,swap_w1_w4=0,K,action,ALIGN_ARROW,1,0,0.25,-0.25
A,pilot,label_index,swap_w1_w4=0,K,action,ALIGN_ARROW,2,0,0.25,-0.25
A,pilot,label_index,swap_w1_w4=0,K,action,ALIGN_ARROW,3,1,0.25,0.75
A,pilot,label_index,swap_w1_w4=0,K,action,ALIGN_ARROW,4,0,0.25,-0.25
A,pilot,label_index,swap_w1_w4=0,K,referent,A,1,1,0.25,0.75
A,pilot,label_index,swap_w1_w4=0,K,referent,A,2,0,0.25,-0.25
A,pilot,label_index,swap_w1_w4=0,K,referent,A,3,0,0.25,-0.25
A,pilot,label_index,swap_w1_w4=0,K,referent,A,4,0,0.25,-0.25
A,pilot,label_index,swap_w1_w4=0,K,referent,B,1,0,0.25,-0.25
A,pilot,label_index,swap_w1_w4=0,K,referent,B,2,0,0.25,-0.25
A,pilot,label_index,swap_w1_w4=0,K,referent,B,3,1,0.25,0.75
A,pilot,label_index,swap_w1_w4=0,K,referent,B,4,0,0.25,-0.25
A,pilot,label_index,swap_w1_w4=0,K,referent,C,1,0,0.25,-0.25
A,pilot,label_index,swap_w1_w4=0,K,referent,C,2,0,0.25,-0.25
A,pilot,label_index,swap_w1_w4=0,K,referent,C,3,0,0.25,-0.25
A,pilot,label_index,swap_w1_w4=0,K,referent,C,4,1,0.25,0.75
A,pilot,label_index,swap_w1_w4=0,K,referent,D,1,0,0.25,-0.25
A,pilot,label_index,swap_w1_w4=0,K,referent,D,2,1,0.25,0.75
A,pilot,label_index,swap_w1_w4=0,K,referent,D,3,0,0.25,-0.25
A,pilot,label_index,swap_w1_w4=0,K,referent,D,4,0,0.25,-0.25
A,pilot,label_index,swap_w1_w4=0,Q,action,SCAN,1,0,0.25,-0.25
A,pilot,label_index,swap_w1_w4=0,Q,action,SCAN,2,0,0.25,-0.25
A,pilot,label_index,swap_w1_w4=0,Q,action,SCAN,3,0,0.25,-0.25
A,pilot,label_index,swap_w1_w4=0,Q,action,SCAN,4,1,0.25,0.75
A,pilot,label_index,swap_w1_w4=0,Q,action,TAG,1,1,0.25,0.75
A,pilot,label_index,swap_w1_w4=0,Q,action,TAG,2,0,0.25,-0.25
A,pilot,label_index,swap_w1_w4=0,Q,action,TAG,3,0,0.25,-0.25
A,pilot,label_index,swap_w1_w4=0,Q,action,TAG,4,0,0.25,-0.25
A,pilot,label_index,swap_w1_w4=0,Q,action,CLOSE,1,0,0.25,-0.25
A,pilot,label_index,swap_w1_w4=0,Q,action,CLOSE,2,0,0.25,-0.25
A,pilot,label_index,swap_w1_w4=0,Q,action,CLOSE,3,1,0.25,0.75
A,pilot,label_index,swap_w1_w4=0,Q,action,CLOSE,4,0,0.25,-0.25
A,pilot,label_index,swap_w1_w4=0,Q,action,QUARANTINE,1,0,0.25,-0.25
A,pilot,label_index,swap_w1_w4=0,Q,action,QUARANTINE,2,1,0.25,0.75
A,pilot,label_index,swap_w1_w4=0,Q,action,QUARANTINE,3,0,0.25,-0.25
A,pilot,label_index,swap_w1_w4=0,Q,action,QUARANTINE,4,0,0.25,-0.25
A,pilot,label_index,swap_w1_w4=0,Q,referent,E,1,1,0.25,0.75
A,pilot,label_index,swap_w1_w4=0,Q,referent,E,2,0,0.25,-0.25
A,pilot,label_index,swap_w1_w4=0,Q,referent,E,3,0,0.25,-0.25
A,pilot,label_index,swap_w1_w4=0,Q,referent,E,4,0,0.25,-0.25
A,pilot,label_index,swap_w1_w4=0,Q,referent,F,1,0,0.25,-0.25
A,pilot,label_index,swap_w1_w4=0,Q,referent,F,2,0,0.25,-0.25
A,pilot,label_index,swap_w1_w4=0,Q,referent,F,3,1,0.25,0.75
A,pilot,label_index,swap_w1_w4=0,Q,referent,F,4,0,0.25,-0.25
A,pilot,label_index,swap_w1_w4=0,Q,referent,G,1,0,0.25,-0.25
A,pilot,label_index,swap_w1_w4=0,Q,referent,G,2,1,0.25,0.75
A,pilot,label_index,swap_w1_w4=0,Q,referent,G,3,0,0.25,-0.25
A,pilot,label_index,swap_w1_w4=0,Q,referent,G,4,0,0.25,-0.25
A,pilot,label_index,swap_w1_w4=0,Q,referent,H,1,0,0.25,-0.25
A,pilot,label_index,swap_w1_w4=0,Q,referent,H,2,0,0.25,-0.25
A,pilot,label_index,swap_w1_w4=0,Q,referent,H,3,0,0.25,-0.25
A,pilot,label_index,swap_w1_w4=0,Q,referent,H,4,1,0.25,0.75
A,pilot,family_first,swap_w1_w4=0,,,K,,1,0.5,0.5
A,pilot,family_first,swap_w1_w4=0,,,Q,,0,0.5,-0.5
A,pilot,profile,swap_w1_w4=0,,,P1,,0,0.3333,-0.3333
A,pilot,profile,swap_w1_w4=0,,,P2,,0,0.3333,-0.3333
A,pilot,profile,swap_w1_w4=0,,,P3,,1,0.3333,0.6667
A,pilot,designer,swap_w1_w4=0,,,D1,,0,0.3333,-0.3333
A,pilot,designer,swap_w1_w4=0,,,D2,,1,0.3333,0.6667
A,pilot,designer,swap_w1_w4=0,,,D3,,0,0.3333,-0.3333
A,pilot,label_index,swap_w1_w4=1,K,action,ADD_ONE,1,1,0.5,0.5
A,pilot,label_index,swap_w1_w4=1,K,action,ADD_ONE,2,0,0.5,-0.5
A,pilot,label_index,swap_w1_w4=1,K,action,ADD_ONE,3,0,0.5,-0.5
A,pilot,label_index,swap_w1_w4=1,K,action,ADD_ONE,4,1,0.5,0.5
A,pilot,label_index,swap_w1_w4=1,K,action,REMOVE_ONE,1,0,0.5,-0.5
A,pilot,label_index,swap_w1_w4=1,K,action,REMOVE_ONE,2,1,0.5,0.5
A,pilot,label_index,swap_w1_w4=1,K,action,REMOVE_ONE,3,1,0.5,0.5
A,pilot,label_index,swap_w1_w4=1,K,action,REMOVE_ONE,4,0,0.5,-0.5
A,pilot,label_index,swap_w1_w4=1,K,action,FLIP_CARD,1,0,0.5,-0.5
A,pilot,label_index,swap_w1_w4=1,K,action,FLIP_CARD,2,0,0.5,-0.5
A,pilot,label_index,swap_w1_w4=1,K,action,FLIP_CARD,3,1,0.5,0.5
A,pilot,label_index,swap_w1_w4=1,K,action,FLIP_CARD,4,1,0.5,0.5
A,pilot,label_index,swap_w1_w4=1,K,action,ALIGN_ARROW,1,1,0.5,0.5
A,pilot,label_index,swap_w1_w4=1,K,action,ALIGN_ARROW,2,1,0.5,0.5
A,pilot,label_index,swap_w1_w4=1,K,action,ALIGN_ARROW,3,0,0.5,-0.5
A,pilot,label_index,swap_w1_w4=1,K,action,ALIGN_ARROW,4,0,0.5,-0.5
A,pilot,label_index,swap_w1_w4=1,K,referent,A,1,0,0.5,-0.5
A,pilot,label_index,swap_w1_w4=1,K,referent,A,2,0,0.5,-0.5
A,pilot,label_index,swap_w1_w4=1,K,referent,A,3,1,0.5,0.5
A,pilot,label_index,swap_w1_w4=1,K,referent,A,4,1,0.5,0.5
A,pilot,label_index,swap_w1_w4=1,K,referent,B,1,1,0.5,0.5
A,pilot,label_index,swap_w1_w4=1,K,referent,B,2,1,0.5,0.5
A,pilot,label_index,swap_w1_w4=1,K,referent,B,3,0,0.5,-0.5
A,pilot,label_index,swap_w1_w4=1,K,referent,B,4,0,0.5,-0.5
A,pilot,label_index,swap_w1_w4=1,K,referent,C,1,0,0.5,-0.5
A,pilot,label_index,swap_w1_w4=1,K,referent,C,2,1,0.5,0.5
A,pilot,label_index,swap_w1_w4=1,K,referent,C,3,1,0.5,0.5
A,pilot,label_index,swap_w1_w4=1,K,referent,C,4,0,0.5,-0.5
A,pilot,label_index,swap_w1_w4=1,K,referent,D,1,1,0.5,0.5
A,pilot,label_index,swap_w1_w4=1,K,referent,D,2,0,0.5,-0.5
A,pilot,label_index,swap_w1_w4=1,K,referent,D,3,0,0.5,-0.5
A,pilot,label_index,swap_w1_w4=1,K,referent,D,4,1,0.5,0.5
A,pilot,label_index,swap_w1_w4=1,Q,action,SCAN,1,1,0.5,0.5
A,pilot,label_index,swap_w1_w4=1,Q,action,SCAN,2,0,0.5,-0.5
A,pilot,label_index,swap_w1_w4=1,Q,action,SCAN,3,1,0.5,0.5
A,pilot,label_index,swap_w1_w4=1,Q,action,SCAN,4,0,0.5,-0.5
A,pilot,label_index,swap_w1_w4=1,Q,action,TAG,1,0,0.5,-0.5
A,pilot,label_index,swap_w1_w4=1,Q,action,TAG,2,1,0.5,0.5
A,pilot,label_index,swap_w1_w4=1,Q,action,TAG,3,0,0.5,-0.5
A,pilot,label_index,swap_w1_w4=1,Q,action,TAG,4,1,0.5,0.5
A,pilot,label_index,swap_w1_w4=1,Q,action,CLOSE,1,0,0.5,-0.5
A,pilot,label_index,swap_w1_w4=1,Q,action,CLOSE,2,1,0.5,0.5
A,pilot,label_index,swap_w1_w4=1,Q,action,CLOSE,3,0,0.5,-0.5
A,pilot,label_index,swap_w1_w4=1,Q,action,CLOSE,4,1,0.5,0.5
A,pilot,label_index,swap_w1_w4=1,Q,action,QUARANTINE,1,1,0.5,0.5
A,pilot,label_index,swap_w1_w4=1,Q,action,QUARANTINE,2,0,0.5,-0.5
A,pilot,label_index,swap_w1_w4=1,Q,action,QUARANTINE,3,1,0.5,0.5
A,pilot,label_index,swap_w1_w4=1,Q,action,QUARANTINE,4,0,0.5,-0.5
A,pilot,label_index,swap_w1_w4=1,Q,referent,E,1,0,0.5,-0.5
A,pilot,label_index,swap_w1_w4=1,Q,referent,E,2,1,0.5,0.5
A,pilot,label_index,swap_w1_w4=1,Q,referent,E,3,1,0.5,0.5
A,pilot,label_index,swap_w1_w4=1,Q,referent,E,4,0,0.5,-0.5
A,pilot,label_index,swap_w1_w4=1,Q,referent,F,1,1,0.5,0.5
A,pilot,label_index,swap_w1_w4=1,Q,referent,F,2,0,0.5,-0.5
A,pilot,label_index,swap_w1_w4=1,Q,referent,F,3,0,0.5,-0.5
A,pilot,label_index,swap_w1_w4=1,Q,referent,F,4,1,0.5,0.5
A,pilot,label_index,swap_w1_w4=1,Q,referent,G,1,0,0.5,-0.5
A,pilot,label_index,swap_w1_w4=1,Q,referent,G,2,0,0.5,-0.5
A,pilot,label_index,swap_w1_w4=1,Q,referent,G,3,1,0.5,0.5
A,pilot,label_index,swap_w1_w4=1,Q,referent,G,4,1,0.5,0.5
A,pilot,label_index,swap_w1_w4=1,Q,referent,H,1,1,0.5,0.5
A,pilot,label_index,swap_w1_w4=1,Q,referent,H,2,1,0.5,0.5
A,pilot,label_index,swap_w1_w4=1,Q,referent,H,3,0,0.5,-0.5
A,pilot,label_index,swap_w1_w4=1,Q,referent,H,4,0,0.5,-0.5
A,pilot,family_first,swap_w1_w4=1,,,K,,0,1,-1
A,pilot,family_first,swap_w1_w4=1,,,Q,,2,1,1
A,pilot,profile,swap_w1_w4=1,,,P1,,1,0.6667,0.3333
A,pilot,profile,swap_w1_w4=1,,,P2,,1,0.6667,0.3333
A,pilot,profile,swap_w1_w4=1,,,P3,,0,0.6667,-0.6667
A,pilot,designer,swap_w1_w4=1,,,D1,,1,0.6667,0.3333
A,pilot,designer,swap_w1_w4=1,,,D2,,0,0.6667,-0.6667
A,pilot,designer,swap_w1_w4=1,,,D3,,1,0.6667,0.3333
