host_monotonic_ns,gpu_total_used_mib,process_rss_mib,cpu_one_core_percent,gpu_sample_status
1131984052945476,5645.0,3350.4375,149.23655927073173,ok
1131985089427976,5645.0,3350.55078125,174.50550715189667,ok
1131986124100897,5645.0,3350.6328125,150.48936925207968,ok
1131987165694240,5645.0,3350.6640625,152.07132554061084,ok
1131988205149329,5645.0,3350.6953125,152.87488380478698,ok
1131989245633207,5645.0,3350.69921875,151.66832532843523,ok
1131990286151407,5645.0,3350.703125,151.25289715834296,ok
1131991318630555,5645.0,3350.703125,153.03317138181905,ok
1131992361433493,5645.0,3350.71484375,154.25010525792757,ok
1131993396197386,5645.0,3350.71484375,152.5079272915519,ok
1131994429712032,5645.0,3350.71484375,151.8371759650369,ok
1131995471474463,5645.0,3350.73046875,152.11207656850817,ok
1131996517398575,5645.0,3350.73046875,154.60168674343484,ok
1131997558646821,5645.0,3350.73046875,153.22444578021305,ok
1131998598322724,5645.0,3350.73046875,155.09074714856771,ok
1131999630780227,5645.0,3350.74609375,146.36611391768022,ok
1132000668211467,5645.0,3350.74609375,148.3768227383681,ok
1132001702381027,5645.0,3350.74609375,151.0820957239585,ok
1132002739078429,5645.0,3350.74609375,153.3757750238454,ok
1132003776726005,5645.0,3350.74609375,151.77855396796085,ok
1132004815963586,5645.0,3350.74609375,153.91835198652788,ok
1132005852648317,5645.0,3350.74609375,151.019003787736,ok
1132006892424268,5645.0,3350.74609375,152.6843840119808,ok
1132007929056932,5645.0,3350.74609375,152.4358608567549,ok
1132008971209039,5645.0,3350.74609375,153.40290182938062,ok
1132010018832562,5645.0,3350.74609375,154.00777004303526,ok
1132011057699229,5645.0,3350.74609375,154.12141455516874,ok
1132012095458767,5645.0,3350.74609375,152.3240217578873,ok
1132013134786261,5645.0,3350.74609375,152.0721870198481,ok
1132014166225984,5645.0,3350.74609375,149.5556150996899,ok
1132015199063984,5645.0,3350.74609375,150.7738323875743,ok
1132016233455406,5645.0,3350.78515625,152.82362844596938,ok
1132017272951329,5645.0,3350.78515625,153.21837791931327,ok
1132018305371223,5645.0,3350.78515625,154.86779222457648,ok
1132019346513275,5645.0,3350.7890625,152.4331278751126,ok
1132020380244923,5645.0,3350.7890625,154.23194065914248,ok
1132021412524796,5645.0,3350.79296875,150.93932548737143,ok
1132022446799249,5645.0,3350.79296875,151.42080304055398,ok
1132023484474795,5645.0,3350.796875,151.30896627395435,ok
1132024524259373,5645.0,3350.796875,150.78728219251443,ok
1132025560916377,5645.0,3350.80078125,149.18507752199795,ok
1132026599857536,5645.0,3350.80078125,150.62381810592282,ok
1132027638453287,5645.0,3350.80078125,147.6734392557536,ok
1132028681640370,5645.0,3350.80078125,147.87680483821893,ok
1132029724822182,5645.0,3350.8046875,150.77885922989304,ok
1132030766127328,5645.0,3350.8046875,149.33579641159383,ok
1132031802752856,5645.0,3350.80859375,151.72621352010427,ok
1132032835808840,5645.0,3350.80859375,152.6923719536127,ok
1132033875708254,5645.0,3350.8125,152.97201533063588,ok
1132034914623499,5645.0,3350.8125,155.07946267409474,ok
1132035954286560,5645.0,3350.81640625,149.87126945900533,ok
1132036989745272,5645.0,3350.81640625,147.59496852908953,ok
1132038025753737,5645.0,3350.8203125,152.0446814159444,ok
1132039063886263,5645.0,3350.8203125,151.6286334763765,ok
1132040100791818,5645.0,3350.82421875,153.1028398945036,ok
1132041138795428,5645.0,3350.82421875,151.1805062823387,ok
1132042177144544,5645.0,3350.828125,149.17040374928106,ok
1132043212650832,5645.0,3350.828125,151.42375448415126,ok
