path,sha256,bytes
assets/assets/robots/g1-29dof-dex3-base-fix-usd/g1_29dof_with_dex3_base_fix.usd,d23b9bbc8b59cf20fa1983f55874f855a76e038b9e22eae39542e62be5b4ba3d,40572536
isaacsim/kit/mdl/core/Base/OmniEmissive.mdl,556e2cce98e1b11d4f27e16c7bf6dd3d4115a7df9fcfa5b728f7108776378fd0,4739
isaacsim/kit/mdl/core/Base/OmniGlass.mdl,c3f9555fbf8db2c4d47ac25501afaf23720260255381bde3df003fecf01869af,9945
isaacsim/kit/mdl/core/Base/OmniGlass_Opacity.mdl,87facd037b11888d3052b663bb20e41367b769095bde4c9cf686925fa17eb2a4,17219
isaacsim/kit/mdl/core/Base/OmniHair.mdl,fe19f2da8be47c4106741b1353f8242b1be2fe2762f538db6f41aaa575060344,33829
isaacsim/kit/mdl/core/Base/OmniHairPresets.mdl,16bae6aa40ebc10636ace14014e65e991129f4e66c27e9f949a0bf440fbfd33e,23590
isaacsim/kit/mdl/core/Base/OmniPBR.mdl,685a82c18b381f1cd29831490e4c356e61dbeac2d86803babc115cd6a4a845db,15591
isaacsim/kit/mdl/core/Base/OmniPBRBase.mdl,edcc669a238798a4d90ce36bd535282d23f88cddc544d68a532a5b732432788e,18876
isaacsim/kit/mdl/core/Base/OmniPBR_ClearCoat.mdl,53f5f5e5ca67477f9e105cdc17db13201a876ef54f005978286fef428221bfd8,29055
isaacsim/kit/mdl/core/Base/OmniPBR_ClearCoat_Opacity.mdl,17317ed689dcd0dc1924c320a8912b53eeba8c39082638b8ed6d9c807083a5e0,31028
isaacsim/kit/mdl/core/Base/OmniPBR_Opacity.mdl,b9378c8cb61a8732228409ba350994421754d15533ab6c6d7e618cdfe4191470,14394
isaacsim/kit/mdl/core/Base/OmniSurface.mdl,f16f788a3b8c19524992c6ef01c45d552cf57735c6fddade9da3316bc897b222,64032
isaacsim/kit/mdl/core/Base/OmniSurfaceBlend.mdl,7b6f81983ef25cd206f604ae00a4481f8f7174511c908572ece390dc8a749c82,8686
isaacsim/kit/mdl/core/Base/OmniSurfaceLite.mdl,0175002c1c361e8c016e1131196ed0c76fef911b87b4dd016bb39fc0e77ee23b,43659
isaacsim/kit/mdl/core/Base/OmniSurfacePresets.mdl,5c86c8545a1e215ec4b99e60eb66f9112ca5952cc66ca13ec0c26687dcfcb930,275796
isaacsim/kit/mdl/core/Base/SimPBR.mdl,4785ad1b5f20b218b5a9ac5a459f94ffc3a1d61748295e4d9bb24b3e2df65678,22119
isaacsim/kit/mdl/core/Base/SimPBR_Model.mdl,226ced4797f8a55aeb0a98c1e349f7ffc1ade86c5d08bb1fb176eac01b061551,8705
isaacsim/kit/mdl/core/Base/SimPBR_Translucent.mdl,47f8491ff7aa137b38dda9d9af4b13af19eb9b113a6ac88704a04825a98d3aae,11319
isaacsim/kit/mdl/core/Base/baking_annotations.mdl,f473ece71a5ce50368a0989e53880b51a907e7329ae19f140dff0234c25719f6,1359
isaacsim/kit/mdl/core/Blender/ramp.mdl,5f2ba7d4fb32782c52379b9d97d62df5a3c05659aaa53c2d023023a0c2ec60eb,5860
isaacsim/kit/mdl/core/Blender/transform_color.mdl,75ebf8be76fc5d8cc6c9143011878d4f4b0472d1dafdcb0ce63d5d702548defd,3186
isaacsim/kit/mdl/core/Ue4/OmniUe4Base.mdl,0d175f24abf3ae9db81a48e3f4d20fc9bdbfe46a67ec6fc15372cf8577b310f0,9280
isaacsim/kit/mdl/core/Ue4/OmniUe4Function.mdl,edd3067b28e9e123c8140a132c6cc33a8c555def0a7b22b50e174e5f26532ff3,50693
isaacsim/kit/mdl/core/Ue4/OmniUe4FunctionExtension17.mdl,fa604ffdfbcedbdde9fc23bd424eac65f13be24f6e4e712f7e15f2d7ef7696b6,3121
isaacsim/kit/mdl/core/Ue4/OmniUe4Subsurface.mdl,fac178130a159bb541958afdae3e80a2973bfd35db3d4030dddd882ce0e52223,8802
isaacsim/kit/mdl/core/Ue4/OmniUe4Translucent.mdl,f8f8398c2f421a2176827f7012a80f65a03c0bd2067d768e2094a4350f67a0af,8535
isaacsim/kit/mdl/core/VRay/ad_3dsmax_maps.mdl,d192286908fd2aa3bb7a65d6ff35380f41181eaa9216969296a06ad004e86e6c,119352
isaacsim/kit/mdl/core/VRay/ad_3dsmax_materials.mdl,96f5f6339e94d4f8a32fe21298b1cd6a66b173d88bd5f2a8c9288f09f1e8c677,19141
isaacsim/kit/mdl/core/VRay/vray_maps.mdl,279d9e8ded03c2db928033c843b40a04b104f3fd6fc7ccd284aadc6459a2aa1c,27314
isaacsim/kit/mdl/core/VRay/vray_materials.mdl,c6af23334a9efd90f79bf757b3efa1282b4c8a0ae1d22073c99d648ea400bc64,49608
isaacsim/kit/mdl/core/Volume/OmniVolumeDensity.mdl,3e977f206cfd7691b936329d9d42b1bfc26083651ac494b546dddb7d03730524,4173
isaacsim/kit/mdl/core/Volume/OmniVolumeNoise.mdl,a709e927cafd0d73119784f4ee7941612feb19b5b4dd04a264acb624a51ea0f7,13523
isaacsim/kit/mdl/core/mdl/OmniSurface/OmniHairBase.mdl,07503962f208791c6ec03711d4cd2bfe741b2884f8ee566ccc4ab869d69a52fd,12768
isaacsim/kit/mdl/core/mdl/OmniSurface/OmniImage.mdl,25601c038c9cca778506c8434a4cb7e7cb48f2dbd9a4dff848738a702e2de64e,26741
isaacsim/kit/mdl/core/mdl/OmniSurface/OmniShared.mdl,c52816bc2ecb4cebb36f9e28c14bf21f05cef962dd45e89278508a1e1b551275,18238
isaacsim/kit/mdl/core/mdl/OmniSurface/OmniSurfaceBase.mdl,50336376f1298511f22cfe54847487dc96b17f203448cd8d63124a5985d3f895,32749
isaacsim/kit/mdl/core/mdl/OmniSurface/OmniSurfaceBlendBase.mdl,34ec232d94b8da7655a54a8e7cb6cf0d33f14f13153a6ac4fd143d687636965a,8262
isaacsim/kit/mdl/core/mdl/OmniSurface/OmniSurfaceLiteBase.mdl,832583420e96f4367f8b510c17aa5ae94198a60f38c8dedd59d70fd43d27649e,17379
isaacsim/kit/mdl/core/mdl/adobe/anisotropy.mdl,3f0f80e59c2f738af9009c9cfd3ff790343eed9363367c4d519c70874f00a14e,2202
isaacsim/kit/mdl/core/mdl/adobe/annotations.mdl,d7ef6acc20d98a9c745cdae4ae77dc4c0932d3e5b7c813c47e53ecdc3f905c1b,847
isaacsim/kit/mdl/core/mdl/adobe/convert.mdl,efdbc5d07a94769079fccb219fa8a9b3a12c6997d310570df23b939c73c31afd,1582
isaacsim/kit/mdl/core/mdl/adobe/materials.mdl,eb47c5ecb9c80b736adc84488149937cc856c4d1a1aaf930c85e0abc4456f557,31998
isaacsim/kit/mdl/core/mdl/adobe/mtl.mdl,d76e5089b1c6ff549c804ae50fc128d56bf743714113143c0c71920615d6c961,10029
isaacsim/kit/mdl/core/mdl/adobe/util.mdl,0cb85115a97f2cf50806c6e87ddcc92cbda3727dead11b91e40cbb221a54fb40,3481
isaacsim/kit/mdl/core/mdl/adobe/volume.mdl,65e3e20319a021bdf9854dedf45961859a153739d59f630e3270fd82f51d05e6,3815
isaacsim/kit/mdl/core/mdl/alg/base/annotations.mdl,7b3c6ebdc40c42428cc152bf260f753af225a5f40d0ac7b54cb5b5a4e4df9a44,403
isaacsim/kit/mdl/core/mdl/alg/base/core.mdl,8d543b766566ddcd2ea05508ed6fcd4f07194e01a79cb13ef87e25444e102e0f,13654
isaacsim/kit/mdl/core/mdl/alg/base/normalmapping.mdl,9fbcb4eacc352a133989249465ae293c7911a848d0d37eb694d5a1f45987aa18,4102
isaacsim/kit/mdl/core/mdl/alg/materials/asm/standard_scatter.mdl,c77be7eed20fd823dee704f106098f2c7c18771aea5f590db167f009cf73dd9a,10610
isaacsim/kit/mdl/core/mdl/alg/materials/blinn.mdl,78bc817b59fbd0b7258e29276e008c50718f74c27e0d0bc7189a4d1ff6f30622,5392
isaacsim/kit/mdl/core/mdl/alg/materials/designer.mdl,9d3b49021178f15427318b39a3f2a1ddfa4b9857e7b2494785c60e37c09a3a92,24562
isaacsim/kit/mdl/core/mdl/alg/materials/designer/blinn.mdl,af19408109dedc7109ad6a10fa3236997efd3398fd131788dcce21e28d6d7c02,5202
isaacsim/kit/mdl/core/mdl/alg/materials/designer/lambert.mdl,e7bf8cfc36cb82a058055d50b82993d246cbb7f7d9f5fbd83b508ca1e1a725a2,1237
isaacsim/kit/mdl/core/mdl/alg/materials/designer/legacy/physically_metallic_roughness.mdl,092b3029e7fd93651f9003d9ba414c5c2cfc336b8af0b2f75fd733527fe4bf13,9005
isaacsim/kit/mdl/core/mdl/alg/materials/designer/legacy/physically_metallic_roughness_coated.mdl,5f1a30c228afcc9844b3274d8e68b8d3fc38c026e142f409fe971886a1bbf647,11294
isaacsim/kit/mdl/core/mdl/alg/materials/designer/legacy/physically_metallic_roughness_sss.mdl,c2faa4fd7a2eab48ee571ab303b35b964d9436572417c3f2e02bbed0f2b0ec5f,11512
isaacsim/kit/mdl/core/mdl/alg/materials/designer/legacy/physically_specular_glossiness.mdl,08fe8d3a04dee414905a20aa4704b417165ab31b77034149286ece0448a147e7,9538
isaacsim/kit/mdl/core/mdl/alg/materials/designer/lights.mdl,dc1488639019e5015810e9192204749f0566c6ca90f2cfebdd64fd64b80dc98b,593
isaacsim/kit/mdl/core/mdl/alg/materials/designer/pbr.mdl,d641389c07ea4b0569d6541a09768f6a1ab7098cbb42e55288fe5b9fda461277,24216
isaacsim/kit/mdl/core/mdl/alg/materials/designer/skin.mdl,614c095f8455180747019578a18dbdd70c141f801444c0a3c739a061464b7f83,7935
isaacsim/kit/mdl/core/mdl/alg/materials/lambert.mdl,c103e86c8d1e19379d378040f4744f2c30399e65ff20d0f3eb9e394a8b473177,1204
isaacsim/kit/mdl/core/mdl/alg/materials/lights.mdl,fc6bbdd1f222c7d14f239f6a5c583ca37b27005f4adbcf67a19ec842d33ef16c,604
isaacsim/kit/mdl/core/mdl/alg/materials/physically_metallic_roughness.mdl,733851068107373ac1a35915aad34b274dffb23a3c6c98f747c36a68f74125a5,8479
isaacsim/kit/mdl/core/mdl/alg/materials/physically_specular_glossiness.mdl,11ffccbfbd5ca78034977cbe7f4a0cde9ddfe57c60439f8f6065842801b7437f,8924
isaacsim/kit/mdl/core/mdl/anno.mdl,8e3d11abeaefdd05ca6ff68085c7a82a9f94e56a2a6d0463a8f22d56faac1892,1796
isaacsim/kit/mdl/core/mdl/base.mdl,2234cdb8dec19edc3583f76dc44506eb400812f384c306446871a9e72d89b25d,1796
isaacsim/kit/mdl/core/mdl/debug.mdl,25dd41c1a8e86f2bddcb8bde06a045b675f77f7d6f97dd06684a34bdafa915a7,1797
isaacsim/kit/mdl/core/mdl/df.mdl,217fff80256ea6c407719b7a687226e79f11689f8f8796cfb827be4165dab2f6,1794
isaacsim/kit/mdl/core/mdl/gltf/pbr.mdl,2c7c14d7bbf7cacea990f90e8ecc92700d8a7fe9805e44970096796e2be88b78,43800
isaacsim/kit/mdl/core/mdl/limits.mdl,9025d82e139948d0e64336cdd98754eb9b674fd899085574a282358661562e3e,1798
isaacsim/kit/mdl/core/mdl/materialx/core.mdl,484d1a4a05a54f9a8b30105a23ab260bd3e349cd7c56531c3b20ffcf0bb49bbc,9023
isaacsim/kit/mdl/core/mdl/materialx/hsv.mdl,0e0dc294e3484979e050434796a46406a94b1d57247abecc929aacbcfa26f90f,2735
isaacsim/kit/mdl/core/mdl/materialx/noise.mdl,ff7b85d8d65d9928b4706a342661fce8e5d99d0fba10969425e049d17513315b,23486
isaacsim/kit/mdl/core/mdl/materialx/pbrlib.mdl,5d391dfb583725da97207349e6c1744bb45264bf2ce78a07aedac66dffa77f03,1040
isaacsim/kit/mdl/core/mdl/materialx/pbrlib_1_10.mdl,176633c2db80d2ac9222160bdce1914075f21b69676fa3acd6fd7b14ed638648,9262
isaacsim/kit/mdl/core/mdl/materialx/pbrlib_1_6.mdl,04b3eda0c19be678e65b6832ec0b0291af307a089076be231a346f265567887d,39359
isaacsim/kit/mdl/core/mdl/materialx/pbrlib_1_7.mdl,3c0139ccdecea3fa615361be4513d02b50bdb0f60640986297f410f8f0a06ba0,10795
isaacsim/kit/mdl/core/mdl/materialx/pbrlib_1_8.mdl,89b751d528c7ffc803c61960bab218d3d24bf9256c5bb983d295140b72c86edc,1270
isaacsim/kit/mdl/core/mdl/materialx/pbrlib_1_9.mdl,6f3d6fd9e4bbec2d5f31541ea55d3c7a875d5b370f91953133dc2cc56c675d99,15288
isaacsim/kit/mdl/core/mdl/materialx/sampling.mdl,5dfd7876a63f0091a2f67d7261d7dd018e89ac448308fc08b58ccf1c573df4d1,6179
isaacsim/kit/mdl/core/mdl/materialx/stdlib.mdl,c719d313983ab10355ba33632e75416ee39511271dbd7145f69e135a8e4d6cab,534
isaacsim/kit/mdl/core/mdl/materialx/stdlib_1_10.mdl,18ec9fd95d9e9f33cd45a7b398d78a451552d4ec505a5a7cda4776e38c140e1a,566
isaacsim/kit/mdl/core/mdl/materialx/stdlib_1_6.mdl,3f09b672061f9b75c28955a7de3550a1e3a7728b165facd582ceba6da84f28bd,130162
isaacsim/kit/mdl/core/mdl/materialx/stdlib_1_7.mdl,67cab16916b6439fe057214f2cb2435dcfb554663727957199bdfa6724e8e758,558
isaacsim/kit/mdl/core/mdl/materialx/stdlib_1_8.mdl,0cb4701a8f95dab8c98a2eb5bc52c027ac1e0a439a0075cce8cd1b714c08fa05,22124
isaacsim/kit/mdl/core/mdl/materialx/stdlib_1_9.mdl,205c043453d4740690ad42c17a9a73175009e852a95aebbef6c04fda355e2d5f,21710
isaacsim/kit/mdl/core/mdl/materialx/swizzle.mdl,6ebace1e2458f7c020250d9d6af5ff2cf4f2f23c6aff66e0e7681afdf7540334,72623
isaacsim/kit/mdl/core/mdl/math.mdl,7e786db3a735ab0525cf51130084063e86211e4e5018201ae3aebb2fbd54509c,1796
isaacsim/kit/mdl/core/mdl/mdl-builtin.mdl,a119e9a19aac78b10f4e9071cdab4dc3096a2d547e3763b8562e5083837fafbb,1817
isaacsim/kit/mdl/core/mdl/nvidia/aux_definitions.mdl,168c28acdc30f3a3e0828d006b262644f555951a737b08663c55158868d6361a,96607
isaacsim/kit/mdl/core/mdl/nvidia/axf_importer/axf_importer.mdl,ba0d3482d2bfabb5fc73a075bd86070b2278f1594a5c8124b50010bf8878b793,33462
isaacsim/kit/mdl/core/mdl/nvidia/core_definitions.mdl,e020d5c2865b0c24563b09620b739f8b147661f6e0f221030757a426cfe00e83,190114
isaacsim/kit/mdl/core/mdl/nvidia/digital_human_tech/color_correct.mdl,078765d0aa09c3320d889b4fdbd9ac6880dfeb9ceec52d109a1ac1920fccb477,12785
isaacsim/kit/mdl/core/mdl/nvidia/digital_human_tech/random_value.mdl,5f4c0fa6383515bae3b4dfb21800e253049f34011ab8310ec6e244f424359c6a,2469
isaacsim/kit/mdl/core/mdl/nvidia/support_definitions.mdl,c04891737fff406e650e4522e44ec28e8b204c0016f2d4e2de9d7680ca216d73,101202
isaacsim/kit/mdl/core/mdl/scene.mdl,c35a6affad55e518ff185348c79c0580b8c919f5f539acaeb11cd973e47e577d,1797
isaacsim/kit/mdl/core/mdl/state.mdl,40f532ab951e7d330069aea714ec4f030e70b48fc9f5ef10be8371ff46d1db9d,1797
isaacsim/kit/mdl/core/mdl/std.mdl,744b876be5709966b308312c6cc590535bc579ff9d79575f83c17aa13f10d063,1795
isaacsim/kit/mdl/core/mdl/tex.mdl,61be9ba4ea814631b5ad0731f6d507ad34656c67eb19bc43855540ac5c31769f,1795
isaacsim/kit/mdl/rtx/DebugWhite.mdl,bdeb06c70bdbfa079a821d91b1155b5b342a140a3023924316d3e68fa668c7cd,767
isaacsim/kit/mdl/rtx/DebugWhiteEmissive.mdl,4d7c0ce55b574970af13208e6a40557d60bd771cbd55dd100b7a3c7c7536a7f3,1048
isaacsim/kit/mdl/rtx/Default.mdl,b5846d7dfe050c01d0c93e129503d26417f638c24646b7b391c2a2554958cc1e,2549
isaacsim/kit/mdl/rtx/MdlStates.mdl,73f76fee2ee3273942b6155a6053c22aceb7ef58db8bab9084c56a1242883eb8,1216
isaacsim/kit/mdl/rtx/UsdPreviewSurface.mdl,7fb92be66b5176bdfea4f63eeac7e12d6be2ae8d7327dcb03c8346f56e6dab19,13604
isaacsim/kit/mdl/rtx/UsdPreviewSurfaceLib.mdl,5ce8ed855756beef4e67b33592e83225b306eff3d6837394e68ebc2d4edcb23b,4076
isaacsim/kit/mdl/rtx/UsdPreviewSurfaceMonolithic.mdl,4fc61289e47ffeb0976afd9827322cafa07ece7cab8199e48ff98080100c59e0,26863
isaacsim/kit/mdl/rtx/UsdPreviewSurfaceMonolithicLite.mdl,c33936b3be4e71b8bb2a9199251b2390d8affa2d244ca61cb2b8e1052273e646,13607
isaacsim/kit/mdl/rtx/WhiteShadowCatcher.mdl,bdc33c1e16f2a1bd3ddfd32b349d1a2162f31c0065ec8b2a6baadf138db2b58a,983
isaacsim/kit/mdl/rtx/iray/architectural.mdl,6b64b42b41f9e0fa92fd7dd2937ded2a9dd3c94495fe2ea2af1fe568b3f954d0,13303
isaacsim/kit/mdl/rtx/iray/environment.mdl,894ce4488fd70a641a3f86862ecfa0689c6f4305ce3c041dab07650dcc4a69d5,1700
isaacsim/kit/mdl/rtx/iray/omni_light.mdl,db1fdf5089af55928b58df90e61ef3ca8a5e593006689905fbc2bb0bd598f57b,11786
isaacsim/kit/mdl/rtx/iray/usd_dome.mdl,0f25962955b797a39f67fac5a81bb3e667fceebddeca62d4e79896f54692da58,2606
isaacsim/kit/mdl/rtx/nvidia/iray/hosek_wilkie_sky.mdl,10f2717fb4842700695704289c267c6ec3317c85ad9d3220acc4766df0f7ece9,21289
isaacsim/kit/mdl/rtx/nvidia/iray/hosek_wilkie_sky_data.mdl,5f3f1a15c44154d59eb759d185b0382f7d7be921d8f26fdd42ba9d993b0adbf6,577112
isaaclab/source/isaaclab/isaaclab/__init__.py,9031fe4e7dc80d02d78a26f408e276fb457b7d28bc06ef459227adab6cb431fe,711
isaaclab/source/isaaclab/isaaclab/actuators/__init__.py,98b2c49e91eb4fba8062ea911b5269f887bf770a954584aa689596440f1ac015,1651
isaaclab/source/isaaclab/isaaclab/actuators/actuator_base.py,de715f048558dfeb9917ec48d7a110e6942eef6f242e9bab379281e8398beedb,17273
isaaclab/source/isaaclab/isaaclab/actuators/actuator_base_cfg.py,ffeea57939777ed37fa64644a92e60295ec9fe554e479fd62f95efc87c163018,7307
isaaclab/source/isaaclab/isaaclab/actuators/actuator_net.py,eb4772cfbfcc141e56b5d534b643117777bb1ffef642b195054918455386687b,7953
isaaclab/source/isaaclab/isaaclab/actuators/actuator_net_cfg.py,d5634a4c25f663fda1e0b832f2ae04277dde0a93d666635e016be2851543731c,1977
isaaclab/source/isaaclab/isaaclab/actuators/actuator_pd.py,105f0341f972102f6bd5b0c544bc7c0510662241389a9decd24406bb2371d27e,20769
isaaclab/source/isaaclab/isaaclab/actuators/actuator_pd_cfg.py,01149887c4440da8da86ce781c8ae2beb57a8e31981b17abb1133ea03a1e1fa8,2311
isaaclab/source/isaaclab/isaaclab/app/__init__.py,12659bf10a0a7f7499f7370b51caa6941f13562c6778b8e4eff794a883237684,435
isaaclab/source/isaaclab/isaaclab/app/app_launcher.py,7ab2c742cfa64e2c4e2ea4601d9441e5e8c9bb8f556a121b0d10c337f9b6093e,53656
isaaclab/source/isaaclab/isaaclab/assets/__init__.py,a0cc8e58713a79be03d9d1d0ff0f9c1b650ada187d47379c3bd133dc4ec730c0,2895
isaaclab/source/isaaclab/isaaclab/assets/articulation/__init__.py,48dfde8404005bc2fb472991d158c545420d785d53168f30a467c6f253c63b9c,374
isaaclab/source/isaaclab/isaaclab/assets/articulation/articulation.py,fb179aacdd848906367d01105020e1d36412bd0f1da7187be09f0781ff589309,107526
isaaclab/source/isaaclab/isaaclab/assets/articulation/articulation_cfg.py,a80e979d069f6abf6b87c41ae79926b70185b13a9e64f62829002bc7ed5e27ad,3055
isaaclab/source/isaaclab/isaaclab/assets/articulation/articulation_data.py,d69495c66c409fb20823e4e467f9d90e63163b2050b77d2ac8e433221d1d208a,49226
isaaclab/source/isaaclab/isaaclab/assets/asset_base.py,597ee9761c074d41fd41c80f3af95e43711e25216521ddf1c047419b24483c6b,14865
isaaclab/source/isaaclab/isaaclab/assets/asset_base_cfg.py,2e367d013e58dc8672f9f9f4c5ece3d0297c41bd7bc200cdd2913d628272847b,2844
isaaclab/source/isaaclab/isaaclab/assets/deformable_object/__init__.py,e734ec93cae6a24f3f7f74d148792d067d739d49487decf6a4b5b8f97a187c91,401
isaaclab/source/isaaclab/isaaclab/assets/deformable_object/deformable_object.py,6efd942f71e5746a5ae8b856a6d204eaaaa60994dfe4bc09b6f0cd3a4643ee77,18882
isaaclab/source/isaaclab/isaaclab/assets/deformable_object/deformable_object_cfg.py,2c43de6e9085c3c1331cc606887707ae450bab8a93803047219b6b177ae29dff,968
isaaclab/source/isaaclab/isaaclab/assets/deformable_object/deformable_object_data.py,afc56f0286550d391c5f1528a4aaf15462683fcd1d729d340e52a4cf1eea637a,10581
isaaclab/source/isaaclab/isaaclab/assets/rigid_object/__init__.py,6a31648322082d4f4135846b09681e252da8e2c1fbbc172a1766c6190e398b3b,366
isaaclab/source/isaaclab/isaaclab/assets/rigid_object/rigid_object.py,0aa371d43fae2f9dbfccc98bdb1d14f75860973afb68d3832e83b815d52fb546,27299
isaaclab/source/isaaclab/isaaclab/assets/rigid_object/rigid_object_cfg.py,45c407ae76bcb4f737bf02c65424f957e8a0b1f7a8981ed992e0a780ab69dc13,1091
isaaclab/source/isaaclab/isaaclab/assets/rigid_object/rigid_object_data.py,5cc9e908106694d6fe0a4e2f56bf124874bac0b7e09810c308a6b321a60b0093,26497
isaaclab/source/isaaclab/isaaclab/assets/rigid_object_collection/__init__.py,9a0f43f014bd80fec0fb8fae427c98f7f4fcf95816ca7dd5a9eca6bb90a1b46c,433
isaaclab/source/isaaclab/isaaclab/assets/rigid_object_collection/rigid_object_collection.py,fedbdd1aa39652c34f920434eab8d937464bc435fb7b5e1ac639f1d013eb30b7,36580
isaaclab/source/isaaclab/isaaclab/assets/rigid_object_collection/rigid_object_collection_cfg.py,df50d5be0dca2dc239e754e7b408f93236a41df7b38c467fc547646897a011e7,891
isaaclab/source/isaaclab/isaaclab/assets/rigid_object_collection/rigid_object_collection_data.py,47095d7955ebe324a7d50722992c4524e19883637ba5322e2a69ce2d582c9b5a,21087
isaaclab/source/isaaclab/isaaclab/assets/surface_gripper/__init__.py,bb7503fe5af9ee16ee44bd3b9b9b51a2e7c24e18ccdb583eb413a0a9e7bca285,334
isaaclab/source/isaaclab/isaaclab/assets/surface_gripper/surface_gripper.py,96b5e78e571d6a930dbf8fc32da2150b375bce617a658885bf27e6a4e9a7db8b,18340
isaaclab/source/isaaclab/isaaclab/assets/surface_gripper/surface_gripper_cfg.py,1e264003ed51534bf946b1e9c4b398268b19e806fe6f91b6ac84dc14062ed727,1006
isaaclab/source/isaaclab/isaaclab/controllers/__init__.py,d7c56d395678949341beef47225e2d611b4fa3ee287ca0620d9d6c33dcdb9cf8,830
isaaclab/source/isaaclab/isaaclab/controllers/differential_ik.py,626ab599cf55d0d137676ec1de074bb3300ad3a747b7f777843536effbc63abf,10809
isaaclab/source/isaaclab/isaaclab/controllers/differential_ik_cfg.py,755fd2430d6cbe82cd45ba690586c265868865224a886f9e099f701db7d5fd6b,2955
isaaclab/source/isaaclab/isaaclab/controllers/operational_space.py,599b5b7128df0121fcaf05bf922f55187e668b66cab061dc3d3ae0718967116b,28823
isaaclab/source/isaaclab/isaaclab/controllers/operational_space_cfg.py,4ea3b2ddab7ff54929ccaa155a73450aa84286e170ca4d1a21e07f45dec7895d,3714
isaaclab/source/isaaclab/isaaclab/devices/__init__.py,0d5d34c1ce3a3af0ee56f1b2d002245b8387bfd1130cf4355d7f88bb627b1bc0,1681
isaaclab/source/isaaclab/isaaclab/devices/device_base.py,69d387d44915d464981a9a6ea4d1ff074c9a34897350e41c0f3a65940bf67f8f,5523
isaaclab/source/isaaclab/isaaclab/devices/gamepad/__init__.py,a6e59751f226ea0f9ba54bcdd846be38c4a88d729b99bcfc032ed3d26472029a,346
isaaclab/source/isaaclab/isaaclab/devices/gamepad/se2_gamepad.py,fb5c72193e2c005b8bab0cc2ba89321523378961fae2c4fe67dd602c35ab43be,8950
isaaclab/source/isaaclab/isaaclab/devices/gamepad/se3_gamepad.py,131febaa2ab41fb19ba7485a9b3d453fdbe184431fbc5cb649a2f6e8f03ff60f,11895
isaaclab/source/isaaclab/isaaclab/devices/haply/__init__.py,56bce69306fbd670763e4bb33a449dedff802068ce30b11f49fb38c154a32502,338
isaaclab/source/isaaclab/isaaclab/devices/haply/se3_haply.py,7cfcad3f9c56c63656dce64074e15b5a11959280f62ee3a2467f678ae9a4ed0c,16916
isaaclab/source/isaaclab/isaaclab/devices/keyboard/__init__.py,857f5ec87206b4fc1198d5def008fc7131d454eaacb1bedebdf3b9ce22f3475a,353
isaaclab/source/isaaclab/isaaclab/devices/keyboard/se2_keyboard.py,9a81e472d63c1c87586dbc39c9f6f1573c2f1fa25c0d6fb26c630280fdcea66c,7680
isaaclab/source/isaaclab/isaaclab/devices/keyboard/se3_keyboard.py,bf1e096eeb69f56e4d6a8daa3f09d8f6768880dc253c52f6a80eec76c5efde1b,8781
isaaclab/source/isaaclab/isaaclab/devices/openxr/__init__.py,aa0b96400802c2971342fb9fce2e57f4e8be196b0d83f3a79910a5400ad13762,421
isaaclab/source/isaaclab/isaaclab/devices/openxr/common.py,291db98cb666c7339aae47b18f4228e77043c0cb7f89422b34e2185799d1d203,1038
isaaclab/source/isaaclab/isaaclab/devices/openxr/manus_vive.py,d054ebffaa5abca210b44c2961bcf6dc5a070545d4c9ced2844d66ef9fdfa887,10253
isaaclab/source/isaaclab/isaaclab/devices/openxr/manus_vive_utils.py,32729c58b1274977e81885b020dcae856a8096eecff8fac41136acff0c25e022,19666
isaaclab/source/isaaclab/isaaclab/devices/openxr/openxr_device.py,3af603719e74379cb29ec5a191a03f960db2bc1969bc37476e3159f9734ae661,21648
isaaclab/source/isaaclab/isaaclab/devices/openxr/xr_anchor_utils.py,a0b257af5820a103af8f4e81147fcb7ac2cd16cfde19dee5fef7f8573d960f22,7503
isaaclab/source/isaaclab/isaaclab/devices/openxr/xr_cfg.py,fa809505f4fd58bbf43b5c49b9f6783fe9dd472bc7a8601ae7968082a1a45873,6018
isaaclab/source/isaaclab/isaaclab/devices/retargeter_base.py,97982de69b6cd01b113d47df43e7ec9920aeda33a0f7462e770cc1ac1d01ce86,2236
isaaclab/source/isaaclab/isaaclab/devices/spacemouse/__init__.py,c049476ce442f5309d8ee2353cf8a5d06198bf0fc13e2f00c8f718b9987c8986,367
isaaclab/source/isaaclab/isaaclab/devices/spacemouse/se2_spacemouse.py,1e1e0e742a229f357c50c0d1c15ed331dba89624d796eb86193f39c1b2cc0569,6148
isaaclab/source/isaaclab/isaaclab/devices/spacemouse/se3_spacemouse.py,f7eb4a7bb67d63382dd20b4566174fbcadfd1280ab08ec732d27a51a4dfcbe48,8833
isaaclab/source/isaaclab/isaaclab/devices/spacemouse/utils.py,f951a9b6e3deb1ac67e98b5de01ff6ffe9fd076997d688cf5b7e01c1751310e3,2396
isaaclab/source/isaaclab/isaaclab/devices/teleop_device_factory.py,6efade5555c8968ecb7dcf1c4d948c4e7cd7c062f98434e73179c443708271a0,3703
isaaclab/source/isaaclab/isaaclab/envs/__init__.py,db7f304e996bff7d2b55422e1c884c26a5f903665dd88892893b297da7a15487,2975
isaaclab/source/isaaclab/isaaclab/envs/common.py,1b7b3ea0bc335294f9911d111b7498dbf929eb1cb2dcc1de4fc3fa1e61571d89,5898
isaaclab/source/isaaclab/isaaclab/envs/direct_marl_env.py,eaf00a0f5fe8c53859325bd4605aeef378727b4d5f24e0667621f5405370add1,32932
isaaclab/source/isaaclab/isaaclab/envs/direct_marl_env_cfg.py,2f24d94a9ef9de984c2d24e8d6e8254e11d57d6f0123400d3da154f93400300b,9277
isaaclab/source/isaaclab/isaaclab/envs/direct_rl_env.py,3a7573303d83ec8c816d11ca6e8c8997c92f6765ae5d2e0d2a369e65d2cec3c0,31336
isaaclab/source/isaaclab/isaaclab/envs/direct_rl_env_cfg.py,d99fe6bcd607d2b1a326eea30b8e858e4af04659c085981625bf08c5d8a49ca4,10440
isaaclab/source/isaaclab/isaaclab/envs/manager_based_env.py,74d495925e264521b05a92296bbaf98adcabb7d94f3787ab3ed61f4d0680a198,25693
isaaclab/source/isaaclab/isaaclab/envs/manager_based_env_cfg.py,0ba7321b746d677e79d30e6bbfbea4aea2eb3d09f9886be61eca198d3c962246,5918
isaaclab/source/isaaclab/isaaclab/envs/manager_based_rl_env.py,974977825dbbd916460b4f9bb12176ab2cde41026fadc05e1de02d8fbbc94725,18417
isaaclab/source/isaaclab/isaaclab/envs/manager_based_rl_env_cfg.py,71cdd90352862429f6509093f774529f6488a294b1d982ab42295a179052bd6a,3171
isaaclab/source/isaaclab/isaaclab/envs/manager_based_rl_mimic_env.py,7076ab1172cc69a3c4cc7c2456fbb2e44733544211e6e5249e3221014ae7dc31,8459
isaaclab/source/isaaclab/isaaclab/envs/mdp/__init__.py,77d73056ddc279501dc5a3dc4e82ebf49d2a6b790e9121f197d2bb954854f559,1033
isaaclab/source/isaaclab/isaaclab/envs/mdp/actions/__init__.py,b74cd30c7afde351babb37e9a1ca505af12efe469ddec46770cbfe06e6ea0bcd,465
isaaclab/source/isaaclab/isaaclab/envs/mdp/actions/actions_cfg.py,0893f339f71e5f3e9921b4d2137ccf7e648541ad0b6d28a8447646d963cf7c17,13335
isaaclab/source/isaaclab/isaaclab/envs/mdp/actions/binary_joint_actions.py,ed3ad9d6e3fddd31c2b44f1724debb06ddfbdf2288819f9cd38cce8063d31b1e,8527
isaaclab/source/isaaclab/isaaclab/envs/mdp/actions/joint_actions.py,6bbf0f7837636eb7d6b17db3e8d25a433e8a69ba671dde0e993b0a0b2025cf55,10959
isaaclab/source/isaaclab/isaaclab/envs/mdp/actions/joint_actions_to_limits.py,00557ccadf06e9491cc531a75567aa9a21f2b3608862c8de07cca211f2b25c81,12421
isaaclab/source/isaaclab/isaaclab/envs/mdp/actions/non_holonomic_actions.py,4c5b6b781899c2ba605477233922d5478801156951b0980c197e805d78295c33,8561
isaaclab/source/isaaclab/isaaclab/envs/mdp/actions/surface_gripper_actions.py,b92ec7ed1fa770ede032e1b5981dc63649cf9e6ee1ed473e3dc5a5629826dc33,3544
isaaclab/source/isaaclab/isaaclab/envs/mdp/actions/task_space_actions.py,7e227f9a207293a44894e6a762438f410d6a08801fe129c1e5a4484c67138b67,37110
isaaclab/source/isaaclab/isaaclab/envs/mdp/commands/__init__.py,a253965c6aa591eb71f3b4534886bd2842a10974c607af0840b28adcb81d3659,696
isaaclab/source/isaaclab/isaaclab/envs/mdp/commands/commands_cfg.py,a57d4e49fd34e64e94ba757a6a66aa73e99ca6fdf7db3c935dc39544270ce4d5,8889
isaaclab/source/isaaclab/isaaclab/envs/mdp/commands/null_command.py,2076f5ae1991e862d0566cc938c6a6a1a5fd2e8a71216f67a2763a8a3c629f82,1636
isaaclab/source/isaaclab/isaaclab/envs/mdp/commands/pose_2d_command.py,489f17e54cdb4951af75e626cba7610838d04f1b6553eb2dbb5cad7394a6621c,9231
isaaclab/source/isaaclab/isaaclab/envs/mdp/commands/pose_command.py,9dc09d7cbfd7e59a8c6bc4e1ebaaca262b33f4b660ef4257b22fda67ef2537cb,6552
isaaclab/source/isaaclab/isaaclab/envs/mdp/commands/velocity_command.py,0ff254a375c9ea8d408824c24145e7ac7906cc7b513c52c4dd4ca0834c1ce241,13557
isaaclab/source/isaaclab/isaaclab/envs/mdp/curriculums.py,fc42adbd0ce38b0cb25cc32c3f8dd7e358fd9520fed125377492a9ca8df49288,12895
isaaclab/source/isaaclab/isaaclab/envs/mdp/events.py,14025ff2cbb7093316eaacb2d0638e85d45a869075ddef18019402b35e44643f,86511
isaaclab/source/isaaclab/isaaclab/envs/mdp/observations.py,3cbe93ba4e37b9ad9063a65dab244547ad4582798960c0190375fd74d930fd54,29366
isaaclab/source/isaaclab/isaaclab/envs/mdp/recorders/__init__.py,62e3c0ae30a2e8eca877ff43e8d493a9047dd1352714d49f07d23e19b6fb3a80,313
isaaclab/source/isaaclab/isaaclab/envs/mdp/recorders/recorders.py,18cb5704245052c27c4f9fe37afd6fc226217ee17425113ae73ed4c0328afd64,2236
isaaclab/source/isaaclab/isaaclab/envs/mdp/recorders/recorders_cfg.py,e1f8a31748c45b8421fa3a6329f79c9cbaaee5fd61d74a6f6d92f11846e2bd76,1959
isaaclab/source/isaaclab/isaaclab/envs/mdp/rewards.py,918a18c90ecf9815ca646973de05060dbcd90f6615cd93b0fd4e6d629490191d,13772
isaaclab/source/isaaclab/isaaclab/envs/mdp/terminations.py,c04d1240b9f2f533da3e6ed66c6da826fbfac9d924fc1038df8a082b283ea300,6834
isaaclab/source/isaaclab/isaaclab/envs/mimic_env_cfg.py,6935e26f4d525e2fcd9407f67e126986bf2ed0be66350f830aca20f196b00b9a,13113
isaaclab/source/isaaclab/isaaclab/envs/ui/__init__.py,b6d632ddca4c7ebf3d4de4bc7d806a786a41f58643283b25c94c128472423b29,733
isaaclab/source/isaaclab/isaaclab/envs/ui/base_env_window.py,624b376b57019a6971670ba2ec6fdb026aa9ed9b6cf4ab89ad0b3ba1468d9498,21513
isaaclab/source/isaaclab/isaaclab/envs/ui/empty_window.py,ed3f521d5e856209080555ee6e1d8874367e8d3a59bed06f2452e0274d669cd4,2816
isaaclab/source/isaaclab/isaaclab/envs/ui/manager_based_rl_env_window.py,eda8277118977aee08c685a82e9e988eba2d5d5243a62234af7c8d19ef6165e6,1549
isaaclab/source/isaaclab/isaaclab/envs/ui/viewport_camera_controller.py,e8355b5e49198cecfabd0d6802bc1c2f7852dae6dd6617bae747690a2c29c9f8,10340
isaaclab/source/isaaclab/isaaclab/envs/utils/__init__.py,171ec5931cd7f4970145da0c2ecd91ae5f11e39b53ca95bb37888828fee1ff9f,234
isaaclab/source/isaaclab/isaaclab/envs/utils/io_descriptors.py,16f74274f2cf7e48fd42aafef3e4eb545700d790b5b65a01def3b0ca2c7776b1,14603
isaaclab/source/isaaclab/isaaclab/envs/utils/marl.py,b6676413db77492a3f89db7c370a7e4c49655f070b402e090cc8f4d322f71e82,12558
isaaclab/source/isaaclab/isaaclab/envs/utils/spaces.py,43e1620aaaaea594e91369bf5c75acfe6680de94889b6e08f331c6efa212ed0d,9335
isaaclab/source/isaaclab/isaaclab/managers/__init__.py,f7ab9930c7a64d61b0bace9eace79d86b0b223373687f7af25c17b89b0c1533b,1334
isaaclab/source/isaaclab/isaaclab/managers/action_manager.py,ddeca14586f2816930c20be42ce59497c92758bc1466dc23a3fb62f3dfe94167,16402
isaaclab/source/isaaclab/isaaclab/managers/command_manager.py,a0f4f2b35a33c9b0d3a5fea514e85b16e3230c7507c653289b68345d1671b69c,15115
isaaclab/source/isaaclab/isaaclab/managers/curriculum_manager.py,0d51d1c0716662567c238ce50033a60d55f260c8ab48d62d186512265a7a4bb6,7568
isaaclab/source/isaaclab/isaaclab/managers/event_manager.py,963654b80cebe0c951e94ac0a3f1d0044dfccb43ee10dac75748e86e394afbf8,20283
isaaclab/source/isaaclab/isaaclab/managers/manager_base.py,84d61144f13265b96ffaaa4c96480e7d7df37ecdc9f42b3e04778884458f72b0,16466
isaaclab/source/isaaclab/isaaclab/managers/manager_term_cfg.py,64557f47e2447c2d69b3728f0c2073b0bbfaeff88eff8e6bac93bba2c49e00fa,11913
isaaclab/source/isaaclab/isaaclab/managers/observation_manager.py,57539db34658e98f92961ea6a182d5b1326ec9c9ec5a1cc39e5c032bfdd2cf01,33735
isaaclab/source/isaaclab/isaaclab/managers/recorder_manager.py,de72d0df517bd9c1487b0a902f215b15e1830e608079db538be32183b184328e,23596
isaaclab/source/isaaclab/isaaclab/managers/reward_manager.py,6be44a98df5aed8a0ebac2913ebea33010633e007e816697a6d99f7ccfd731db,9246
isaaclab/source/isaaclab/isaaclab/managers/scene_entity_cfg.py,c433dcccd5908f3883ae35f6411ce245bab3149ef05b06ab8bb11241c8dfdef4,15875
isaaclab/source/isaaclab/isaaclab/managers/termination_manager.py,cb6333f11fa6472f7d8034bae9835714e83ae3edde97894b767f1351a7eea99d,11189
isaaclab/source/isaaclab/isaaclab/markers/__init__.py,a62197888abe19af0a5668a178412889c619cf1ad96e2d60739b3ce3a9a3b921,1043
isaaclab/source/isaaclab/isaaclab/markers/config/__init__.py,793778c05a08cd04f3afed879a84c6967158adcc068b1f8db4e1e9e028ed4cdf,4670
isaaclab/source/isaaclab/isaaclab/markers/visualization_markers.py,dd8deaf2f87e6e7a9ba742f99d48324eea045eb5d5bc62f90bad8abf277fef86,20296
isaaclab/source/isaaclab/isaaclab/scene/__init__.py,f7db136cd173cb28bae58e126d2dc63c86ef881d3ad26db7e1bb2c2e116181d9,1796
isaaclab/source/isaaclab/isaaclab/scene/interactive_scene.py,b3b61c5fe84cb47da8b3ae889909ce667c1873119ebdc9a91846b959fb6228ad,36389
isaaclab/source/isaaclab/isaaclab/scene/interactive_scene_cfg.py,87a1e538001574243a6a29daef7b1c09dba154c869e27f315d9b56a11694c357,5198
isaaclab/source/isaaclab/isaaclab/sensors/__init__.py,7195914e59d500fec4d4a538d65500b8b5debd3656bb44611b31b7979ac2ec62,2918
isaaclab/source/isaaclab/isaaclab/sensors/camera/__init__.py,33ceaa8ba6a22bca81565b0d11851e3ca22c5b204cabbf0b55ea5778a9a52102,475
isaaclab/source/isaaclab/isaaclab/sensors/camera/camera.py,a3689cffa01d046b510f7564f7adad972edf6316568b0e323abc2c4f0c4ec354,34548
isaaclab/source/isaaclab/isaaclab/sensors/camera/camera_cfg.py,0f099b9ebf01aa6249060e910661bda35ee4e0d06236d94566786d682d8d55ba,5879
isaaclab/source/isaaclab/isaaclab/sensors/camera/camera_data.py,965037d37fd3c7cc4466068c4e2424de59144ab83b7ab3d89f5b7c23a53ce43f,3085
isaaclab/source/isaaclab/isaaclab/sensors/camera/tiled_camera.py,f3e9205a16a3ba335f9376a57cf4bf0473ecced928d9ac12d9ddeae83961d506,20974
isaaclab/source/isaaclab/isaaclab/sensors/camera/tiled_camera_cfg.py,9f336e066001a8d63334c655c86a645d23f99fac7f446c26eb31439424a106e7,456
isaaclab/source/isaaclab/isaaclab/sensors/camera/utils.py,6ac5b331f9a109bf4522b4e14d8a7bcfe9e7d0207f141e375b419e81ed2cc5cc,12019
isaaclab/source/isaaclab/isaaclab/sensors/contact_sensor/__init__.py,c2a5b4dcec1ae55e0d7af0c0e000724c22b8ec54cf7162f23e4d54c74b7c2052,379
isaaclab/source/isaaclab/isaaclab/sensors/contact_sensor/contact_sensor.py,5bf3b77d2159850526e3833bf50253dbce06cb78b850eae13fb4088dc233760d,26330
isaaclab/source/isaaclab/isaaclab/sensors/contact_sensor/contact_sensor_cfg.py,43a28b82050363e3a1c1c5e6e872fe6eada7bdda19b8992a111bb0a9638bcbef,3537
isaaclab/source/isaaclab/isaaclab/sensors/contact_sensor/contact_sensor_data.py,281e5b6d4028b5c8c58305b1ae525eb6328052652f338295a3a08ed0185a7307,5832
isaaclab/source/isaaclab/isaaclab/sensors/frame_transformer/__init__.py,980b1b2b2f2db93cb390703ec14ab1418945907bdf6ab1f9dce68e4009f4b1e0,412
isaaclab/source/isaaclab/isaaclab/sensors/frame_transformer/frame_transformer.py,fe3b11613014fffcc0c3a3a1e85c226127249af330ca72697ad15ae8a75245b6,27068
isaaclab/source/isaaclab/isaaclab/sensors/frame_transformer/frame_transformer_cfg.py,8aa9d006d355fd1a57090971559c7a99a1f9c8d16704f0bcc2eed60958172961,2832
isaaclab/source/isaaclab/isaaclab/sensors/frame_transformer/frame_transformer_data.py,35cad20e539358d79bc4a75b7dcf186126f53d28d802cd579329ed57180f5828,2005
isaaclab/source/isaaclab/isaaclab/sensors/imu/__init__.py,049c71f58a063fd576edca754ea288120f874d44b985d5eb74078981562112a9,292
isaaclab/source/isaaclab/isaaclab/sensors/imu/imu.py,790510b24f323974820818a94d25f1c341ecf9913f68d76c2a2c9e71356ceb1a,13146
isaaclab/source/isaaclab/isaaclab/sensors/imu/imu_cfg.py,b08b1424e5ac86443983d4b9efa5d2bfd0b715322d0bff154e0d6bc56ab37673,1939
isaaclab/source/isaaclab/isaaclab/sensors/imu/imu_data.py,d702e67b7acf8ed96fb0568c37c016d99e6e6fef58175c2be06b6b4e7ec0dbfc,1647
isaaclab/source/isaaclab/isaaclab/sensors/ray_caster/__init__.py,6b05642fb23c0f943ec12ec6372a156dd29f0ed11fa7a51dc4e3cbcb411d2307,1530
isaaclab/source/isaaclab/isaaclab/sensors/ray_caster/multi_mesh_ray_caster.py,8ec8313b9cd6068e65f41057d569f1d303ced1859860e77368b27d7fc6cf815b,19796
isaaclab/source/isaaclab/isaaclab/sensors/ray_caster/multi_mesh_ray_caster_camera.py,fe7f197cf10b44ef33632af2823859c1ca7cde0613d7d8a9aae3a623c2a70039,10414
isaaclab/source/isaaclab/isaaclab/sensors/ray_caster/multi_mesh_ray_caster_camera_cfg.py,419aa1c8473411bd296746786a03d1c18ed10ad765b819d6c0fb8865fcd61474,1181
isaaclab/source/isaaclab/isaaclab/sensors/ray_caster/multi_mesh_ray_caster_camera_data.py,771cdec71c5877ff0cde6a0519c391f54fbf153afcf8728da6e1360b49c5cd95,735
isaaclab/source/isaaclab/isaaclab/sensors/ray_caster/multi_mesh_ray_caster_cfg.py,46066ef99f81073605b6cf3726180d12f417b00912ad5fc158c56f6dd895236a,2688
isaaclab/source/isaaclab/isaaclab/sensors/ray_caster/multi_mesh_ray_caster_data.py,002d629a93b1ab9b12b77c19c0f4d6fbeed7ae30260b7799f0a3f2f0dc126aad,620
isaaclab/source/isaaclab/isaaclab/sensors/ray_caster/patterns/__init__.py,826ba66bb769b1d320c08b68c1708ce92726f0db503356d436a5a0673c98c194,467
isaaclab/source/isaaclab/isaaclab/sensors/ray_caster/patterns/patterns.py,bf91f91b92d56b0beab13f6192fff051e8674fa83e1e516c377c886f27a9a26d,7467
isaaclab/source/isaaclab/isaaclab/sensors/ray_caster/patterns/patterns_cfg.py,72a90ac9a70dda6b92c3c545bb3213b7f16e077d5a9ea67e434d5caef9e38db2,7736
isaaclab/source/isaaclab/isaaclab/sensors/ray_caster/ray_cast_utils.py,fe585b817897f2d6e1c58a99c266436a2d7242b737e544997c164bbaee621f84,1859
isaaclab/source/isaaclab/isaaclab/sensors/ray_caster/ray_caster.py,b6a84cb0e506f4a4724d3262e0f533ccb31d75128e1e46282220fcfa688e286c,19411
isaaclab/source/isaaclab/isaaclab/sensors/ray_caster/ray_caster_camera.py,6d510326923f4c2718c02fbccedd54fe4d4445f4cc824be429d2ad3248f5060c,20861
isaaclab/source/isaaclab/isaaclab/sensors/ray_caster/ray_caster_camera_cfg.py,49044b6ad948942fea8356d4c91d452faab1ef36c3ba57178006b033cd4a713e,2613
isaaclab/source/isaaclab/isaaclab/sensors/ray_caster/ray_caster_cfg.py,e36993ad29b4790a893d379fe4fa12b33a548c4d9d695884a535568bb7c0d899,4021
isaaclab/source/isaaclab/isaaclab/sensors/ray_caster/ray_caster_data.py,f07add496ff30947c9a8770e540b6c049eefade8378cfafec439dad9cd3c3487,865
isaaclab/source/isaaclab/isaaclab/sensors/sensor_base.py,4716a4b89ed1ac4f640f8744f1e2fcaac2e74d00c2193e0ce24e52c61e5659fc,14173
isaaclab/source/isaaclab/isaaclab/sensors/sensor_base_cfg.py,6971b7f9ac738fff6d7c3dbefef9fd3617c5b783c6740abb4e2e55b1a7877714,1315
isaaclab/source/isaaclab/isaaclab/sim/__init__.py,791f382ef332f3de7c4c1fed850796599fdbceaa65dfe1d86d41bbb722734d6c,1410
isaaclab/source/isaaclab/isaaclab/sim/converters/__init__.py,dd8228f66bde589f58fa4447cc29c6bcce8bc7b2f72a53c58fc12b3286f7fa7f,1117
isaaclab/source/isaaclab/isaaclab/sim/converters/asset_converter_base.py,6b774aeceeed285c2b04bcdf4b3676aa71717df2b3897fdb3eb7da063646ca23,7628
isaaclab/source/isaaclab/isaaclab/sim/converters/asset_converter_base_cfg.py,c221fad2477c49103ef82f01cdddf82bd629e7dcadd86a392cafcfa38c5aebec,1784
isaaclab/source/isaaclab/isaaclab/sim/converters/mesh_converter.py,433eb2d845cfa0499222fc1aaae2455a79288a3cde71f4435d5b572b1336288c,11382
isaaclab/source/isaaclab/isaaclab/sim/converters/mesh_converter_cfg.py,d0abb1e32bb982a65dc120318c2aeff54d35db2976e72fe580cbbb172d45bb8a,1768
isaaclab/source/isaaclab/isaaclab/sim/converters/mjcf_converter.py,eb2d25f0c616376c4e88db59c128abd31670fca9d7dc0a86da45d978ea393114,4103
isaaclab/source/isaaclab/isaaclab/sim/converters/mjcf_converter_cfg.py,233be893bc0b083fa305934f703851d61cc0435fd7e5cc20f05173d2fb745d01,1142
isaaclab/source/isaaclab/isaaclab/sim/converters/urdf_converter.py,37bf84138fbd79ddc0331806d05bedecd5a54531387460b1a230e6ef1ed6cedd,16499
isaaclab/source/isaaclab/isaaclab/sim/converters/urdf_converter_cfg.py,e02850fcd999d1dee6ab1613872be796f2c1be1bb2335f109d9ea6090bb4bb36,5473
isaaclab/source/isaaclab/isaaclab/sim/schemas/__init__.py,67d36d4c77591076c971aa54f06972fc132d720095243c19943ad6a1f593fb3e,4486
isaaclab/source/isaaclab/isaaclab/sim/schemas/schemas.py,ba72769e57cae4729074231a9f5d58cfed1679b713fb0bf1bc3a8b35483084ef,45968
isaaclab/source/isaaclab/isaaclab/sim/schemas/schemas_cfg.py,64423a489fbca3a8d612b32e3c0e14241675668cc1e3b7330f78f84e73917d17,26797
isaaclab/source/isaaclab/isaaclab/sim/simulation_cfg.py,d8035df355c576ad7c876789bba54be4ebb361f5c16786a4ec8578143eebc118,18587
isaaclab/source/isaaclab/isaaclab/sim/simulation_context.py,d95f2eaa138b4fff845ac72439caa2eca5deab4f0d5609e06f163d20eef4df93,54473
isaaclab/source/isaaclab/isaaclab/sim/spawners/__init__.py,455ef546ca24217bb58c8628fcb6367c305815829e40ba331ba776cd18ffd6ed,2583
isaaclab/source/isaaclab/isaaclab/sim/spawners/from_files/__init__.py,96dc533b748f89decd6cb98c50622d929f1f10d6c0abaff2ffdd64df365726a8,777
isaaclab/source/isaaclab/isaaclab/sim/spawners/from_files/from_files.py,e521ccb2d09ef8f604b9607090dcf7ac89dddd84ce6488e2c251395321c1fe76,18849
isaaclab/source/isaaclab/isaaclab/sim/spawners/from_files/from_files_cfg.py,e144782c898bd4ac3ddecf27a8ad9e90777204ad713cd2b2bcdbf0dd3b8a121a,8831
isaaclab/source/isaaclab/isaaclab/sim/spawners/lights/__init__.py,053e2988206dbd4c0ba93d822597c456bb19eda8d511d4bcdb76ed2482774061,639
isaaclab/source/isaaclab/isaaclab/sim/spawners/lights/lights.py,e2e9b9e4240c73b745523708c2fe666e38a7021ec13508516ea7f9c20d5df322,3446
isaaclab/source/isaaclab/isaaclab/sim/spawners/lights/lights_cfg.py,0ef4c864a6f0936bb394c497628f21ebf50dbc21e62caeb2dffd49aa95dc0e6d,7036
isaaclab/source/isaaclab/isaaclab/sim/spawners/materials/__init__.py,845410d3f1906ecae05eae863d5ff4428cfd056ece8b506df86d50a946c08d03,3244
isaaclab/source/isaaclab/isaaclab/sim/spawners/materials/physics_materials.py,120c4237c109c9d4e60cf8bcb991ed219f8543db67bdeed15044d6e95763f9f2,5439
isaaclab/source/isaaclab/isaaclab/sim/spawners/materials/physics_materials_cfg.py,0be87dcc50cac3e83d14845064b0dd1f5d7dbeffc09570dd00b0353c5909775f,4640
isaaclab/source/isaaclab/isaaclab/sim/spawners/materials/visual_materials.py,80f54991db81ae68325c61c4a6f7a155fb877a3547a2e788f88586e5c4240e44,6692
isaaclab/source/isaaclab/isaaclab/sim/spawners/materials/visual_materials_cfg.py,a375144d7cc492304809fbb2fce2730277e9eade6393e2452f93805050b00307,4218
isaaclab/source/isaaclab/isaaclab/sim/spawners/meshes/__init__.py,3b2333c2489644855a4ef008ce4d1a9cbccb19615d899807a5df06bd4ead510e,1115
isaaclab/source/isaaclab/isaaclab/sim/spawners/meshes/meshes.py,74fb38e82891612962fe88325b05a14b46de7407a9ac68ca66f4f4084b405140,17050
isaaclab/source/isaaclab/isaaclab/sim/spawners/meshes/meshes_cfg.py,a86fa8cd171b7bb2d13ef4250a84c6506741e2d6586e09528017fdd38f1d3a6c,4424
isaaclab/source/isaaclab/isaaclab/sim/spawners/sensors/__init__.py,89ee86254243452723c560f48e8bf4d68dc468fe7343cde3ab7d31d2c402b072,486
isaaclab/source/isaaclab/isaaclab/sim/spawners/sensors/sensors.py,fc8d49e2cd262091bd013a72163f063b6e6eb3642b91013b24070660e5cbf40d,5973
isaaclab/source/isaaclab/isaaclab/sim/spawners/sensors/sensors_cfg.py,d45dccfd70f2ca175f252ac560889ff1e7884aaab6a5f945cc0f69d0c9b4f786,9182
isaaclab/source/isaaclab/isaaclab/sim/spawners/shapes/__init__.py,c645f0d016722b2194b33aec4d06ee74d23100b45e407b47300142abcecf8850,713
isaaclab/source/isaaclab/isaaclab/sim/spawners/shapes/shapes.py,053227b88000f63f707f6719d81b342bfa59c04ba78126e4e8b6f3760c7df4ca,13957
isaaclab/source/isaaclab/isaaclab/sim/spawners/shapes/shapes_cfg.py,c9a2c0b6a71544d827fda85aec93628c9e39934842c95a260dbee260a520ad95,3268
isaaclab/source/isaaclab/isaaclab/sim/spawners/spawner_cfg.py,243278db0472b480edbfed3b8a7af884e16d0b7e52209d0e7a999d0589606234,4830
isaaclab/source/isaaclab/isaaclab/sim/spawners/wrappers/__init__.py,b4cd19adeb8fb837e4d81028798fa75060ebf89d6395057fdbc91b6e6dc93e91,601
isaaclab/source/isaaclab/isaaclab/sim/spawners/wrappers/wrappers.py,ad9ebf4d77d755e7d6340cf0d383eb7eb22548e43daeddc7865747f6a8deb523,8286
isaaclab/source/isaaclab/isaaclab/sim/spawners/wrappers/wrappers_cfg.py,f563c2efb2cefedc0dc64efc2a27478cda7adf53dcd3c8f26b40f82dff75252b,2585
isaaclab/source/isaaclab/isaaclab/sim/utils/__init__.py,aed38dde78c64b2f8d10f37985c113094bc7b86bbd852a2df23590c86d13398e,497
isaaclab/source/isaaclab/isaaclab/sim/utils/legacy.py,1e3d0940871c37e63f15e8a0cbae4820927c181b83275182f266fa25f673ee0c,10832
isaaclab/source/isaaclab/isaaclab/sim/utils/prims.py,4fe9570093a0310e10f76ad752a58c381b7ac9bb9e30f9b2309c34f605528322,45484
isaaclab/source/isaaclab/isaaclab/sim/utils/queries.py,22a3fba3de1e75e2ecd6cab8b8f70a94758774a485d65529a76f1ea550bbe116,16580
isaaclab/source/isaaclab/isaaclab/sim/utils/semantics.py,ed4eabdb625cd5165742d828a81f07e65ceabc5514059f622190093c9c664735,9826
isaaclab/source/isaaclab/isaaclab/sim/utils/stage.py,17aff7672bddcfdda55d3f6f9c94c95f5469d1ff941e5740bba48161df2be65d,17150
isaaclab/source/isaaclab/isaaclab/sim/utils/transforms.py,5ec30a60599aff82725f43c8968c3d8619adb4b94ccc141f552bf69b683371d0,19773
isaaclab/source/isaaclab/isaaclab/sim/views/__init__.py,a3833e48e3d20cd928ea6e5285b5e326da809e97879d9926eea792988edb78a1,277
isaaclab/source/isaaclab/isaaclab/sim/views/xform_prim_view.py,5a05ccc9322e6f042f2ab669cbaf7fb60712726dfeb0d323913b78c87d3755b3,51055
isaaclab/source/isaaclab/isaaclab/terrains/__init__.py,08b95cde15dc614d2cf3c55e4547c72d520b635a5f1de72558919441b759c3e1,1447
isaaclab/source/isaaclab/isaaclab/terrains/height_field/__init__.py,b4ab485772154f7e1fb415bdf1c2ed7da000babb295dd0e77aaf0c5b3b4cca9d,1707
isaaclab/source/isaaclab/isaaclab/terrains/height_field/hf_terrains.py,830971981a5920d3feed55512d6f2bd820396a16af3476a593d26b97daaaeed1,18808
isaaclab/source/isaaclab/isaaclab/terrains/height_field/hf_terrains_cfg.py,90c254e902656989848af5b36f8b633c9ecd0f9c0f5b3fba8a14bf2a966fa0ff,6139
isaaclab/source/isaaclab/isaaclab/terrains/height_field/utils.py,a8820498ecb5ba6535a27bf3d8c5baf9069d2314d8e7fd9d950f60912e301725,8076
isaaclab/source/isaaclab/isaaclab/terrains/sub_terrain_cfg.py,771ef835c58b7fb7909632c7ce36bda308b0266e812c4fa5c8ed1b4c94a61538,3572
isaaclab/source/isaaclab/isaaclab/terrains/terrain_generator.py,a364d85812a7713b21a94a450f40e8ef5d448bbe652bcb2ee36184b6300c409b,19469
isaaclab/source/isaaclab/isaaclab/terrains/terrain_generator_cfg.py,cd9479064ce5ee830e201da080aeb414847f311f90641cecead82bb60b1e1734,4846
isaaclab/source/isaaclab/isaaclab/terrains/terrain_importer.py,fdc32823ccf4eabfe1cd175bb8f65d85927407f02600d966f9d28d94cee954e5,16874
isaaclab/source/isaaclab/isaaclab/terrains/terrain_importer_cfg.py,afc32c408d8874dc7106d562ec7ceadadaea8bd4ad1bd09ee08132c5127d1dd2,3884
isaaclab/source/isaaclab/isaaclab/terrains/trimesh/__init__.py,cb50dbd7fa4d6401936c2428b2775e7660791ceaa7340105eec09f917df66221,1040
isaaclab/source/isaaclab/isaaclab/terrains/trimesh/mesh_terrains.py,50c1bbc1b319c71cb9a3305f4c52211be9e8c8db9859949e9784806fc26806c3,39258
isaaclab/source/isaaclab/isaaclab/terrains/trimesh/mesh_terrains_cfg.py,19cdd094722b832c96882b395a524d5b633d63c87f9d85c5c001a87b2c5c1d08,10978
isaaclab/source/isaaclab/isaaclab/terrains/trimesh/utils.py,5fe3a0cc6d103ecaaf27b7a8875513b1912ce26e63ef6df4f5ffb38808872b36,7648
isaaclab/source/isaaclab/isaaclab/terrains/utils.py,66e0aa81e6ae33aba16317845537b02eba87684a9ae8cd832323c9bab4481afb,12496
isaaclab/source/isaaclab/isaaclab/ui/widgets/__init__.py,27c705f73295a2dcffc30e433651007659f26801fa65f4c76a3d61070df5a266,371
isaaclab/source/isaaclab/isaaclab/ui/widgets/image_plot.py,f89e8f05c2e9f43ab69d22f37843ce61a000450e1ace0f220432205a4b90e106,13329
isaaclab/source/isaaclab/isaaclab/ui/widgets/line_plot.py,977ff1d6f74478a5153006e676e4cf9e522c2be1f425149b8acb0c9da82191e9,25942
isaaclab/source/isaaclab/isaaclab/ui/widgets/manager_live_visualizer.py,a268e81cac679fade22889dc828bb1fb2049318a11f4c674ea19d6a82cb4d4d6,12266
isaaclab/source/isaaclab/isaaclab/ui/widgets/ui_visualizer_base.py,9006c1b45f313461e3f8434ea6b66f7b1deadc707577e1bfb42c76a557b4c938,5852
isaaclab/source/isaaclab/isaaclab/ui/widgets/ui_widget_wrapper.py,6f956ae4a627c33bdedbe2dfc8ccc335a93ac15db492ea65bf063f0ec89768f3,1397
isaaclab/source/isaaclab/isaaclab/utils/__init__.py,72495baae6a75e60f5feb52b8357973e18ca84697dcc21a08273c63ad4789923,565
isaaclab/source/isaaclab/isaaclab/utils/array.py,5ff4f9ef3ddac60e998fffdeb23195f5fb859937f3d823c225897bc39491025a,3637
isaaclab/source/isaaclab/isaaclab/utils/assets.py,d238b246bce0f6d31f71a138f4a7d60009b24f92010b347d33342ae8f0daab67,7885
isaaclab/source/isaaclab/isaaclab/utils/buffers/__init__.py,583ea945cd4c8dcba12282787399c6666922fdf04867eb2a26a7f3e985053c79,373
isaaclab/source/isaaclab/isaaclab/utils/buffers/circular_buffer.py,7e3d298e9c43fb05edf96ff3bc9333ca1081faacba7d73b412e5edd5ca60198b,7173
isaaclab/source/isaaclab/isaaclab/utils/buffers/delay_buffer.py,648ce0cf011798a1ab4a8980bafbbeba16ef8cf02affbc404c67ff312ac02da2,7497
isaaclab/source/isaaclab/isaaclab/utils/buffers/timestamped_buffer.py,1020269322e63b6383c9782f8cf369cbe8b55f52e081bccd79d03ae52712bd59,1319
isaaclab/source/isaaclab/isaaclab/utils/configclass.py,2054581c2543c0ab3e049d693f863c17f31dd0a2bcb754746675ebf410e1bbfa,17610
isaaclab/source/isaaclab/isaaclab/utils/datasets/__init__.py,b1d4edc574e804158e84d23624e95f111649623f8910755bd696f2b3a027b942,535
isaaclab/source/isaaclab/isaaclab/utils/datasets/dataset_file_handler_base.py,c12d2f55d3125e6c6425e9a3e4d3f3df93fd6cb325941d6122b02fe0bc5ee241,1718
isaaclab/source/isaaclab/isaaclab/utils/datasets/episode_data.py,f01fe8f6b27ac5a2a49fc67310fa911fa9285c31022714aa7d12b7acf6443448,7720
isaaclab/source/isaaclab/isaaclab/utils/datasets/hdf5_dataset_file_handler.py,7250793428126dd5a579fb593501233e30321aa8de3b9716a34a8b2b2aa06ff6,7684
isaaclab/source/isaaclab/isaaclab/utils/dict.py,9eae6bdb0422bac43066916807acc6506f1be2b8a4a387ccbe3dd3baecd71b3c,12964
isaaclab/source/isaaclab/isaaclab/utils/interpolation/__init__.py,405d8610ae1bb2d9c28de20a00e4b7e697f8153f2774672e6de07c85b11f9605,303
isaaclab/source/isaaclab/isaaclab/utils/interpolation/linear_interpolation.py,81a3c43cea2415605bb803c0fa323ceece33d5b29e487177a9c82e18259746b2,4093
isaaclab/source/isaaclab/isaaclab/utils/io/__init__.py,b4e9a014f8f8161caaed0e69e67ec089720e2e10a3918635cd42f228c51bd96e,325
isaaclab/source/isaaclab/isaaclab/utils/io/torchscript.py,6f7e6a033d009bc09b3e86409d669b0a30ac42a24e49b6e67fee41285af73637,1330
isaaclab/source/isaaclab/isaaclab/utils/io/yaml.py,ec1f8ea3c004d0d64310cdee2a64f39f642591e7fce2fd133b60728564eeb576,1635
isaaclab/source/isaaclab/isaaclab/utils/logger.py,1c800c9876973ced42850af89fba68676a920eda27cde94e254d454db32ad63e,6636
isaaclab/source/isaaclab/isaaclab/utils/math.py,881ab27758816475e26d6721bab22c934fd70d0c064392266a90b06f5bbe4149,74431
isaaclab/source/isaaclab/isaaclab/utils/mesh.py,ff1d7ba23e26b5c2eea4ae63e4ef9df0e4b3c7d8c7554658d0d4677a51ff0db2,6763
isaaclab/source/isaaclab/isaaclab/utils/modifiers/__init__.py,85692ff86ce68c792255be52d6c4acd73a9ac2ec4a5f668a871ca6c05f3c6f65,2121
isaaclab/source/isaaclab/isaaclab/utils/modifiers/modifier.py,8acb903c19b39f94929a78cc5548f322c7ce1f8171ea801c87d14f73a8525ddb,9729
isaaclab/source/isaaclab/isaaclab/utils/modifiers/modifier_base.py,b579927cb2221dc7a8c85bb98e983394ffbbb1e6ec40abb6164950435dbae74d,2693
isaaclab/source/isaaclab/isaaclab/utils/modifiers/modifier_cfg.py,d6a951bfaf6455a29d28f3cda522106bfcdbba48c3863656a80d6801090dce28,2770
isaaclab/source/isaaclab/isaaclab/utils/noise/__init__.py,bc9e3079e824e7e1026b8a92d89e98c55eccd99a8a7ee46bc8225c9d8ed69960,1260
isaaclab/source/isaaclab/isaaclab/utils/noise/noise_cfg.py,eae030eebb48a0707c60e333ff0e07d258b477c27c7d1b8d251d8c4f35d19544,3210
isaaclab/source/isaaclab/isaaclab/utils/noise/noise_model.py,25cf3e3a86537b1b0ba480731d6a88ac800ccd824d890a961bf61715dd338571,6828
isaaclab/source/isaaclab/isaaclab/utils/seed.py,ee5fc5e55e8c82c93e6766d35f0fe3825d20bc81a1829f7f83a5354a8c422061,1429
isaaclab/source/isaaclab/isaaclab/utils/sensors.py,24c84a9360f8228c42747263dc2c366bcd195dde701f3414a1115612d3f4754b,2485
isaaclab/source/isaaclab/isaaclab/utils/string.py,4f373a0cbb6c49411c80ff5bdfba4945e5abb4a5a95e88dc30d45875ac69095b,16989
isaaclab/source/isaaclab/isaaclab/utils/timer.py,e10612b1a0f44194738d89d82bab0723170ff3023ec43fed1e2dfaa6308751bf,4817
isaaclab/source/isaaclab/isaaclab/utils/types.py,63da74ae0d9fa4ec69bf515797c0134f43c92237862936cac4d12e0b1f876e26,1383
isaaclab/source/isaaclab/isaaclab/utils/version.py,71fd23a5da11b2cd68d281b338f8547a9684aa79fda8d2b8800b50cfc672e8ac,3069
isaaclab/source/isaaclab/isaaclab/utils/warp/__init__.py,656a936df0c8e28e39558b8d1881fccc1ca47ab780dbfae3257ce755c1e4e0f0,380
isaaclab/source/isaaclab/isaaclab/utils/warp/fabric.py,209522df45e11ef3c6ac8edd571c24a9b6eb76e790812d7f6aaeb80bfa8b302f,8224
isaaclab/source/isaaclab/isaaclab/utils/warp/kernels.py,b38780baabb26b035595e6b6710e26381a18e99ed3bfbbc82887321aee7f82bf,20898
isaaclab/source/isaaclab/isaaclab/utils/warp/ops.py,6202538ae05e3f424a0dfdd4df7e00cc272e4213827cceafa5a0a72df8baea84,16810
isaaclab/source/isaaclab/isaaclab/utils/wrench_composer.py,095ab1fcf374e4bce96b61430f810c83f3519b7225476ce6e0a6ceb403a5f6a8,15262
isaaclab/source/isaaclab_assets/isaaclab_assets/__init__.py,1e2fd788731a682a2fbb67430eec287c05a87bc62ad9bb04f7204ba2ce4568ef,915
isaaclab/source/isaaclab_assets/isaaclab_assets/robots/__init__.py,3678f2b379380b7d27024813c27b24c827552cacca11c81d1fbf9c575bf54eaf,809
isaaclab/source/isaaclab_assets/isaaclab_assets/robots/agibot.py,ffded1a7d2a8cd4c25ec5dc04fa6269fd5695157f16fc90e7f91e97fe0e35bc7,6528
isaaclab/source/isaaclab_assets/isaaclab_assets/robots/agility.py,48ac80936bcc051b4f0570f8aeacef298744b3ea655698d879e8e7e3e69d1974,1016
isaaclab/source/isaaclab_assets/isaaclab_assets/robots/allegro.py,90b9af4ae2d9db9ac1cf86e33a3735e4522a824557d5c0c7aa313cc64dd3adbe,2193
isaaclab/source/isaaclab_assets/isaaclab_assets/robots/ant.py,de3c4c9c62b0aea5a7648ed12580d35b477ca38446d5fb57e2695bdb9fd70f73,1710
isaaclab/source/isaaclab_assets/isaaclab_assets/robots/anymal.py,ed831d6cde67af9a5e6257b6b5427bb10a1cf399d9e9ec5def82a3dcf72a92ee,6242
isaaclab/source/isaaclab_assets/isaaclab_assets/robots/cart_double_pendulum.py,87dc03a4fe836c32d28538d638d513c29701f1e4d26c14947164a97db1755e03,2005
isaaclab/source/isaaclab_assets/isaaclab_assets/robots/cartpole.py,c8ce39af31ccd1f27c8f036085a92660572e073da5b67d612800d247bd14c3fb,1731
isaaclab/source/isaaclab_assets/isaaclab_assets/robots/cassie.py,c88b405cd5a58ce02b009c6ee4b3f05c25c82af8f2c9d763d5e97cadfd30a9f5,2938
isaaclab/source/isaaclab_assets/isaaclab_assets/robots/fourier.py,713b0642729a9cc4b97e8a1d758d800590dcbbd75d10ea856e232dfd7ec50b3d,4868
isaaclab/source/isaaclab_assets/isaaclab_assets/robots/franka.py,d7129235b7095b6dc75fd24b359395ad1cc7a13b1e964606309d4624d820fc19,5182
isaaclab/source/isaaclab_assets/isaaclab_assets/robots/galbot.py,3695bf54675222a1a34d0247d1520f67a49b17067ee7eeb87560f08494a52526,3431
isaaclab/source/isaaclab_assets/isaaclab_assets/robots/humanoid.py,7ee1769ca0a498b75879b930f1af1cccd7b0414633998d58a35ecc4e4733dfac,2229
isaaclab/source/isaaclab_assets/isaaclab_assets/robots/humanoid_28.py,ee05f30fd16bf9c72af5d07c6025529ec06a21ec85126afe9189fd1aec6d3e30,1590
isaaclab/source/isaaclab_assets/isaaclab_assets/robots/kinova.py,4d94785569939246245858a57df8bfabca07f85231dcb343469ffb43cc50e9dc,5831
isaaclab/source/isaaclab_assets/isaaclab_assets/robots/kuka_allegro.py,b80042299caf8b257d2b8f904806f028c623cd4e75b9fac391dac1eeba6e0f89,4009
isaaclab/source/isaaclab_assets/isaaclab_assets/robots/pick_and_place.py,cd628bdc0729321ddbf1eabb8a8402ebd4ba2c6df988ab47527964fb6ec4cb0c,2156
isaaclab/source/isaaclab_assets/isaaclab_assets/robots/quadcopter.py,b36ebdc4a75c670cf503496734c022ade078c77f9d4c68dcd2e1fe6d8a620c72,1682
isaaclab/source/isaaclab_assets/isaaclab_assets/robots/ridgeback_franka.py,a38add3498f746ed47c295dbd71e4f847a838058d6839452063825c9ec4bbd66,2658
isaaclab/source/isaaclab_assets/isaaclab_assets/robots/sawyer.py,ee48c59f533a24b74afeef1502ad1b02c7a12e9fffed23b48607c07b3029621d,2066
isaaclab/source/isaaclab_assets/isaaclab_assets/robots/shadow_hand.py,1d00e8176c44b371e66fab7469a44f9b0f03c56edf58a8916a3cc4da149513d6,2958
isaaclab/source/isaaclab_assets/isaaclab_assets/robots/spot.py,756e668d2b10dfa5447ca1425b25bd7b776255b76faf3b2b66ffb5fa302bfb32,7008
isaaclab/source/isaaclab_assets/isaaclab_assets/robots/unitree.py,6cb64bee3e04c9c4d46d78ad8e1d6f231115a646d35ef15f7335c15d3694ce26,21017
isaaclab/source/isaaclab_assets/isaaclab_assets/robots/universal_robots.py,557cde18bd81f88fd8cb0a1369067ff2d827aaf288720a19cc1f40c108a6e723,7265
isaaclab/source/isaaclab_assets/isaaclab_assets/sensors/__init__.py,0396ba2d360ae58e99f4c848e17c3f06cee324d0a5cf78290b04b0bcf4c17532,286
isaaclab/source/isaaclab_assets/isaaclab_assets/sensors/gelsight.py,574d65519e7473e91211b523d700bd153dc5b60a615fd49546443e8b173dcc57,1514
isaaclab/source/isaaclab_assets/isaaclab_assets/sensors/velodyne.py,44c5d0a0c20a4643035ad00f9d46243ac53029c40deb0b5eeeb3fb22da9b9e05,780
isaaclab/source/isaaclab_contrib/isaaclab_contrib/__init__.py,ce818a94b0f38d5c2a6bf9bd05a21f758a747ca2a0d51338f4f6623b597f4bd3,1048
isaaclab/source/isaaclab_contrib/isaaclab_contrib/sensors/__init__.py,31a2b8e1161a117944ce9d7decebb7498837ce28d608a45e6908246d7f630576,1433
isaaclab/source/isaaclab_contrib/isaaclab_contrib/sensors/tacsl_sensor/__init__.py,d90868fa6d1e139487c5dc0c70a75240eb619fac220def81a169ecd6daead226,441
isaaclab/source/isaaclab_contrib/isaaclab_contrib/sensors/tacsl_sensor/visuotactile_render.py,032a0443da7fd5c13737490e2060cdce0a8ef8428db87246dd0f6014f97824de,11893
isaaclab/source/isaaclab_contrib/isaaclab_contrib/sensors/tacsl_sensor/visuotactile_sensor.py,3ca6d7f3115772621176aa397286aafc3cab4b8cc576f8ad26280d3a9150a895,41484
isaaclab/source/isaaclab_contrib/isaaclab_contrib/sensors/tacsl_sensor/visuotactile_sensor_cfg.py,829711a6f15429df4a7cbeacfde5b38c82be7e5dc79ff0caf3a6ed05276f0e3e,6888
isaaclab/source/isaaclab_contrib/isaaclab_contrib/sensors/tacsl_sensor/visuotactile_sensor_data.py,73605718b4fb11f23857e086dabdf3e121a7805f8ae9cf342c558667e833b684,1799
isaaclab/source/isaaclab_mimic/isaaclab_mimic/__init__.py,2fd2dd3e0b2579b631e0631f397034724d61488b621ae2d2494711cb598a9c0a,290
isaaclab/source/isaaclab_rl/isaaclab_rl/__init__.py,771f959224f9cb8d07376d6fb5c70bb682cf0af30730bf14ae4c26bd1b299ed1,1249
isaaclab/source/isaaclab_tasks/isaaclab_tasks/__init__.py,2b354ae9e064ee477f4894652f1fc6558c9ddb5103c8c664224b36047923d3f5,1434
isaaclab/source/isaaclab_tasks/isaaclab_tasks/direct/__init__.py,763cd703b2e6f692d5b622a811208545ea2a42f23e5fb67b0a2efd09a49ff160,256
isaaclab/source/isaaclab_tasks/isaaclab_tasks/direct/allegro_hand/__init__.py,ae4c42253a8ee3d341f394f1ad279372ab8e4cf7cf5fb73607923e85d6340b5d,921
isaaclab/source/isaaclab_tasks/isaaclab_tasks/direct/allegro_hand/agents/__init__.py,3be19bd191a2d8780967a91b0d6e6fe4c6d74ad8b54efef94c33f6c2ebd6078b,192
isaaclab/source/isaaclab_tasks/isaaclab_tasks/direct/ant/__init__.py,987dbbd65ecaef4cc88df38a32fb068bf0f3b067c1bec3949a1ae8a4b60db9fc,758
isaaclab/source/isaaclab_tasks/isaaclab_tasks/direct/ant/agents/__init__.py,3be19bd191a2d8780967a91b0d6e6fe4c6d74ad8b54efef94c33f6c2ebd6078b,192
isaaclab/source/isaaclab_tasks/isaaclab_tasks/direct/anymal_c/__init__.py,513a76ff367864cce9908b2b24a188f680b7f6fe77ff797cd4feb8c0f66ce323,1335
isaaclab/source/isaaclab_tasks/isaaclab_tasks/direct/anymal_c/agents/__init__.py,3be19bd191a2d8780967a91b0d6e6fe4c6d74ad8b54efef94c33f6c2ebd6078b,192
isaaclab/source/isaaclab_tasks/isaaclab_tasks/direct/automate/__init__.py,c4f7b7c75d6c8e1a9496260a276287213124a9f9ef227c9cd95a4e6f18a43ef0,933
isaaclab/source/isaaclab_tasks/isaaclab_tasks/direct/automate/agents/__init__.py,3be19bd191a2d8780967a91b0d6e6fe4c6d74ad8b54efef94c33f6c2ebd6078b,192
isaaclab/source/isaaclab_tasks/isaaclab_tasks/direct/cart_double_pendulum/__init__.py,c6e0466bd4a30f16b1fde1262f1a6583830985f27cb87f1fa466cec3b2c52b10,940
isaaclab/source/isaaclab_tasks/isaaclab_tasks/direct/cart_double_pendulum/agents/__init__.py,3be19bd191a2d8780967a91b0d6e6fe4c6d74ad8b54efef94c33f6c2ebd6078b,192
isaaclab/source/isaaclab_tasks/isaaclab_tasks/direct/cartpole/__init__.py,44987edf8a99ee7b90e21a28b894fd5c15db2a1a961ca542ef8c17db7f2d59a2,1742
isaaclab/source/isaaclab_tasks/isaaclab_tasks/direct/cartpole/agents/__init__.py,3be19bd191a2d8780967a91b0d6e6fe4c6d74ad8b54efef94c33f6c2ebd6078b,192
isaaclab/source/isaaclab_tasks/isaaclab_tasks/direct/cartpole_showcase/__init__.py,f5d01dc2a337b7030baa8c63c2008a775a9efbdc0d971cb76d332ff4ea0fe688,337
isaaclab/source/isaaclab_tasks/isaaclab_tasks/direct/cartpole_showcase/cartpole/__init__.py,271560175c776a9a7b152602518a9e32ea922dde1191470039b804a51e13a2f6,6035
isaaclab/source/isaaclab_tasks/isaaclab_tasks/direct/cartpole_showcase/cartpole/agents/__init__.py,3be19bd191a2d8780967a91b0d6e6fe4c6d74ad8b54efef94c33f6c2ebd6078b,192
isaaclab/source/isaaclab_tasks/isaaclab_tasks/direct/cartpole_showcase/cartpole_camera/__init__.py,05bf8d5f93177cbb7cbe708e43e04e67554e0f850435d1fefb863dccf1e154bb,3944
isaaclab/source/isaaclab_tasks/isaaclab_tasks/direct/cartpole_showcase/cartpole_camera/agents/__init__.py,3be19bd191a2d8780967a91b0d6e6fe4c6d74ad8b54efef94c33f6c2ebd6078b,192
isaaclab/source/isaaclab_tasks/isaaclab_tasks/direct/factory/__init__.py,2457d1c9c84a53e50e5b0188ab7b918876af7b03b9e1ef336e7b33dc9bf43c79,1266
isaaclab/source/isaaclab_tasks/isaaclab_tasks/direct/factory/agents/__init__.py,3be19bd191a2d8780967a91b0d6e6fe4c6d74ad8b54efef94c33f6c2ebd6078b,192
isaaclab/source/isaaclab_tasks/isaaclab_tasks/direct/forge/__init__.py,71ea8d33e10895f0a1e7629715d64451c2d6592230822bf1032df0d1a99cd2c8,1247
isaaclab/source/isaaclab_tasks/isaaclab_tasks/direct/forge/agents/__init__.py,3be19bd191a2d8780967a91b0d6e6fe4c6d74ad8b54efef94c33f6c2ebd6078b,192
isaaclab/source/isaaclab_tasks/isaaclab_tasks/direct/franka_cabinet/__init__.py,0377670f9d49862468bd239f1dd4b49eff7df2336e662cdf50cc2d31eafce985,820
isaaclab/source/isaaclab_tasks/isaaclab_tasks/direct/franka_cabinet/agents/__init__.py,3be19bd191a2d8780967a91b0d6e6fe4c6d74ad8b54efef94c33f6c2ebd6078b,192
isaaclab/source/isaaclab_tasks/isaaclab_tasks/direct/humanoid/__init__.py,9bee1e0f830d0de9cc05f1c8a3cac36daafbac2c56c5b0b4580c757870661fde,793
isaaclab/source/isaaclab_tasks/isaaclab_tasks/direct/humanoid/agents/__init__.py,3be19bd191a2d8780967a91b0d6e6fe4c6d74ad8b54efef94c33f6c2ebd6078b,192
isaaclab/source/isaaclab_tasks/isaaclab_tasks/direct/humanoid_amp/__init__.py,7a4a71f129ecdcc2521b835f9095e70e6d415d7d1debc60ad6e45a3e5615eafb,1353
isaaclab/source/isaaclab_tasks/isaaclab_tasks/direct/humanoid_amp/agents/__init__.py,3be19bd191a2d8780967a91b0d6e6fe4c6d74ad8b54efef94c33f6c2ebd6078b,192
isaaclab/source/isaaclab_tasks/isaaclab_tasks/direct/inhand_manipulation/__init__.py,3be19bd191a2d8780967a91b0d6e6fe4c6d74ad8b54efef94c33f6c2ebd6078b,192
isaaclab/source/isaaclab_tasks/isaaclab_tasks/direct/locomotion/__init__.py,3be19bd191a2d8780967a91b0d6e6fe4c6d74ad8b54efef94c33f6c2ebd6078b,192
isaaclab/source/isaaclab_tasks/isaaclab_tasks/direct/quadcopter/__init__.py,1cd4d4087adfd9ba2cf8b7968fa492f9c35235463d469b5e703f393c7809f8c2,795
isaaclab/source/isaaclab_tasks/isaaclab_tasks/direct/quadcopter/agents/__init__.py,3be19bd191a2d8780967a91b0d6e6fe4c6d74ad8b54efef94c33f6c2ebd6078b,192
isaaclab/source/isaaclab_tasks/isaaclab_tasks/direct/shadow_hand/__init__.py,ff9e5cab1c1ddf5cb06af7655582d979f2793973a33700b0d48f6a5983ced8b0,2827
isaaclab/source/isaaclab_tasks/isaaclab_tasks/direct/shadow_hand/agents/__init__.py,3be19bd191a2d8780967a91b0d6e6fe4c6d74ad8b54efef94c33f6c2ebd6078b,192
isaaclab/source/isaaclab_tasks/isaaclab_tasks/direct/shadow_hand_over/__init__.py,26d705ffcd128deca342cc12ba3c49a0f09da11ebc7ed9386e96ee7a963a65ec,895
isaaclab/source/isaaclab_tasks/isaaclab_tasks/direct/shadow_hand_over/agents/__init__.py,3be19bd191a2d8780967a91b0d6e6fe4c6d74ad8b54efef94c33f6c2ebd6078b,192
isaaclab/source/isaaclab_tasks/isaaclab_tasks/manager_based/__init__.py,20ca2a1ee73b8bb4f52e8b337bfe0a3635eebd4e6b9280f20aa5d8ea4c8006a9,262
isaaclab/source/isaaclab_tasks/isaaclab_tasks/manager_based/classic/__init__.py,b1951638030e522c8c7013437b04505e997271f5cf66403d0dacaae51afe305f,385
isaaclab/source/isaaclab_tasks/isaaclab_tasks/manager_based/classic/ant/__init__.py,87a6771771e06eb837848dd687791379e958053b292e9087de62788cf26727c6,861
isaaclab/source/isaaclab_tasks/isaaclab_tasks/manager_based/classic/ant/agents/__init__.py,3be19bd191a2d8780967a91b0d6e6fe4c6d74ad8b54efef94c33f6c2ebd6078b,192
isaaclab/source/isaaclab_tasks/isaaclab_tasks/manager_based/classic/cartpole/__init__.py,650bbc7bae68220d8a43fd56737af1cf04c36f0ff66d8441de305e4b7cb93b66,2332
isaaclab/source/isaaclab_tasks/isaaclab_tasks/manager_based/classic/cartpole/agents/__init__.py,3be19bd191a2d8780967a91b0d6e6fe4c6d74ad8b54efef94c33f6c2ebd6078b,192
isaaclab/source/isaaclab_tasks/isaaclab_tasks/manager_based/classic/humanoid/__init__.py,9dc45fe5bfc6fea8460b46e152b799c54339302ec49646b77b9d2db5082ecc6c,891
isaaclab/source/isaaclab_tasks/isaaclab_tasks/manager_based/classic/humanoid/agents/__init__.py,3be19bd191a2d8780967a91b0d6e6fe4c6d74ad8b54efef94c33f6c2ebd6078b,192
isaaclab/source/isaaclab_tasks/isaaclab_tasks/manager_based/drone_arl/__init__.py,7c9f4133a83ef73b86084ef626be82c68af8f35a8328e85380a3e46c3edce5e8,223
isaaclab/source/isaaclab_tasks/isaaclab_tasks/manager_based/drone_arl/track_position_state_based/__init__.py,2c451c998aa6b91bcc5a784e74d442958ec7e6f17bf914c67e12276fff209203,243
isaaclab/source/isaaclab_tasks/isaaclab_tasks/manager_based/drone_arl/track_position_state_based/config/__init__.py,1889bfcab850e027451fbf527e23aa89779d3f88a2bca34bcb695be88f4e2c2d,252
isaaclab/source/isaaclab_tasks/isaaclab_tasks/manager_based/drone_arl/track_position_state_based/config/arl_robot_1/__init__.py,01bf0136cb0b5a6381204c880307ca26d9fa96e33a5dd667f9d13f6a831c1264,1325
isaaclab/source/isaaclab_tasks/isaaclab_tasks/manager_based/drone_arl/track_position_state_based/config/arl_robot_1/agents/__init__.py,3be19bd191a2d8780967a91b0d6e6fe4c6d74ad8b54efef94c33f6c2ebd6078b,192
isaaclab/source/isaaclab_tasks/isaaclab_tasks/manager_based/locomanipulation/__init__.py,f57dd65b0c6b8d96add39a7719c53ea07552a04dfefa0672e09e31d29e39bb28,328
isaaclab/source/isaaclab_tasks/isaaclab_tasks/manager_based/locomanipulation/tracking/__init__.py,3be19bd191a2d8780967a91b0d6e6fe4c6d74ad8b54efef94c33f6c2ebd6078b,192
isaaclab/source/isaaclab_tasks/isaaclab_tasks/manager_based/locomanipulation/tracking/config/__init__.py,3be19bd191a2d8780967a91b0d6e6fe4c6d74ad8b54efef94c33f6c2ebd6078b,192
isaaclab/source/isaaclab_tasks/isaaclab_tasks/manager_based/locomanipulation/tracking/config/digit/__init__.py,e8b24fb22c7fa3dfbbb6d3e9804a653cce95fb8c94ce90e29d3b0591015d4fcf,977
isaaclab/source/isaaclab_tasks/isaaclab_tasks/manager_based/locomanipulation/tracking/config/digit/agents/__init__.py,3be19bd191a2d8780967a91b0d6e6fe4c6d74ad8b54efef94c33f6c2ebd6078b,192
isaaclab/source/isaaclab_tasks/isaaclab_tasks/manager_based/locomotion/__init__.py,77761a31a3b176f6a28e324ee0968c0801da65eefb3b3ed2c45ae968844b7a08,275
isaaclab/source/isaaclab_tasks/isaaclab_tasks/manager_based/locomotion/velocity/__init__.py,30655f2bacab4bb0bd8efe267d0e498a7d9b3405ebfe3091131644b36c3afadb,406
isaaclab/source/isaaclab_tasks/isaaclab_tasks/manager_based/locomotion/velocity/config/__init__.py,bd4924a34ae7e9b566918b5ae225217c0ffd2bf399c1dcd4eb06bf72fc0f2aea,433
isaaclab/source/isaaclab_tasks/isaaclab_tasks/manager_based/locomotion/velocity/config/a1/__init__.py,5a63e12642c86e45bc1be9ccbea930210493d273f6e8281b77e1028ac00ebe67,2245
isaaclab/source/isaaclab_tasks/isaaclab_tasks/manager_based/locomotion/velocity/config/a1/agents/__init__.py,3be19bd191a2d8780967a91b0d6e6fe4c6d74ad8b54efef94c33f6c2ebd6078b,192
isaaclab/source/isaaclab_tasks/isaaclab_tasks/manager_based/locomotion/velocity/config/anymal_b/__init__.py,b985656735f3b61d04f3721eb40ff76c648ed472a9dac3bfadeef2b7211a047e,2474
isaaclab/source/isaaclab_tasks/isaaclab_tasks/manager_based/locomotion/velocity/config/anymal_b/agents/__init__.py,3be19bd191a2d8780967a91b0d6e6fe4c6d74ad8b54efef94c33f6c2ebd6078b,192
isaaclab/source/isaaclab_tasks/isaaclab_tasks/manager_based/locomotion/velocity/config/anymal_c/__init__.py,637ac103103bf246a73e66eb823dbe22dd33d77214175286fab62f74630999f3,2817
isaaclab/source/isaaclab_tasks/isaaclab_tasks/manager_based/locomotion/velocity/config/anymal_c/agents/__init__.py,3be19bd191a2d8780967a91b0d6e6fe4c6d74ad8b54efef94c33f6c2ebd6078b,192
isaaclab/source/isaaclab_tasks/isaaclab_tasks/manager_based/locomotion/velocity/config/anymal_d/__init__.py,a0915ef0c1f96fe9cf4669a17073f5ef87da93d9acb2b84e664e34f9852d5139,2775
isaaclab/source/isaaclab_tasks/isaaclab_tasks/manager_based/locomotion/velocity/config/anymal_d/agents/__init__.py,3be19bd191a2d8780967a91b0d6e6fe4c6d74ad8b54efef94c33f6c2ebd6078b,192
isaaclab/source/isaaclab_tasks/isaaclab_tasks/manager_based/locomotion/velocity/config/cassie/__init__.py,94a5b1ed43d3332f21026f426e7e26f159d9148556101159aa555ff0c7d00215,1925
isaaclab/source/isaaclab_tasks/isaaclab_tasks/manager_based/locomotion/velocity/config/cassie/agents/__init__.py,3be19bd191a2d8780967a91b0d6e6fe4c6d74ad8b54efef94c33f6c2ebd6078b,192
isaaclab/source/isaaclab_tasks/isaaclab_tasks/manager_based/locomotion/velocity/config/digit/__init__.py,65ebcd3f4d2fffb65d6d7dd6606c0fa0a1e73cfdf55e764a14716a6d4cac028d,1605
isaaclab/source/isaaclab_tasks/isaaclab_tasks/manager_based/locomotion/velocity/config/digit/agents/__init__.py,3be19bd191a2d8780967a91b0d6e6fe4c6d74ad8b54efef94c33f6c2ebd6078b,192
isaaclab/source/isaaclab_tasks/isaaclab_tasks/manager_based/locomotion/velocity/config/g1/__init__.py,6f9f656de8f4ad0f75f0a0773ff8be337424811ab8d5e3bc9e674d95b39fac54,1880
isaaclab/source/isaaclab_tasks/isaaclab_tasks/manager_based/locomotion/velocity/config/g1/agents/__init__.py,3be19bd191a2d8780967a91b0d6e6fe4c6d74ad8b54efef94c33f6c2ebd6078b,192
isaaclab/source/isaaclab_tasks/isaaclab_tasks/manager_based/locomotion/velocity/config/go1/__init__.py,772e8d86ba4b243ea5e2f0571b3aa9f24e19f3639caa114f4d6d0b957288e1e0,1977
isaaclab/source/isaaclab_tasks/isaaclab_tasks/manager_based/locomotion/velocity/config/go1/agents/__init__.py,3be19bd191a2d8780967a91b0d6e6fe4c6d74ad8b54efef94c33f6c2ebd6078b,192
isaaclab/source/isaaclab_tasks/isaaclab_tasks/manager_based/locomotion/velocity/config/go2/__init__.py,2a36bc82637c3c98f50857ec3f158e0649b564f0bcef23a3aefca55c6f8f3627,1977
isaaclab/source/isaaclab_tasks/isaaclab_tasks/manager_based/locomotion/velocity/config/go2/agents/__init__.py,3be19bd191a2d8780967a91b0d6e6fe4c6d74ad8b54efef94c33f6c2ebd6078b,192
isaaclab/source/isaaclab_tasks/isaaclab_tasks/manager_based/locomotion/velocity/config/h1/__init__.py,a5500f5063bb8e21c46e6740ff430688a3a395a08fb83e46020d89977d9ba5d9,1880
isaaclab/source/isaaclab_tasks/isaaclab_tasks/manager_based/locomotion/velocity/config/h1/agents/__init__.py,3be19bd191a2d8780967a91b0d6e6fe4c6d74ad8b54efef94c33f6c2ebd6078b,192
isaaclab/source/isaaclab_tasks/isaaclab_tasks/manager_based/locomotion/velocity/config/spot/__init__.py,daeefc7978a1ad565504429b5ce508cd34333119ed7c0d73140db6fee72393b1,1083
isaaclab/source/isaaclab_tasks/isaaclab_tasks/manager_based/locomotion/velocity/config/spot/agents/__init__.py,3be19bd191a2d8780967a91b0d6e6fe4c6d74ad8b54efef94c33f6c2ebd6078b,192
isaaclab/source/isaaclab_tasks/isaaclab_tasks/manager_based/manipulation/__init__.py,1e4e4904c9c4e2062647affb393e87d84433c05fe0d27f69fb2ed4b86a7f8170,277
isaaclab/source/isaaclab_tasks/isaaclab_tasks/manager_based/manipulation/cabinet/__init__.py,8a658ebc687703bc71fa8b53b2a00ff256cdd5b36307a077daf036d970714c0e,255
isaaclab/source/isaaclab_tasks/isaaclab_tasks/manager_based/manipulation/cabinet/config/__init__.py,7add7a9c575fdf733fac8787d6cc616257d20eeeb924a1c2fd0823167c2fed0e,419
isaaclab/source/isaaclab_tasks/isaaclab_tasks/manager_based/manipulation/cabinet/config/franka/__init__.py,a394f3bcc95ad4c7f919694732844d1fd7d1daf401c9c5194f37258c451c2597,1876
isaaclab/source/isaaclab_tasks/isaaclab_tasks/manager_based/manipulation/cabinet/config/franka/agents/__init__.py,3be19bd191a2d8780967a91b0d6e6fe4c6d74ad8b54efef94c33f6c2ebd6078b,192
isaaclab/source/isaaclab_tasks/isaaclab_tasks/manager_based/manipulation/cabinet/config/openarm/__init__.py,9c7490c0e7872df3fd83b3d0315876190213f233ceedba4a94cd75d4c8d523ac,1157
isaaclab/source/isaaclab_tasks/isaaclab_tasks/manager_based/manipulation/cabinet/config/openarm/agents/__init__.py,3be19bd191a2d8780967a91b0d6e6fe4c6d74ad8b54efef94c33f6c2ebd6078b,192
isaaclab/source/isaaclab_tasks/isaaclab_tasks/manager_based/manipulation/deploy/__init__.py,7e0a4a367f1f806c3a030a2c431bd4601e70d88d2e646203a86b1c326375af42,556
isaaclab/source/isaaclab_tasks/isaaclab_tasks/manager_based/manipulation/deploy/gear_assembly/__init__.py,c53413884de61eb86956158398c11e473559e1416a0c13d67c1b5dc09e15f947,229
isaaclab/source/isaaclab_tasks/isaaclab_tasks/manager_based/manipulation/deploy/gear_assembly/config/__init__.py,e6442a72d0139f3af3ac0709d13361a64f1b904b10c7789dfaff1c1c2cca19ca,431
isaaclab/source/isaaclab_tasks/isaaclab_tasks/manager_based/manipulation/deploy/gear_assembly/config/ur_10e/__init__.py,53f8f77bed48ec8695faaab6e820b3ceace0134c69e9b7535d419202055f468b,2476
isaaclab/source/isaaclab_tasks/isaaclab_tasks/manager_based/manipulation/deploy/gear_assembly/config/ur_10e/agents/__init__.py,148e74d61c3cdd4089d04f82bfb6c225397f2d281052db9bb53dedff4e349471,192
isaaclab/source/isaaclab_tasks/isaaclab_tasks/manager_based/manipulation/deploy/reach/__init__.py,eee11b3f6ddc03e6b4f4700bc6c1344cd7f3a4346e501452562eef5afc77f34c,273
isaaclab/source/isaaclab_tasks/isaaclab_tasks/manager_based/manipulation/deploy/reach/config/__init__.py,78f439f44d61c59f8f67671a7d7b16647118be2ff4e85236e45ce8c53076091a,285
isaaclab/source/isaaclab_tasks/isaaclab_tasks/manager_based/manipulation/deploy/reach/config/ur_10e/__init__.py,628b195861b0df6c7a6132543ddddd49ff21f5807ef000e9f17a4faf962fc3cf,1299
isaaclab/source/isaaclab_tasks/isaaclab_tasks/manager_based/manipulation/deploy/reach/config/ur_10e/agents/__init__.py,148e74d61c3cdd4089d04f82bfb6c225397f2d281052db9bb53dedff4e349471,192
isaaclab/source/isaaclab_tasks/isaaclab_tasks/manager_based/manipulation/dexsuite/__init__.py,7e72e9b94dfbc92aac1a9dbf7b9082d3c201e1a75d444fb24f8d0bb80e349639,848
isaaclab/source/isaaclab_tasks/isaaclab_tasks/manager_based/manipulation/dexsuite/config/__init__.py,780bb6d57c7654ea28d44df6bc0faba7027590dbd1e01d5350198e77ec791de4,420
isaaclab/source/isaaclab_tasks/isaaclab_tasks/manager_based/manipulation/dexsuite/config/kuka_allegro/__init__.py,2203fff9dd51387ab9fdc541e8196121794633f60ca0e6913abbf407d0da418e,2216
isaaclab/source/isaaclab_tasks/isaaclab_tasks/manager_based/manipulation/dexsuite/config/kuka_allegro/agents/__init__.py,3be19bd191a2d8780967a91b0d6e6fe4c6d74ad8b54efef94c33f6c2ebd6078b,192
isaaclab/source/isaaclab_tasks/isaaclab_tasks/manager_based/manipulation/inhand/__init__.py,5f4709011ce8860c2f6eaa2db5fbcfe686b92d21f5c498c3fc911186c3694a54,570
isaaclab/source/isaaclab_tasks/isaaclab_tasks/manager_based/manipulation/inhand/config/__init__.py,0138a891357abd2ebc42046ceefcc21db6544dd54c9153c00f29352aaa5db67c,428
isaaclab/source/isaaclab_tasks/isaaclab_tasks/manager_based/manipulation/inhand/config/allegro_hand/__init__.py,830e1f7e15ea72af57d2a50d6623435a02b50f064a1f5166fa6f0b0902a8b5a4,2393
isaaclab/source/isaaclab_tasks/isaaclab_tasks/manager_based/manipulation/inhand/config/allegro_hand/agents/__init__.py,3be19bd191a2d8780967a91b0d6e6fe4c6d74ad8b54efef94c33f6c2ebd6078b,192
isaaclab/source/isaaclab_tasks/isaaclab_tasks/manager_based/manipulation/lift/__init__.py,0e8288e331d2a5762578835244557e602128829384e4a59591ed42357c0d6c7c,423
isaaclab/source/isaaclab_tasks/isaaclab_tasks/manager_based/manipulation/lift/config/__init__.py,0e8288e331d2a5762578835244557e602128829384e4a59591ed42357c0d6c7c,423
isaaclab/source/isaaclab_tasks/isaaclab_tasks/manager_based/manipulation/lift/config/franka/__init__.py,815347b41cc74f127009eb36806ea7eb42c4300f8ab9997843c995c4f26cdf74,2346
isaaclab/source/isaaclab_tasks/isaaclab_tasks/manager_based/manipulation/lift/config/franka/agents/__init__.py,3be19bd191a2d8780967a91b0d6e6fe4c6d74ad8b54efef94c33f6c2ebd6078b,192
isaaclab/source/isaaclab_tasks/isaaclab_tasks/manager_based/manipulation/lift/config/openarm/__init__.py,ec384d8a8c41c4bc5eeac2cc8228783fd0ec770d6d9883f049742fd90d48ce88,1157
isaaclab/source/isaaclab_tasks/isaaclab_tasks/manager_based/manipulation/lift/config/openarm/agents/__init__.py,3be19bd191a2d8780967a91b0d6e6fe4c6d74ad8b54efef94c33f6c2ebd6078b,192
isaaclab/source/isaaclab_tasks/isaaclab_tasks/manager_based/manipulation/place/__init__.py,35f769aef85354acff3292eab9c64a971b3471e055ef647b29cda7ad44cc3dcc,417
isaaclab/source/isaaclab_tasks/isaaclab_tasks/manager_based/manipulation/place/config/__init__.py,35f769aef85354acff3292eab9c64a971b3471e055ef647b29cda7ad44cc3dcc,417
isaaclab/source/isaaclab_tasks/isaaclab_tasks/manager_based/manipulation/place/config/agibot/__init__.py,f399e89d06b17f1895701f7d662088fb17cd48e81f0a5233f82ae3a793c556ed,944
isaaclab/source/isaaclab_tasks/isaaclab_tasks/manager_based/manipulation/reach/__init__.py,71e7664e3f71c1eff13ddbbed647e2b156207f8fce6b5c2362334cb527727b23,264
isaaclab/source/isaaclab_tasks/isaaclab_tasks/manager_based/manipulation/reach/config/__init__.py,28b8c5d7059b4a29797168d179270d33ff1aa952e462a35e8b9c44099a5d825b,432
isaaclab/source/isaaclab_tasks/isaaclab_tasks/manager_based/manipulation/reach/config/franka/__init__.py,f09445f3d40de93b15d4cfd15bd7a41c2a1a700c25cc700b9e6eca9b24541620,2547
isaaclab/source/isaaclab_tasks/isaaclab_tasks/manager_based/manipulation/reach/config/franka/agents/__init__.py,3be19bd191a2d8780967a91b0d6e6fe4c6d74ad8b54efef94c33f6c2ebd6078b,192
isaaclab/source/isaaclab_tasks/isaaclab_tasks/manager_based/manipulation/reach/config/openarm/__init__.py,3be19bd191a2d8780967a91b0d6e6fe4c6d74ad8b54efef94c33f6c2ebd6078b,192
isaaclab/source/isaaclab_tasks/isaaclab_tasks/manager_based/manipulation/reach/config/openarm/bimanual/__init__.py,be73dcf148156a34242cb1db5bc6b719d3ef2f1d8bf428753d45fbf0314924e2,1143
isaaclab/source/isaaclab_tasks/isaaclab_tasks/manager_based/manipulation/reach/config/openarm/bimanual/agents/__init__.py,3be19bd191a2d8780967a91b0d6e6fe4c6d74ad8b54efef94c33f6c2ebd6078b,192
isaaclab/source/isaaclab_tasks/isaaclab_tasks/manager_based/manipulation/reach/config/openarm/unimanual/__init__.py,a39f0df6bc911545ca947aba7e4769106dbce7d8036ce1b52fa0cd770f6e774e,1281
isaaclab/source/isaaclab_tasks/isaaclab_tasks/manager_based/manipulation/reach/config/openarm/unimanual/agents/__init__.py,3be19bd191a2d8780967a91b0d6e6fe4c6d74ad8b54efef94c33f6c2ebd6078b,192
isaaclab/source/isaaclab_tasks/isaaclab_tasks/manager_based/manipulation/reach/config/ur_10/__init__.py,f7d12334a103bdc6ff6c3906e1f440d3b05822f99e3453a2137c65767bfa729f,1231
isaaclab/source/isaaclab_tasks/isaaclab_tasks/manager_based/manipulation/reach/config/ur_10/agents/__init__.py,3be19bd191a2d8780967a91b0d6e6fe4c6d74ad8b54efef94c33f6c2ebd6078b,192
isaaclab/source/isaaclab_tasks/isaaclab_tasks/manager_based/manipulation/stack/__init__.py,c68f4e62fd1b54251dc9aae82209e71b014ca7df49d576e00d3353a7918def00,424
isaaclab/source/isaaclab_tasks/isaaclab_tasks/manager_based/manipulation/stack/config/__init__.py,c68f4e62fd1b54251dc9aae82209e71b014ca7df49d576e00d3353a7918def00,424
isaaclab/source/isaaclab_tasks/isaaclab_tasks/manager_based/manipulation/stack/config/franka/__init__.py,8f277c6f11a600ddb2e0244ba2b92267644cbbc53ad06f37dc736c0bc980b54c,3754
isaaclab/source/isaaclab_tasks/isaaclab_tasks/manager_based/manipulation/stack/config/franka/agents/__init__.py,3be19bd191a2d8780967a91b0d6e6fe4c6d74ad8b54efef94c33f6c2ebd6078b,192
isaaclab/source/isaaclab_tasks/isaaclab_tasks/manager_based/manipulation/stack/config/galbot/__init__.py,2ce0a9f2dd249fc59361caf482e72c6f588e34c913bf3bdb0dde42832814730c,2248
isaaclab/source/isaaclab_tasks/isaaclab_tasks/manager_based/manipulation/stack/config/ur10_gripper/__init__.py,754d9bb790b2620ea74e952b7e83c07510aa628d76da4bb5820d22c2efb6efb0,850
isaaclab/source/isaaclab_tasks/isaaclab_tasks/manager_based/navigation/__init__.py,7eb6dfd0b12f2d9f15a365fd07787f1a55ee192bb56cf9e1112cd69f94adb4a2,254
isaaclab/source/isaaclab_tasks/isaaclab_tasks/manager_based/navigation/config/__init__.py,a72be0bb6411f0d467d873d6c2cb183043dd5d9e0897b062c9ed8cbe4bc2af5c,243
isaaclab/source/isaaclab_tasks/isaaclab_tasks/manager_based/navigation/config/anymal_c/__init__.py,ac34870ad1dcf0ba9fb2a179ba79a26f32b076e3a176d66feb0e16a9d34f8a27,1121
isaaclab/source/isaaclab_tasks/isaaclab_tasks/manager_based/navigation/config/anymal_c/agents/__init__.py,3be19bd191a2d8780967a91b0d6e6fe4c6d74ad8b54efef94c33f6c2ebd6078b,192
isaaclab/source/isaaclab_tasks/isaaclab_tasks/utils/__init__.py,6942ee7baf1db45b75a6e29765e67dfdf7a63d823b0c6621cfe347d79e598a54,390
isaaclab/source/isaaclab_tasks/isaaclab_tasks/utils/importer.py,f7749691728e240bbb1556855d3e352d8b47b4baabe29f2184ad45d7166b9da4,3015
isaaclab/source/isaaclab_tasks/isaaclab_tasks/utils/parse_cfg.py,c27b22388d02c1e0a740cd9e8a75fa8aac963c0a3f39f70801e2ace3f5a26b5e,9189
run/run.json,1eb87014b66235bfb5701848acc33a031916b3453cdec5181e0ad3fd036ddef6,1362
unitree/robots/unitree.py,8edce5583d8b1c55547dffaf78f9a1d71ee02cb009aa4cb14d3b3170c6666af8,45624
spike/evidence.py,37fa0f24c183971ac46f0c8658705e2d8dde91132cc394171e966975159ec6f6,3749
spike/pins.json,88705174849926a9040700c3f7a4785ff749f184a797c812afd9eb2d914ed727,791
spike/run_probe.py,d1e46a18c5924bd34f10d0eab7623d64d266dad8f99378948ab62ad39757ecdc,14026
