index,name,group,usd_type,axis,lower_rad_or_m,upper_rad_or_m,default_rad_or_m,prim_path
0,left_hip_pitch_joint,body,PhysicsRevoluteJoint,Y,-2.5306997299194336,2.8797998428344727,-0.05000000074505806,/World/Robot_0/joints/left_hip_pitch_joint
1,right_hip_pitch_joint,body,PhysicsRevoluteJoint,Y,-2.5306997299194336,2.8797998428344727,-0.05000000074505806,/World/Robot_0/joints/right_hip_pitch_joint
2,waist_yaw_joint,body,PhysicsRevoluteJoint,Z,-2.618000030517578,2.618000030517578,0.0,/World/Robot_0/joints/waist_yaw_joint
3,left_hip_roll_joint,body,PhysicsRevoluteJoint,X,-0.5235999226570129,2.967099666595459,0.0,/World/Robot_0/joints/left_hip_roll_joint
4,right_hip_roll_joint,body,PhysicsRevoluteJoint,X,-2.967099666595459,0.5235999226570129,0.0,/World/Robot_0/joints/right_hip_roll_joint
5,waist_roll_joint,body,PhysicsRevoluteJoint,X,-0.5199999213218689,0.5199999213218689,0.0,/World/Robot_0/joints/waist_roll_joint
6,left_hip_yaw_joint,body,PhysicsRevoluteJoint,Z,-2.7576000690460205,2.7576000690460205,0.0,/World/Robot_0/joints/left_hip_yaw_joint
7,right_hip_yaw_joint,body,PhysicsRevoluteJoint,Z,-2.7576000690460205,2.7576000690460205,0.0,/World/Robot_0/joints/right_hip_yaw_joint
8,waist_pitch_joint,body,PhysicsRevoluteJoint,Y,-0.5199999213218689,0.5199999213218689,0.0,/World/Robot_0/joints/waist_pitch_joint
9,left_knee_joint,body,PhysicsRevoluteJoint,Y,-0.08726699650287628,2.8797998428344727,0.20000000298023224,/World/Robot_0/joints/left_knee_joint
10,right_knee_joint,body,PhysicsRevoluteJoint,Y,-0.08726699650287628,2.8797998428344727,0.20000000298023224,/World/Robot_0/joints/right_knee_joint
11,left_shoulder_pitch_joint,body,PhysicsRevoluteJoint,Y,-3.0891997814178467,2.6703999042510986,0.0,/World/Robot_0/joints/left_shoulder_pitch_joint
12,right_shoulder_pitch_joint,body,PhysicsRevoluteJoint,Y,-3.0891997814178467,2.6703999042510986,0.0,/World/Robot_0/joints/right_shoulder_pitch_joint
13,left_ankle_pitch_joint,body,PhysicsRevoluteJoint,Y,-0.8726699352264404,0.5235999226570129,-0.15000000596046448,/World/Robot_0/joints/left_ankle_pitch_joint
14,right_ankle_pitch_joint,body,PhysicsRevoluteJoint,Y,-0.8726699352264404,0.5235999226570129,-0.15000000596046448,/World/Robot_0/joints/right_ankle_pitch_joint
15,left_shoulder_roll_joint,body,PhysicsRevoluteJoint,X,-1.5881999731063843,2.251499652862549,0.0,/World/Robot_0/joints/left_shoulder_roll_joint
16,right_shoulder_roll_joint,body,PhysicsRevoluteJoint,X,-2.251499652862549,1.5881999731063843,0.0,/World/Robot_0/joints/right_shoulder_roll_joint
17,left_ankle_roll_joint,body,PhysicsRevoluteJoint,X,-0.26179996132850647,0.26179996132850647,0.0,/World/Robot_0/joints/left_ankle_roll_joint
18,right_ankle_roll_joint,body,PhysicsRevoluteJoint,X,-0.26179996132850647,0.26179996132850647,0.0,/World/Robot_0/joints/right_ankle_roll_joint
19,left_shoulder_yaw_joint,body,PhysicsRevoluteJoint,Z,-2.618000030517578,2.618000030517578,0.0,/World/Robot_0/joints/left_shoulder_yaw_joint
20,right_shoulder_yaw_joint,body,PhysicsRevoluteJoint,Z,-2.618000030517578,2.618000030517578,0.0,/World/Robot_0/joints/right_shoulder_yaw_joint
21,left_elbow_joint,body,PhysicsRevoluteJoint,Y,-1.0471998453140259,2.0943996906280518,0.0,/World/Robot_0/joints/left_elbow_joint
22,right_elbow_joint,body,PhysicsRevoluteJoint,Y,-1.0471998453140259,2.0943996906280518,0.0,/World/Robot_0/joints/right_elbow_joint
23,left_wrist_roll_joint,body,PhysicsRevoluteJoint,X,-1.972221851348877,1.972221851348877,0.0,/World/Robot_0/joints/left_wrist_roll_joint
24,right_wrist_roll_joint,body,PhysicsRevoluteJoint,X,-1.972221851348877,1.972221851348877,0.0,/World/Robot_0/joints/right_wrist_roll_joint
25,left_wrist_pitch_joint,body,PhysicsRevoluteJoint,Y,-1.6144295930862427,1.6144295930862427,0.0,/World/Robot_0/joints/left_wrist_pitch_joint
26,right_wrist_pitch_joint,body,PhysicsRevoluteJoint,Y,-1.6144295930862427,1.6144295930862427,0.0,/World/Robot_0/joints/right_wrist_pitch_joint
27,left_wrist_yaw_joint,body,PhysicsRevoluteJoint,Z,-1.6144295930862427,1.6144295930862427,0.0,/World/Robot_0/joints/left_wrist_yaw_joint
28,right_wrist_yaw_joint,body,PhysicsRevoluteJoint,Z,-1.6144295930862427,1.6144295930862427,0.0,/World/Robot_0/joints/right_wrist_yaw_joint
29,left_hand_index_0_joint,left_hand,PhysicsRevoluteJoint,Z,-1.5707963705062866,0.0,0.0,/World/Robot_0/joints/left_hand_index_0_joint
30,left_hand_middle_0_joint,left_hand,PhysicsRevoluteJoint,Z,-1.5707963705062866,0.0,0.0,/World/Robot_0/joints/left_hand_middle_0_joint
31,left_hand_thumb_0_joint,left_hand,PhysicsRevoluteJoint,Y,-1.0471975803375244,1.0471975803375244,0.0,/World/Robot_0/joints/left_hand_thumb_0_joint
32,right_hand_index_0_joint,right_hand,PhysicsRevoluteJoint,Z,0.0,1.5707963705062866,0.0,/World/Robot_0/joints/right_hand_index_0_joint
33,right_hand_middle_0_joint,right_hand,PhysicsRevoluteJoint,Z,0.0,1.5707963705062866,0.0,/World/Robot_0/joints/right_hand_middle_0_joint
34,right_hand_thumb_0_joint,right_hand,PhysicsRevoluteJoint,Y,-1.0471975803375244,1.0471975803375244,0.0,/World/Robot_0/joints/right_hand_thumb_0_joint
35,left_hand_index_1_joint,left_hand,PhysicsRevoluteJoint,Z,-1.7453291416168213,0.0,0.0,/World/Robot_0/joints/left_hand_index_1_joint
36,left_hand_middle_1_joint,left_hand,PhysicsRevoluteJoint,Z,-1.7453291416168213,0.0,0.0,/World/Robot_0/joints/left_hand_middle_1_joint
37,left_hand_thumb_1_joint,left_hand,PhysicsRevoluteJoint,Z,-0.6108651757240295,1.0471975803375244,0.0,/World/Robot_0/joints/left_hand_thumb_1_joint
38,right_hand_index_1_joint,right_hand,PhysicsRevoluteJoint,Z,0.0,1.7453291416168213,0.0,/World/Robot_0/joints/right_hand_index_1_joint
39,right_hand_middle_1_joint,right_hand,PhysicsRevoluteJoint,Z,0.0,1.7453291416168213,0.0,/World/Robot_0/joints/right_hand_middle_1_joint
40,right_hand_thumb_1_joint,right_hand,PhysicsRevoluteJoint,Z,-1.0471975803375244,0.6108651757240295,0.0,/World/Robot_0/joints/right_hand_thumb_1_joint
41,left_hand_thumb_2_joint,left_hand,PhysicsRevoluteJoint,Z,0.0,1.7453291416168213,0.0,/World/Robot_0/joints/left_hand_thumb_2_joint
42,right_hand_thumb_2_joint,right_hand,PhysicsRevoluteJoint,Z,-1.7453291416168213,0.0,0.0,/World/Robot_0/joints/right_hand_thumb_2_joint
